[{"fields": {"model": "permission", "name": "permission", "app_label": "auth"}, "model": "contenttypes.contenttype", "pk": 1}, {"fields": {"model": "group", "name": "group", "app_label": "auth"}, "model": "contenttypes.contenttype", "pk": 2}, {"fields": {"model": "user", "name": "user", "app_label": "auth"}, "model": "contenttypes.contenttype", "pk": 3}, {"fields": {"model": "contenttype", "name": "content type", "app_label": "contenttypes"}, "model": "contenttypes.contenttype", "pk": 4}, {"fields": {"model": "session", "name": "session", "app_label": "sessions"}, "model": "contenttypes.contenttype", "pk": 5}, {"fields": {"model": "site", "name": "site", "app_label": "sites"}, "model": "contenttypes.contenttype", "pk": 6}, {"fields": {"model": "logentry", "name": "log entry", "app_label": "admin"}, "model": "contenttypes.contenttype", "pk": 7}, {"fields": {"model": "report", "name": "report", "app_label": "report_builder"}, "model": "contenttypes.contenttype", "pk": 8}, {"fields": {"model": "format", "name": "format", "app_label": "report_builder"}, "model": "contenttypes.contenttype", "pk": 9}, {"fields": {"model": "displayfield", "name": "display field", "app_label": "report_builder"}, "model": "contenttypes.contenttype", "pk": 10}, {"fields": {"model": "filterfield", "name": "filter field", "app_label": "report_builder"}, "model": "contenttypes.contenttype", "pk": 11}, {"fields": {"model": "googlecredentialsmodel", "name": "google credentials model", "app_label": "feed"}, "model": "contenttypes.contenttype", "pk": 12}, {"fields": {"model": "readtype", "name": "read type", "app_label": "read"}, "model": "contenttypes.contenttype", "pk": 13}, {"fields": {"model": "read", "name": "read", "app_label": "read"}, "model": "contenttypes.contenttype", "pk": 14}, {"fields": {"model": "silo", "name": "silo", "app_label": "silo"}, "model": "contenttypes.contenttype", "pk": 15}, {"fields": {"model": "datafield", "name": "data field", "app_label": "silo"}, "model": "contenttypes.contenttype", "pk": 16}, {"fields": {"model": "valuestore", "name": "value store", "app_label": "silo"}, "model": "contenttypes.contenttype", "pk": 17}, {"fields": {"model": "token", "name": "token", "app_label": "readtoken"}, "model": "contenttypes.contenttype", "pk": 18}, {"fields": {"model": "country", "name": "country", "app_label": "activitydb"}, "model": "contenttypes.contenttype", "pk": 19}, {"fields": {"model": "program", "name": "program", "app_label": "activitydb"}, "model": "contenttypes.contenttype", "pk": 20}, {"fields": {"model": "province", "name": "province", "app_label": "activitydb"}, "model": "contenttypes.contenttype", "pk": 21}, {"fields": {"model": "district", "name": "district", "app_label": "activitydb"}, "model": "contenttypes.contenttype", "pk": 22}, {"fields": {"model": "office", "name": "office", "app_label": "activitydb"}, "model": "contenttypes.contenttype", "pk": 23}, {"fields": {"model": "village", "name": "village", "app_label": "activitydb"}, "model": "contenttypes.contenttype", "pk": 24}, {"fields": {"model": "sector", "name": "sector", "app_label": "activitydb"}, "model": "contenttypes.contenttype", "pk": 25}, {"fields": {"model": "community", "name": "community", "app_label": "activitydb"}, "model": "contenttypes.contenttype", "pk": 26}, {"fields": {"model": "capacity", "name": "capacity", "app_label": "activitydb"}, "model": "contenttypes.contenttype", "pk": 27}, {"fields": {"model": "evaluate", "name": "evaluate", "app_label": "activitydb"}, "model": "contenttypes.contenttype", "pk": 28}, {"fields": {"model": "projecttype", "name": "project type", "app_label": "activitydb"}, "model": "contenttypes.contenttype", "pk": 29}, {"fields": {"model": "template", "name": "template", "app_label": "activitydb"}, "model": "contenttypes.contenttype", "pk": 30}, {"fields": {"model": "projectproposal", "name": "project proposal", "app_label": "activitydb"}, "model": "contenttypes.contenttype", "pk": 31}, {"fields": {"model": "projectagreement", "name": "project agreement", "app_label": "activitydb"}, "model": "contenttypes.contenttype", "pk": 32}, {"fields": {"model": "projectcomplete", "name": "project complete", "app_label": "activitydb"}, "model": "contenttypes.contenttype", "pk": 33}, {"fields": {"model": "documentation", "name": "documentation", "app_label": "activitydb"}, "model": "contenttypes.contenttype", "pk": 34}, {"fields": {"model": "benchmarks", "name": "benchmarks", "app_label": "activitydb"}, "model": "contenttypes.contenttype", "pk": 35}, {"fields": {"model": "monitor", "name": "monitor", "app_label": "activitydb"}, "model": "contenttypes.contenttype", "pk": 36}, {"fields": {"model": "budget", "name": "budget", "app_label": "activitydb"}, "model": "contenttypes.contenttype", "pk": 37}, {"fields": {"model": "mergemap", "name": "merge map", "app_label": "activitydb"}, "model": "contenttypes.contenttype", "pk": 38}, {"fields": {"model": "programdashboard", "name": "program dashboard", "app_label": "activitydb"}, "model": "contenttypes.contenttype", "pk": 39}, {"fields": {"model": "trainingattendance", "name": "training attendance", "app_label": "activitydb"}, "model": "contenttypes.contenttype", "pk": 40}, {"fields": {"model": "beneficiary", "name": "beneficiary", "app_label": "activitydb"}, "model": "contenttypes.contenttype", "pk": 41}, {"fields": {"model": "contribution", "name": "contribution", "app_label": "activitydb"}, "model": "contenttypes.contenttype", "pk": 42}, {"fields": {"model": "quantitativeoutputs", "name": "quantitative outputs", "app_label": "activitydb"}, "model": "contenttypes.contenttype", "pk": 43}, {"fields": {"model": "country", "name": "Country", "app_label": "djangocosign"}, "model": "contenttypes.contenttype", "pk": 44}, {"fields": {"model": "office", "name": "Office", "app_label": "djangocosign"}, "model": "contenttypes.contenttype", "pk": 45}, {"fields": {"model": "userprofile", "name": "user profile", "app_label": "djangocosign"}, "model": "contenttypes.contenttype", "pk": 46}, {"fields": {"model": "indicatortype", "name": "indicator type", "app_label": "indicators"}, "model": "contenttypes.contenttype", "pk": 47}, {"fields": {"model": "disaggregationtype", "name": "disaggregation type", "app_label": "indicators"}, "model": "contenttypes.contenttype", "pk": 48}, {"fields": {"model": "reportingfrequency", "name": "reporting frequency", "app_label": "indicators"}, "model": "contenttypes.contenttype", "pk": 49}, {"fields": {"model": "indicator", "name": "indicator", "app_label": "indicators"}, "model": "contenttypes.contenttype", "pk": 50}, {"fields": {"expire_date": "2015-05-07T18:31:48Z", "session_data": "ODdlOGZlNjQ1ZDJmZTc3M2ZiNTlhNjBhZjI3NzE2ZmI5YzE2YzVhNTp7Il9hdXRoX3VzZXJfaGFzaCI6ImU1YWUyZjEzZWNjMjY0Zjg1ZDUxOTg3N2U4ZWEyY2I4M2MwMDQ0N2EiLCJfYXV0aF91c2VyX2JhY2tlbmQiOiJkamFuZ29jb3NpZ24uY29zaWduLkNvc2lnbkJhY2tlbmQiLCJfYXV0aF91c2VyX2lkIjoxfQ=="}, "model": "sessions.session", "pk": "2y57691wg6h5m8pyjnzmuj14hxk1xqmg"}, {"fields": {"expire_date": "2015-05-10T05:40:55Z", "session_data": "MjY4MmQ5NGQzMmQ4ZWJmNTBhYWRhZTQ1YzI3ZmE4ZTFiNjZhZTVhZTp7Il9hdXRoX3VzZXJfaGFzaCI6IjBkM2FjY2MzYWE3ZGEzOTBjZDE1YTZmMDQwM2M2ZTk5MDg4MWVlOWQiLCJfYXV0aF91c2VyX2JhY2tlbmQiOiJkamFuZ29jb3NpZ24uY29zaWduLkNvc2lnbkJhY2tlbmQiLCJfYXV0aF91c2VyX2lkIjo0fQ=="}, "model": "sessions.session", "pk": "4s3qgjg1rpsh31dczbwfryswywtz0dib"}, {"fields": {"expire_date": "2015-05-07T23:25:32Z", "session_data": "ODdlOGZlNjQ1ZDJmZTc3M2ZiNTlhNjBhZjI3NzE2ZmI5YzE2YzVhNTp7Il9hdXRoX3VzZXJfaGFzaCI6ImU1YWUyZjEzZWNjMjY0Zjg1ZDUxOTg3N2U4ZWEyY2I4M2MwMDQ0N2EiLCJfYXV0aF91c2VyX2JhY2tlbmQiOiJkamFuZ29jb3NpZ24uY29zaWduLkNvc2lnbkJhY2tlbmQiLCJfYXV0aF91c2VyX2lkIjoxfQ=="}, "model": "sessions.session", "pk": "5zkub2d2ljqw5z5mkimdt1kyd1936ibx"}, {"fields": {"expire_date": "2015-05-11T09:01:37Z", "session_data": "YzIwYjEyZjhkNGMxMGY0ZDk3M2RlMjU5Zjk5YjMzMmUwNzBjZDNmMzp7Il9hdXRoX3VzZXJfaGFzaCI6IjBkM2FjY2MzYWE3ZGEzOTBjZDE1YTZmMDQwM2M2ZTk5MDg4MWVlOWQiLCJfYXV0aF91c2VyX2JhY2tlbmQiOiJkamFuZ29jb3NpZ24uY29zaWduLkNvc2lnbkJhY2tlbmQiLCJfYXV0aF91c2VyX2lkIjoyfQ=="}, "model": "sessions.session", "pk": "a2xysw4a1uwl62rga00ttv8cwpcmci4v"}, {"fields": {"expire_date": "2015-05-13T05:49:08Z", "session_data": "YTZjODZmM2JiNDQ0NTAzY2U3NDZhZjNmNzA1MWNlNzYwN2YxZGZhMjp7Il9hdXRoX3VzZXJfaGFzaCI6IjBkM2FjY2MzYWE3ZGEzOTBjZDE1YTZmMDQwM2M2ZTk5MDg4MWVlOWQiLCJfYXV0aF91c2VyX2JhY2tlbmQiOiJkamFuZ29jb3NpZ24uY29zaWduLkNvc2lnbkJhY2tlbmQiLCJfYXV0aF91c2VyX2lkIjo2fQ=="}, "model": "sessions.session", "pk": "ftjpheco3dap56rqzngvdyc1igy12tsp"}, {"fields": {"expire_date": "2015-05-19T14:25:30Z", "session_data": "ODdlOGZlNjQ1ZDJmZTc3M2ZiNTlhNjBhZjI3NzE2ZmI5YzE2YzVhNTp7Il9hdXRoX3VzZXJfaGFzaCI6ImU1YWUyZjEzZWNjMjY0Zjg1ZDUxOTg3N2U4ZWEyY2I4M2MwMDQ0N2EiLCJfYXV0aF91c2VyX2JhY2tlbmQiOiJkamFuZ29jb3NpZ24uY29zaWduLkNvc2lnbkJhY2tlbmQiLCJfYXV0aF91c2VyX2lkIjoxfQ=="}, "model": "sessions.session", "pk": "glb9n8cxruaz7avv228b56td4edk5r67"}, {"fields": {"expire_date": "2015-05-10T05:10:40Z", "session_data": "NTE4Y2M2YTViMjEzYjhjODU0YWJjYzRjNmE5NzM0NmNkYmY5OGI4NDp7Il9hdXRoX3VzZXJfaGFzaCI6IjBkM2FjY2MzYWE3ZGEzOTBjZDE1YTZmMDQwM2M2ZTk5MDg4MWVlOWQiLCJfYXV0aF91c2VyX2JhY2tlbmQiOiJkamFuZ29jb3NpZ24uY29zaWduLkNvc2lnbkJhY2tlbmQiLCJfYXV0aF91c2VyX2lkIjozfQ=="}, "model": "sessions.session", "pk": "iwelbvmev3n7jn528k3jkvegedq723g6"}, {"fields": {"expire_date": "2015-05-13T10:20:47Z", "session_data": "YTE4MWM5Y2ZiMmNhMGEyY2VjMGJjNDA0ZjUzZmEwZmNhNTEyYTAwZjp7Il9hdXRoX3VzZXJfaGFzaCI6IjBkM2FjY2MzYWE3ZGEzOTBjZDE1YTZmMDQwM2M2ZTk5MDg4MWVlOWQiLCJfYXV0aF91c2VyX2JhY2tlbmQiOiJkamFuZ29jb3NpZ24uY29zaWduLkNvc2lnbkJhY2tlbmQiLCJfYXV0aF91c2VyX2lkIjo3fQ=="}, "model": "sessions.session", "pk": "kr0eyure285yz40p16xx2rkopa1vjk13"}, {"fields": {"expire_date": "2015-05-10T07:10:59Z", "session_data": "N2NiOTRmZGMzMDdjMWU3ZTY5ZjZmOWI0NTk1ZjliNmZkMDdlYzc4ODp7Il9hdXRoX3VzZXJfaGFzaCI6IjBkM2FjY2MzYWE3ZGEzOTBjZDE1YTZmMDQwM2M2ZTk5MDg4MWVlOWQiLCJfYXV0aF91c2VyX2JhY2tlbmQiOiJkamFuZ29jb3NpZ24uY29zaWduLkNvc2lnbkJhY2tlbmQiLCJfYXV0aF91c2VyX2lkIjo1fQ=="}, "model": "sessions.session", "pk": "li9wg7y2yqu8i9pda5axezm7pq9fb5qe"}, {"fields": {"expire_date": "2015-05-07T19:35:19Z", "session_data": "ODdlOGZlNjQ1ZDJmZTc3M2ZiNTlhNjBhZjI3NzE2ZmI5YzE2YzVhNTp7Il9hdXRoX3VzZXJfaGFzaCI6ImU1YWUyZjEzZWNjMjY0Zjg1ZDUxOTg3N2U4ZWEyY2I4M2MwMDQ0N2EiLCJfYXV0aF91c2VyX2JhY2tlbmQiOiJkamFuZ29jb3NpZ24uY29zaWduLkNvc2lnbkJhY2tlbmQiLCJfYXV0aF91c2VyX2lkIjoxfQ=="}, "model": "sessions.session", "pk": "m7ilzz0g8p9orcgfbnyc8abysw52311l"}, {"fields": {"expire_date": "2015-05-07T21:08:30Z", "session_data": "ODdlOGZlNjQ1ZDJmZTc3M2ZiNTlhNjBhZjI3NzE2ZmI5YzE2YzVhNTp7Il9hdXRoX3VzZXJfaGFzaCI6ImU1YWUyZjEzZWNjMjY0Zjg1ZDUxOTg3N2U4ZWEyY2I4M2MwMDQ0N2EiLCJfYXV0aF91c2VyX2JhY2tlbmQiOiJkamFuZ29jb3NpZ24uY29zaWduLkNvc2lnbkJhY2tlbmQiLCJfYXV0aF91c2VyX2lkIjoxfQ=="}, "model": "sessions.session", "pk": "m9kgcwpyfg0roece16evr9kv4470qxam"}, {"fields": {"expire_date": "2015-05-13T10:55:06Z", "session_data": "OTIxMjk2NGFlM2RjMzgwY2ZiNjZkYmJhYWQ2N2Q2YzZhYzFkOWU4NTp7Il9hdXRoX3VzZXJfaGFzaCI6IjBkM2FjY2MzYWE3ZGEzOTBjZDE1YTZmMDQwM2M2ZTk5MDg4MWVlOWQiLCJfYXV0aF91c2VyX2JhY2tlbmQiOiJkamFuZ29jb3NpZ24uY29zaWduLkNvc2lnbkJhY2tlbmQiLCJfYXV0aF91c2VyX2lkIjo4fQ=="}, "model": "sessions.session", "pk": "nebauhzi62fhe9pxsb4l5tqvgj3bt7yy"}, {"fields": {"expire_date": "2015-05-10T08:44:00Z", "session_data": "YTZjODZmM2JiNDQ0NTAzY2U3NDZhZjNmNzA1MWNlNzYwN2YxZGZhMjp7Il9hdXRoX3VzZXJfaGFzaCI6IjBkM2FjY2MzYWE3ZGEzOTBjZDE1YTZmMDQwM2M2ZTk5MDg4MWVlOWQiLCJfYXV0aF91c2VyX2JhY2tlbmQiOiJkamFuZ29jb3NpZ24uY29zaWduLkNvc2lnbkJhY2tlbmQiLCJfYXV0aF91c2VyX2lkIjo2fQ=="}, "model": "sessions.session", "pk": "ujomup1orx3u2svxe8k17mim6suwr1js"}, {"fields": {"expire_date": "2015-05-21T22:53:45Z", "session_data": "ODdlOGZlNjQ1ZDJmZTc3M2ZiNTlhNjBhZjI3NzE2ZmI5YzE2YzVhNTp7Il9hdXRoX3VzZXJfaGFzaCI6ImU1YWUyZjEzZWNjMjY0Zjg1ZDUxOTg3N2U4ZWEyY2I4M2MwMDQ0N2EiLCJfYXV0aF91c2VyX2JhY2tlbmQiOiJkamFuZ29jb3NpZ24uY29zaWduLkNvc2lnbkJhY2tlbmQiLCJfYXV0aF91c2VyX2lkIjoxfQ=="}, "model": "sessions.session", "pk": "vwyncg62hqfkww586dycumm53jas122u"}, {"fields": {"expire_date": "2015-05-14T12:23:49Z", "session_data": "ODdlOGZlNjQ1ZDJmZTc3M2ZiNTlhNjBhZjI3NzE2ZmI5YzE2YzVhNTp7Il9hdXRoX3VzZXJfaGFzaCI6ImU1YWUyZjEzZWNjMjY0Zjg1ZDUxOTg3N2U4ZWEyY2I4M2MwMDQ0N2EiLCJfYXV0aF91c2VyX2JhY2tlbmQiOiJkamFuZ29jb3NpZ24uY29zaWduLkNvc2lnbkJhY2tlbmQiLCJfYXV0aF91c2VyX2lkIjoxfQ=="}, "model": "sessions.session", "pk": "zqhqidbcrpqjubtcqkvuoewu0z9wa8vg"}, {"fields": {"domain": "example.com", "name": "example.com"}, "model": "sites.site", "pk": 1}, {"fields": {"read_type": "JSON", "create_date": "2014-04-09T17:36:27Z", "description": "JavaScript Object Notation", "edit_date": "2014-04-09T17:36:30Z"}, "model": "read.readtype", "pk": 1}, {"fields": {"read_type": "XML", "create_date": "2014-04-09T17:37:30Z", "description": "Extensible Markup Language", "edit_date": "2014-04-09T17:37:32Z"}, "model": "read.readtype", "pk": 2}, {"fields": {"read_type": "CSV", "create_date": "2014-11-03T19:43:53Z", "description": "CSV or Excel files", "edit_date": "2014-11-03T19:43:54Z"}, "model": "read.readtype", "pk": 3}, {"fields": {"create_date": "2015-02-10T08:00:00Z", "name": "_notes", "edit_date": "2015-02-10T08:00:00Z", "original_name": "", "published": true, "is_uid": null, "silo": 1}, "model": "silo.datafield", "pk": 1}, {"fields": {"create_date": "2015-02-10T08:00:00Z", "name": "general_information/project_title", "edit_date": "2015-02-10T08:00:00Z", "original_name": "", "published": true, "is_uid": true, "silo": 1}, "model": "silo.datafield", "pk": 2}, {"fields": {"create_date": "2015-02-10T08:00:00Z", "name": "_bamboo_dataset_id", "edit_date": "2015-02-10T08:00:00Z", "original_name": "", "published": true, "is_uid": null, "silo": 1}, "model": "silo.datafield", "pk": 3}, {"fields": {"create_date": "2015-02-10T08:00:00Z", "name": "_tags", "edit_date": "2015-02-10T08:00:00Z", "original_name": "", "published": true, "is_uid": null, "silo": 1}, "model": "silo.datafield", "pk": 4}, {"fields": {"create_date": "2015-02-10T08:00:00Z", "name": "approval/submitted_by", "edit_date": "2015-02-10T08:00:00Z", "original_name": "", "published": true, "is_uid": null, "silo": 1}, "model": "silo.datafield", "pk": 5}, {"fields": {"create_date": "2015-02-10T08:00:00Z", "name": "_xform_id_string", "edit_date": "2015-02-10T08:00:00Z", "original_name": "", "published": true, "is_uid": null, "silo": 1}, "model": "silo.datafield", "pk": 6}, {"fields": {"create_date": "2015-02-10T08:00:00Z", "name": "meta/instanceID", "edit_date": "2015-02-10T08:00:00Z", "original_name": "", "published": true, "is_uid": null, "silo": 1}, "model": "silo.datafield", "pk": 7}, {"fields": {"create_date": "2015-02-10T08:00:00Z", "name": "approval/date", "edit_date": "2015-02-10T08:00:00Z", "original_name": "", "published": true, "is_uid": null, "silo": 1}, "model": "silo.datafield", "pk": 8}, {"fields": {"create_date": "2015-02-10T08:00:00Z", "name": "_duration", "edit_date": "2015-02-10T08:00:00Z", "original_name": "", "published": true, "is_uid": null, "silo": 1}, "model": "silo.datafield", "pk": 9}, {"fields": {"create_date": "2015-02-10T08:00:00Z", "name": "general_information/proposal_number", "edit_date": "2015-02-10T08:00:00Z", "original_name": "", "published": true, "is_uid": null, "silo": 1}, "model": "silo.datafield", "pk": 10}, {"fields": {"create_date": "2015-02-10T08:00:00Z", "name": "community_information/project_code_number", "edit_date": "2015-02-10T08:00:00Z", "original_name": "", "published": true, "is_uid": null, "silo": 1}, "model": "silo.datafield", "pk": 11}, {"fields": {"create_date": "2015-02-10T08:00:00Z", "name": "approval/community_mobilization_unit_manager", "edit_date": "2015-02-10T08:00:00Z", "original_name": "", "published": true, "is_uid": null, "silo": 1}, "model": "silo.datafield", "pk": 12}, {"fields": {"create_date": "2015-02-10T08:00:00Z", "name": "_attachments", "edit_date": "2015-02-10T08:00:00Z", "original_name": "", "published": true, "is_uid": null, "silo": 1}, "model": "silo.datafield", "pk": 13}, {"fields": {"create_date": "2015-02-10T08:00:00Z", "name": "_status", "edit_date": "2015-02-10T08:00:00Z", "original_name": "", "published": true, "is_uid": null, "silo": 1}, "model": "silo.datafield", "pk": 14}, {"fields": {"create_date": "2015-02-10T08:00:00Z", "name": "general_information/profile_code", "edit_date": "2015-02-10T08:00:00Z", "original_name": "", "published": true, "is_uid": null, "silo": 1}, "model": "silo.datafield", "pk": 15}, {"fields": {"create_date": "2015-02-10T08:00:00Z", "name": "today", "edit_date": "2015-02-10T08:00:00Z", "original_name": "", "published": true, "is_uid": null, "silo": 1}, "model": "silo.datafield", "pk": 16}, {"fields": {"create_date": "2015-02-10T08:00:00Z", "name": "province", "edit_date": "2015-02-10T08:00:00Z", "original_name": "", "published": true, "is_uid": null, "silo": 1}, "model": "silo.datafield", "pk": 17}, {"fields": {"create_date": "2015-02-10T08:00:00Z", "name": "community_information/proposal_status", "edit_date": "2015-02-10T08:00:00Z", "original_name": "", "published": true, "is_uid": null, "silo": 1}, "model": "silo.datafield", "pk": 18}, {"fields": {"create_date": "2015-02-10T08:00:00Z", "name": "start_time", "edit_date": "2015-02-10T08:00:00Z", "original_name": "", "published": true, "is_uid": null, "silo": 1}, "model": "silo.datafield", "pk": 19}, {"fields": {"create_date": "2015-02-10T08:00:00Z", "name": "_uuid", "edit_date": "2015-02-10T08:00:00Z", "original_name": "", "published": true, "is_uid": null, "silo": 1}, "model": "silo.datafield", "pk": 20}, {"fields": {"create_date": "2015-02-10T08:00:00Z", "name": "general_information/program", "edit_date": "2015-02-10T08:00:00Z", "original_name": "", "published": true, "is_uid": null, "silo": 1}, "model": "silo.datafield", "pk": 21}, {"fields": {"create_date": "2015-02-10T08:00:00Z", "name": "meta/instanceName", "edit_date": "2015-02-10T08:00:00Z", "original_name": "", "published": true, "is_uid": null, "silo": 1}, "model": "silo.datafield", "pk": 22}, {"fields": {"create_date": "2015-02-10T08:00:00Z", "name": "formhub/uuid", "edit_date": "2015-02-10T08:00:00Z", "original_name": "", "published": true, "is_uid": null, "silo": 1}, "model": "silo.datafield", "pk": 23}, {"fields": {"create_date": "2015-02-10T08:00:00Z", "name": "proposed_project_description/proposed_project_description", "edit_date": "2015-02-10T08:00:00Z", "original_name": "", "published": true, "is_uid": null, "silo": 1}, "model": "silo.datafield", "pk": 24}, {"fields": {"create_date": "2015-02-10T08:00:00Z", "name": "_submission_time", "edit_date": "2015-02-10T08:00:00Z", "original_name": "", "published": true, "is_uid": null, "silo": 1}, "model": "silo.datafield", "pk": 25}, {"fields": {"create_date": "2015-02-10T08:00:00Z", "name": "_version", "edit_date": "2015-02-10T08:00:00Z", "original_name": "", "published": true, "is_uid": null, "silo": 1}, "model": "silo.datafield", "pk": 26}, {"fields": {"create_date": "2015-02-10T08:00:00Z", "name": "_geolocation", "edit_date": "2015-02-10T08:00:00Z", "original_name": "", "published": true, "is_uid": null, "silo": 1}, "model": "silo.datafield", "pk": 27}, {"fields": {"create_date": "2015-02-10T08:00:00Z", "name": "end_time", "edit_date": "2015-02-10T08:00:00Z", "original_name": "", "published": true, "is_uid": null, "silo": 1}, "model": "silo.datafield", "pk": 28}, {"fields": {"create_date": "2015-02-10T08:00:00Z", "name": "device_id", "edit_date": "2015-02-10T08:00:00Z", "original_name": "", "published": true, "is_uid": null, "silo": 1}, "model": "silo.datafield", "pk": 29}, {"fields": {"create_date": "2015-02-10T08:00:00Z", "name": "general_information/date_requested", "edit_date": "2015-02-10T08:00:00Z", "original_name": "", "published": true, "is_uid": null, "silo": 1}, "model": "silo.datafield", "pk": 30}, {"fields": {"create_date": "2015-02-10T08:00:00Z", "name": "_id", "edit_date": "2015-02-10T08:00:00Z", "original_name": "", "published": true, "is_uid": null, "silo": 1}, "model": "silo.datafield", "pk": 31}, {"fields": {"field": 1, "create_date": "2015-02-10T08:00:00Z", "char_store": "[]", "edit_date": "2015-02-10T08:00:00Z", "row_number": 1}, "model": "silo.valuestore", "pk": 1}, {"fields": {"field": 2, "create_date": "2015-02-10T08:00:00Z", "char_store": "My New Project just a Test", "edit_date": "2015-02-10T08:00:00Z", "row_number": 1}, "model": "silo.valuestore", "pk": 2}, {"fields": {"field": 3, "create_date": "2015-02-10T08:00:00Z", "char_store": "", "edit_date": "2015-02-10T08:00:00Z", "row_number": 1}, "model": "silo.valuestore", "pk": 3}, {"fields": {"field": 4, "create_date": "2015-02-10T08:00:00Z", "char_store": "[]", "edit_date": "2015-02-10T08:00:00Z", "row_number": 1}, "model": "silo.valuestore", "pk": 4}, {"fields": {"field": 5, "create_date": "2015-02-10T08:00:00Z", "char_store": "Greg", "edit_date": "2015-02-10T08:00:00Z", "row_number": 1}, "model": "silo.valuestore", "pk": 5}, {"fields": {"field": 6, "create_date": "2015-02-10T08:00:00Z", "char_store": "form_02_project_proposal", "edit_date": "2015-02-10T08:00:00Z", "row_number": 1}, "model": "silo.valuestore", "pk": 6}, {"fields": {"field": 7, "create_date": "2015-02-10T08:00:00Z", "char_store": "uuid:891438f0-5017-4f2e-bd82-08471d7a95b3", "edit_date": "2015-02-10T08:00:00Z", "row_number": 1}, "model": "silo.valuestore", "pk": 7}, {"fields": {"field": 8, "create_date": "2015-02-10T08:00:00Z", "char_store": "2015-02-11", "edit_date": "2015-02-10T08:00:00Z", "row_number": 1}, "model": "silo.valuestore", "pk": 8}, {"fields": {"field": 9, "create_date": "2015-02-10T08:00:00Z", "char_store": "", "edit_date": "2015-02-10T08:00:00Z", "row_number": 1}, "model": "silo.valuestore", "pk": 9}, {"fields": {"field": 10, "create_date": "2015-02-10T08:00:00Z", "char_store": "12", "edit_date": "2015-02-10T08:00:00Z", "row_number": 1}, "model": "silo.valuestore", "pk": 10}, {"fields": {"field": 11, "create_date": "2015-02-10T08:00:00Z", "char_store": "12", "edit_date": "2015-02-10T08:00:00Z", "row_number": 1}, "model": "silo.valuestore", "pk": 11}, {"fields": {"field": 12, "create_date": "2015-02-10T08:00:00Z", "char_store": "Joe", "edit_date": "2015-02-10T08:00:00Z", "row_number": 1}, "model": "silo.valuestore", "pk": 12}, {"fields": {"field": 13, "create_date": "2015-02-10T08:00:00Z", "char_store": "[]", "edit_date": "2015-02-10T08:00:00Z", "row_number": 1}, "model": "silo.valuestore", "pk": 13}, {"fields": {"field": 14, "create_date": "2015-02-10T08:00:00Z", "char_store": "submitted_via_web", "edit_date": "2015-02-10T08:00:00Z", "row_number": 1}, "model": "silo.valuestore", "pk": 14}, {"fields": {"field": 15, "create_date": "2015-02-10T08:00:00Z", "char_store": "12", "edit_date": "2015-02-10T08:00:00Z", "row_number": 1}, "model": "silo.valuestore", "pk": 15}, {"fields": {"field": 16, "create_date": "2015-02-10T08:00:00Z", "char_store": "2015-02-10", "edit_date": "2015-02-10T08:00:00Z", "row_number": 1}, "model": "silo.valuestore", "pk": 16}, {"fields": {"field": 17, "create_date": "2015-02-10T08:00:00Z", "char_store": "balkh", "edit_date": "2015-02-10T08:00:00Z", "row_number": 1}, "model": "silo.valuestore", "pk": 17}, {"fields": {"field": 18, "create_date": "2015-02-10T08:00:00Z", "char_store": "accepted", "edit_date": "2015-02-10T08:00:00Z", "row_number": 1}, "model": "silo.valuestore", "pk": 18}, {"fields": {"field": 19, "create_date": "2015-02-10T08:00:00Z", "char_store": "2015-02-10T17:19:09.000-08:00", "edit_date": "2015-02-10T08:00:00Z", "row_number": 1}, "model": "silo.valuestore", "pk": 19}, {"fields": {"field": 20, "create_date": "2015-02-10T08:00:00Z", "char_store": "891438f0-5017-4f2e-bd82-08471d7a95b3", "edit_date": "2015-02-10T08:00:00Z", "row_number": 1}, "model": "silo.valuestore", "pk": 20}, {"fields": {"field": 21, "create_date": "2015-02-10T08:00:00Z", "char_store": "invest", "edit_date": "2015-02-10T08:00:00Z", "row_number": 1}, "model": "silo.valuestore", "pk": 21}, {"fields": {"field": 22, "create_date": "2015-02-10T08:00:00Z", "char_store": "investproject_proposal12", "edit_date": "2015-02-10T08:00:00Z", "row_number": 1}, "model": "silo.valuestore", "pk": 22}, {"fields": {"field": 23, "create_date": "2015-02-10T08:00:00Z", "char_store": "95a01590ccab42bd81413bc1dd6fdf38", "edit_date": "2015-02-10T08:00:00Z", "row_number": 1}, "model": "silo.valuestore", "pk": 23}, {"fields": {"field": 24, "create_date": "2015-02-10T08:00:00Z", "char_store": "Something", "edit_date": "2015-02-10T08:00:00Z", "row_number": 1}, "model": "silo.valuestore", "pk": 24}, {"fields": {"field": 25, "create_date": "2015-02-10T08:00:00Z", "char_store": "2015-02-11T01:20:06", "edit_date": "2015-02-10T08:00:00Z", "row_number": 1}, "model": "silo.valuestore", "pk": 25}, {"fields": {"field": 26, "create_date": "2015-02-10T08:00:00Z", "char_store": "201501130434", "edit_date": "2015-02-10T08:00:00Z", "row_number": 1}, "model": "silo.valuestore", "pk": 26}, {"fields": {"field": 27, "create_date": "2015-02-10T08:00:00Z", "char_store": "[None, None]", "edit_date": "2015-02-10T08:00:00Z", "row_number": 1}, "model": "silo.valuestore", "pk": 27}, {"fields": {"field": 28, "create_date": "2015-02-10T08:00:00Z", "char_store": "2015-02-10T17:20:05.000-08:00", "edit_date": "2015-02-10T08:00:00Z", "row_number": 1}, "model": "silo.valuestore", "pk": 28}, {"fields": {"field": 29, "create_date": "2015-02-10T08:00:00Z", "char_store": "enketo.org:YLHObPbpq9VMf6eS", "edit_date": "2015-02-10T08:00:00Z", "row_number": 1}, "model": "silo.valuestore", "pk": 29}, {"fields": {"field": 30, "create_date": "2015-02-10T08:00:00Z", "char_store": "2015-02-11", "edit_date": "2015-02-10T08:00:00Z", "row_number": 1}, "model": "silo.valuestore", "pk": 30}, {"fields": {"field": 31, "create_date": "2015-02-10T08:00:00Z", "char_store": "1243246", "edit_date": "2015-02-10T08:00:00Z", "row_number": 1}, "model": "silo.valuestore", "pk": 31}, {"fields": {"code": "AF", "create_date": "2015-02-05T21:21:53Z", "description": "", "edit_date": "2015-04-14T17:09:07Z", "country": "Afghanistan", "longitude": "69.1333", "latitude": "34.5333"}, "model": "activitydb.country", "pk": 1}, {"fields": {"code": "PK", "create_date": "2015-04-14T17:12:49Z", "description": "", "edit_date": "2015-04-14T17:12:49Z", "country": "Pakistan", "longitude": "73.1667", "latitude": "33.6667"}, "model": "activitydb.country", "pk": 2}, {"fields": {"create_date": "2015-02-18T00:00:00Z", "description": "", "edit_date": null, "country": [1], "cost_center": null, "gaitid": "3", "funding_status": "Completed", "name": "Apricot Drying and Marketing in Four Provinces"}, "model": "activitydb.program", "pk": 1}, {"fields": {"create_date": "2015-02-18T00:00:00Z", "description": "", "edit_date": null, "country": [1], "cost_center": null, "gaitid": "4", "funding_status": "Completed", "name": "Seed production and processing"}, "model": "activitydb.program", "pk": 2}, {"fields": {"create_date": "2015-02-18T00:00:00Z", "description": "", "edit_date": null, "country": [1], "cost_center": null, "gaitid": "5", "funding_status": "Completed", "name": "Seed production and processing units"}, "model": "activitydb.program", "pk": 3}, {"fields": {"create_date": "2015-02-18T00:00:00Z", "description": "", "edit_date": null, "country": [1], "cost_center": null, "gaitid": "6", "funding_status": "Completed", "name": "Veterinary program"}, "model": "activitydb.program", "pk": 4}, {"fields": {"create_date": "2015-02-18T00:00:00Z", "description": "", "edit_date": null, "country": [1], "cost_center": null, "gaitid": "7", "funding_status": "Completed", "name": "Fruit tree nursery production"}, "model": "activitydb.program", "pk": 5}, {"fields": {"create_date": "2015-02-18T00:00:00Z", "description": "", "edit_date": null, "country": [1], "cost_center": null, "gaitid": "8", "funding_status": "Completed", "name": "Substitution Program"}, "model": "activitydb.program", "pk": 6}, {"fields": {"create_date": "2015-02-18T00:00:00Z", "description": "", "edit_date": null, "country": [1], "cost_center": null, "gaitid": "9", "funding_status": "Completed", "name": "Lashkargah Dorai road repair"}, "model": "activitydb.program", "pk": 7}, {"fields": {"create_date": "2015-02-18T00:00:00Z", "description": "", "edit_date": null, "country": [1], "cost_center": null, "gaitid": "10", "funding_status": "Completed", "name": "Mian Pushta flood protection"}, "model": "activitydb.program", "pk": 8}, {"fields": {"create_date": "2015-02-18T00:00:00Z", "description": "", "edit_date": null, "country": [1], "cost_center": null, "gaitid": "11", "funding_status": "Completed", "name": "New Shamalan intake rehabilitation"}, "model": "activitydb.program", "pk": 9}, {"fields": {"create_date": "2015-02-18T00:00:00Z", "description": "", "edit_date": null, "country": [1], "cost_center": null, "gaitid": "12", "funding_status": "Completed", "name": "Old Shamalan flood control and canal rehabilitation"}, "model": "activitydb.program", "pk": 10}, {"fields": {"create_date": "2015-02-18T00:00:00Z", "description": "", "edit_date": null, "country": [1], "cost_center": null, "gaitid": "13", "funding_status": "Completed", "name": "Darweshan intake rehabilitation"}, "model": "activitydb.program", "pk": 11}, {"fields": {"create_date": "2015-02-18T00:00:00Z", "description": "", "edit_date": null, "country": [1], "cost_center": null, "gaitid": "14", "funding_status": "Completed", "name": "Animal health program for southwest Afganistan"}, "model": "activitydb.program", "pk": 12}, {"fields": {"create_date": "2015-02-18T00:00:00Z", "description": "", "edit_date": null, "country": [1], "cost_center": null, "gaitid": "15", "funding_status": "Completed", "name": "Kajaki District irrigation improvement"}, "model": "activitydb.program", "pk": 13}, {"fields": {"create_date": "2015-02-18T00:00:00Z", "description": "", "edit_date": null, "country": [1], "cost_center": null, "gaitid": "16", "funding_status": "Completed", "name": "Crop production assistance for Qandahar province"}, "model": "activitydb.program", "pk": 14}, {"fields": {"create_date": "2015-02-18T00:00:00Z", "description": "", "edit_date": null, "country": [1], "cost_center": null, "gaitid": "17", "funding_status": "Completed", "name": "Crop production in South Qandahar"}, "model": "activitydb.program", "pk": 15}, {"fields": {"create_date": "2015-02-18T00:00:00Z", "description": "", "edit_date": null, "country": [1], "cost_center": null, "gaitid": "18", "funding_status": "Completed", "name": "Sohrab canal flood protection"}, "model": "activitydb.program", "pk": 16}, {"fields": {"create_date": "2015-02-18T00:00:00Z", "description": "", "edit_date": null, "country": [1], "cost_center": null, "gaitid": "19", "funding_status": "Completed", "name": "Bakery Program"}, "model": "activitydb.program", "pk": 17}, {"fields": {"create_date": "2015-02-18T00:00:00Z", "description": "", "edit_date": null, "country": [1], "cost_center": null, "gaitid": "20", "funding_status": "Completed", "name": "PVO support project"}, "model": "activitydb.program", "pk": 18}, {"fields": {"create_date": "2015-02-18T00:00:00Z", "description": "", "edit_date": null, "country": [1], "cost_center": null, "gaitid": "21", "funding_status": "Completed", "name": "Kshmish Khana rehabilitation project"}, "model": "activitydb.program", "pk": 19}, {"fields": {"create_date": "2015-02-18T00:00:00Z", "description": "", "edit_date": null, "country": [1], "cost_center": null, "gaitid": "22", "funding_status": "Completed", "name": "Rehabilitation workshop"}, "model": "activitydb.program", "pk": 20}, {"fields": {"create_date": "2015-02-18T00:00:00Z", "description": "", "edit_date": null, "country": [1], "cost_center": null, "gaitid": "23", "funding_status": "Completed", "name": "Health Project"}, "model": "activitydb.program", "pk": 21}, {"fields": {"create_date": "2015-02-18T00:00:00Z", "description": "", "edit_date": null, "country": [1], "cost_center": null, "gaitid": "320", "funding_status": "Completed", "name": "Drought Relief and Rehabilitation in Chora District (Phase I) (Gates I)"}, "model": "activitydb.program", "pk": 22}, {"fields": {"create_date": "2015-02-18T00:00:00Z", "description": "", "edit_date": null, "country": [1], "cost_center": null, "gaitid": "393", "funding_status": "Completed", "name": "Cash Crop Alternatives to Opium Poppy Production"}, "model": "activitydb.program", "pk": 23}, {"fields": {"create_date": "2015-02-18T00:00:00Z", "description": "", "edit_date": null, "country": [1], "cost_center": null, "gaitid": "500", "funding_status": "Completed", "name": "Drought Relief and Rehabilitiation in Chora District (Phase II) (Gates II)"}, "model": "activitydb.program", "pk": 24}, {"fields": {"create_date": "2015-02-18T00:00:00Z", "description": "", "edit_date": null, "country": [1], "cost_center": null, "gaitid": "541", "funding_status": "Completed", "name": "Livelihood Support and Stabilization in South and Central Afghanistan"}, "model": "activitydb.program", "pk": 25}, {"fields": {"create_date": "2015-02-18T00:00:00Z", "description": "", "edit_date": null, "country": [1], "cost_center": null, "gaitid": "542", "funding_status": "Completed", "name": "Drought Relief and Rehabilitation in South and Central Afghanistan"}, "model": "activitydb.program", "pk": 26}, {"fields": {"create_date": "2015-02-18T00:00:00Z", "description": "", "edit_date": null, "country": [1], "cost_center": null, "gaitid": "543", "funding_status": "Completed", "name": "Emergency Assistance to IDPs in NE Afghanistan"}, "model": "activitydb.program", "pk": 27}, {"fields": {"create_date": "2015-02-18T00:00:00Z", "description": "", "edit_date": null, "country": [1], "cost_center": null, "gaitid": "545", "funding_status": "Completed", "name": "Drought Relief and Rehabilitation in Afghanistan"}, "model": "activitydb.program", "pk": 28}, {"fields": {"create_date": "2015-02-18T00:00:00Z", "description": "", "edit_date": null, "country": [1], "cost_center": null, "gaitid": "662", "funding_status": "Completed", "name": "Emergency Shelter Relief to IDP Families in Northeastern Afghanistan"}, "model": "activitydb.program", "pk": 29}, {"fields": {"create_date": "2015-02-18T00:00:00Z", "description": "", "edit_date": null, "country": [1], "cost_center": null, "gaitid": "666", "funding_status": "Completed", "name": "Distribution of World Vision International Non-Food Items"}, "model": "activitydb.program", "pk": 30}, {"fields": {"create_date": "2015-02-18T00:00:00Z", "description": "", "edit_date": null, "country": [1], "cost_center": null, "gaitid": "667", "funding_status": "Completed", "name": "Provision of Seed by ICARDA"}, "model": "activitydb.program", "pk": 31}, {"fields": {"create_date": "2015-02-18T00:00:00Z", "description": "", "edit_date": null, "country": [1], "cost_center": null, "gaitid": "669", "funding_status": "Completed", "name": "Support of The Campaign for Afghan Children"}, "model": "activitydb.program", "pk": 32}, {"fields": {"create_date": "2015-02-18T00:00:00Z", "description": "", "edit_date": null, "country": [1], "cost_center": null, "gaitid": "670", "funding_status": "Completed", "name": "Emergency Food Distribution to REG and Shorobak, Kandahar/FOODAC"}, "model": "activitydb.program", "pk": 33}, {"fields": {"create_date": "2015-02-18T00:00:00Z", "description": "", "edit_date": null, "country": [1], "cost_center": null, "gaitid": "671", "funding_status": "Completed", "name": "Free Food Distribution in Helmand and Kandahar"}, "model": "activitydb.program", "pk": 34}, {"fields": {"create_date": "2015-02-18T00:00:00Z", "description": "", "edit_date": null, "country": [1], "cost_center": null, "gaitid": "675", "funding_status": "Completed", "name": "In-Country Seed Production Programme"}, "model": "activitydb.program", "pk": 35}, {"fields": {"create_date": "2015-02-18T00:00:00Z", "description": "", "edit_date": null, "country": [1], "cost_center": null, "gaitid": "676", "funding_status": "Completed", "name": "Emergency Food Distribution Program for Drought and Conflict Affected"}, "model": "activitydb.program", "pk": 36}, {"fields": {"create_date": "2015-02-18T00:00:00Z", "description": "", "edit_date": null, "country": [1], "cost_center": null, "gaitid": "756", "funding_status": "Completed", "name": "Womens Small Business Market Linkages Project"}, "model": "activitydb.program", "pk": 37}, {"fields": {"create_date": "2015-02-18T00:00:00Z", "description": "", "edit_date": null, "country": [1], "cost_center": null, "gaitid": "763", "funding_status": "Completed", "name": "Chelistun Women's Center"}, "model": "activitydb.program", "pk": 38}, {"fields": {"create_date": "2015-02-18T00:00:00Z", "description": "", "edit_date": null, "country": [1], "cost_center": null, "gaitid": "765", "funding_status": "Completed", "name": "Kabul Microcredit program (Tides III)"}, "model": "activitydb.program", "pk": 39}, {"fields": {"create_date": "2015-02-18T00:00:00Z", "description": "", "edit_date": null, "country": [1], "cost_center": null, "gaitid": "768", "funding_status": "Completed", "name": "Emergency Assistance to Internally Displaced Persons in Northeastern Afghanistan (Tides I)"}, "model": "activitydb.program", "pk": 40}, {"fields": {"create_date": "2015-02-18T00:00:00Z", "description": "", "edit_date": null, "country": [1], "cost_center": null, "gaitid": "773", "funding_status": "Completed", "name": "Women's Center"}, "model": "activitydb.program", "pk": 41}, {"fields": {"create_date": "2015-02-18T00:00:00Z", "description": "", "edit_date": null, "country": [1], "cost_center": null, "gaitid": "774", "funding_status": "Completed", "name": "Support for Gender Focal Point"}, "model": "activitydb.program", "pk": 42}, {"fields": {"create_date": "2015-02-18T00:00:00Z", "description": "", "edit_date": null, "country": [1], "cost_center": null, "gaitid": "775", "funding_status": "Completed", "name": "Economic Development Projects (Tides II)"}, "model": "activitydb.program", "pk": 43}, {"fields": {"create_date": "2015-02-18T00:00:00Z", "description": "", "edit_date": null, "country": [1], "cost_center": null, "gaitid": "997", "funding_status": "Completed", "name": "FAO Seed Revenue Budget 2003-4"}, "model": "activitydb.program", "pk": 44}, {"fields": {"create_date": "2015-02-18T00:00:00Z", "description": "", "edit_date": null, "country": [1], "cost_center": null, "gaitid": "1038", "funding_status": "Completed", "name": "American Fund for Afghan Children (AFAC)"}, "model": "activitydb.program", "pk": 45}, {"fields": {"create_date": "2015-02-18T00:00:00Z", "description": "", "edit_date": null, "country": [1], "cost_center": null, "gaitid": "1174", "funding_status": "Completed", "name": "Concept Paper: Womens Vocational Agricultural Education and Civil Society Building Project - Phase II- Helmand"}, "model": "activitydb.program", "pk": 46}, {"fields": {"create_date": "2015-02-18T00:00:00Z", "description": "", "edit_date": null, "country": [1], "cost_center": null, "gaitid": "1175", "funding_status": "Completed", "name": "Concept Paper: Womens Empowerment and Vocation Agricultural Training  Kandahar"}, "model": "activitydb.program", "pk": 47}, {"fields": {"create_date": "2015-02-18T00:00:00Z", "description": "", "edit_date": null, "country": [1], "cost_center": null, "gaitid": "1178", "funding_status": "Completed", "name": "Ariana Financial Services Group (AFSG)"}, "model": "activitydb.program", "pk": 48}, {"fields": {"create_date": "2015-02-18T00:00:00Z", "description": "", "edit_date": null, "country": [1], "cost_center": null, "gaitid": "1179", "funding_status": "Completed", "name": "Ariana Financial Services Group (AFSG)"}, "model": "activitydb.program", "pk": 49}, {"fields": {"create_date": "2015-02-18T00:00:00Z", "description": "", "edit_date": null, "country": [1], "cost_center": null, "gaitid": "1181", "funding_status": "Completed", "name": "Supporting Rural Recovery Program"}, "model": "activitydb.program", "pk": 50}, {"fields": {"create_date": "2015-02-18T00:00:00Z", "description": "", "edit_date": null, "country": [1], "cost_center": null, "gaitid": "1182", "funding_status": "Completed", "name": "Ariana Financial Services Group (AFSG)"}, "model": "activitydb.program", "pk": 51}, {"fields": {"create_date": "2015-02-18T00:00:00Z", "description": "", "edit_date": null, "country": [1], "cost_center": null, "gaitid": "1183", "funding_status": "Completed", "name": "Education and Literacy in Northern Afghanistan"}, "model": "activitydb.program", "pk": 52}, {"fields": {"create_date": "2015-02-18T00:00:00Z", "description": "", "edit_date": null, "country": [1], "cost_center": null, "gaitid": "1415", "funding_status": "Completed", "name": "FAO Seed Revenue Budget 2003-4"}, "model": "activitydb.program", "pk": 53}, {"fields": {"create_date": "2015-02-18T00:00:00Z", "description": "", "edit_date": null, "country": [1], "cost_center": null, "gaitid": "2538", "funding_status": "Completed", "name": "Humanitarian Negotiations with Non-State Armed Groups for UNICEF multi-country"}, "model": "activitydb.program", "pk": 54}, {"fields": {"create_date": "2015-02-18T00:00:00Z", "description": "", "edit_date": null, "country": [1], "cost_center": null, "gaitid": "2634", "funding_status": "Completed", "name": "Incentives Driving Economic Alternatives for the North, East and West Program (IDEA-NEW)"}, "model": "activitydb.program", "pk": 55}, {"fields": {"create_date": "2015-02-18T00:00:00Z", "description": "", "edit_date": null, "country": [1], "cost_center": null, "gaitid": "2785", "funding_status": "Completed", "name": "Community Development Program (Formerly FIRUP-N)"}, "model": "activitydb.program", "pk": 56}, {"fields": {"create_date": "2015-02-18T00:00:00Z", "description": "", "edit_date": null, "country": [1], "cost_center": null, "gaitid": "3420", "funding_status": "Completed", "name": "Nursery Industry Support Programme for Afghanistan (NISPA)"}, "model": "activitydb.program", "pk": 57}, {"fields": {"create_date": "2015-02-18T00:00:00Z", "description": "", "edit_date": null, "country": [1], "cost_center": null, "gaitid": "3515", "funding_status": "Completed", "name": "Kunduz Integrated Water Initiative-2 (KIWI-2)"}, "model": "activitydb.program", "pk": 58}, {"fields": {"create_date": "2015-02-18T00:00:00Z", "description": "", "edit_date": null, "country": [1], "cost_center": null, "gaitid": "3565", "funding_status": "Funded", "name": "Introducing New Vocational Education and Skills Training (INVEST) in Helmand"}, "model": "activitydb.program", "pk": 59}, {"fields": {"create_date": "2015-02-18T00:00:00Z", "description": "", "edit_date": null, "country": [1], "cost_center": null, "gaitid": "4314", "funding_status": "Completed", "name": "Small Change Fund"}, "model": "activitydb.program", "pk": 60}, {"fields": {"create_date": "2015-02-18T00:00:00Z", "description": "", "edit_date": "2015-05-07T09:13:38Z", "country": [1], "cost_center": "", "gaitid": "4494", "funding_status": "funded", "name": "Stabilisation Programme for Northern Afghanistan-Badakhshan"}, "model": "activitydb.program", "pk": 61}, {"fields": {"create_date": "2015-02-18T00:00:00Z", "description": "", "edit_date": null, "country": [1], "cost_center": null, "gaitid": "4563", "funding_status": "Completed", "name": "Microsoft Afghanistan Gift"}, "model": "activitydb.program", "pk": 62}, {"fields": {"create_date": "2015-02-18T00:00:00Z", "description": "", "edit_date": null, "country": [1], "cost_center": null, "gaitid": "4652", "funding_status": "Funded", "name": "Helmand Agriculture Sector Programme (HASP)"}, "model": "activitydb.program", "pk": 63}, {"fields": {"create_date": "2015-02-18T00:00:00Z", "description": "", "edit_date": null, "country": [1], "cost_center": null, "gaitid": "5390", "funding_status": "Funded", "name": "Implementation of an Irrigation Association (IA) PIM Capacity Development Program"}, "model": "activitydb.program", "pk": 64}, {"fields": {"create_date": "2015-02-18T00:00:00Z", "description": "", "edit_date": null, "country": [1], "cost_center": null, "gaitid": "5539", "funding_status": "Funded", "name": "Afghanistan Locally Engaged Staff Training Programme"}, "model": "activitydb.program", "pk": 65}, {"fields": {"create_date": "2015-02-18T00:00:00Z", "description": "", "edit_date": null, "country": [1], "cost_center": null, "gaitid": "5730", "funding_status": "Funded", "name": "Stabilisation Programme for Northern Afghanistan - Phase IV"}, "model": "activitydb.program", "pk": 66}, {"fields": {"create_date": "2015-02-18T00:00:00Z", "description": "", "edit_date": null, "country": [1], "cost_center": null, "gaitid": "5731", "funding_status": "Funded", "name": "Strengthening Afghan Governance and Alternative Livelihoods (SAGAL)"}, "model": "activitydb.program", "pk": 67}, {"fields": {"create_date": "2015-02-18T00:00:00Z", "description": "", "edit_date": null, "country": [1], "cost_center": null, "gaitid": "5774", "funding_status": "Funded", "name": "INVEST-in-Kandahar"}, "model": "activitydb.program", "pk": 68}, {"fields": {"create_date": "2015-02-18T00:00:00Z", "description": "", "edit_date": null, "country": [1], "cost_center": null, "gaitid": "5840", "funding_status": "Funded", "name": "Technical-Vocational Livelihoods Training for Energy Sector Development Investment Program Beneficiaries"}, "model": "activitydb.program", "pk": 69}, {"fields": {"create_date": "2015-02-18T00:00:00Z", "description": "", "edit_date": null, "country": [1], "cost_center": null, "gaitid": "6056", "funding_status": "Funded", "name": "EC - Economic Opportunities for Afghan Uprooted People"}, "model": "activitydb.program", "pk": 70}, {"fields": {"create_date": "2015-02-18T00:00:00Z", "description": "", "edit_date": null, "country": [1], "cost_center": null, "gaitid": "6124", "funding_status": "Funded", "name": "Assessing the Links between Economic Interventions and Stability: An impact evaluation of vocational and skills training in Kandahar, Afghanistan"}, "model": "activitydb.program", "pk": 71}, {"fields": {"create_date": "2015-04-23T00:00:00Z", "description": "", "edit_date": null, "country": [2], "cost_center": null, "gaitid": "108", "funding_status": "Completed", "name": "Assistance to Vulnerable Afghan Refugees in Pakistan"}, "model": "activitydb.program", "pk": 72}, {"fields": {"create_date": "2015-04-23T00:00:00Z", "description": "", "edit_date": null, "country": [2], "cost_center": "940", "gaitid": "448", "funding_status": "Completed", "name": "Refugee Assistance Program"}, "model": "activitydb.program", "pk": 73}, {"fields": {"create_date": "2015-04-23T00:00:00Z", "description": "", "edit_date": null, "country": [2], "cost_center": null, "gaitid": "450", "funding_status": "Completed", "name": "Medical Grant #1"}, "model": "activitydb.program", "pk": 74}, {"fields": {"create_date": "2015-04-23T00:00:00Z", "description": "", "edit_date": null, "country": [2], "cost_center": null, "gaitid": "451", "funding_status": "Completed", "name": "Medical Grant #2"}, "model": "activitydb.program", "pk": 75}, {"fields": {"create_date": "2015-04-23T00:00:00Z", "description": "", "edit_date": null, "country": [2], "cost_center": null, "gaitid": "452", "funding_status": "Completed", "name": "Medical Grant #3"}, "model": "activitydb.program", "pk": 76}, {"fields": {"create_date": "2015-04-23T00:00:00Z", "description": "", "edit_date": null, "country": [2], "cost_center": "P01", "gaitid": "663", "funding_status": "Completed", "name": "Distribution and Health Assistance for Afghan refugees in Pakistan"}, "model": "activitydb.program", "pk": 77}, {"fields": {"create_date": "2015-04-23T00:00:00Z", "description": "", "edit_date": null, "country": [2], "cost_center": "P19", "gaitid": "668", "funding_status": "Completed", "name": "Drug Demand Reduction Information, Advice and Training"}, "model": "activitydb.program", "pk": 78}, {"fields": {"create_date": "2015-04-23T00:00:00Z", "description": "", "edit_date": null, "country": [2], "cost_center": "976", "gaitid": "766", "funding_status": "Completed", "name": "Baluchistan Refugee Assistance Program"}, "model": "activitydb.program", "pk": 79}, {"fields": {"create_date": "2015-04-23T00:00:00Z", "description": "", "edit_date": null, "country": [2], "cost_center": "P14", "gaitid": "800", "funding_status": "Completed", "name": "Care & Maintenance for Afghan Refugees in Balochistan"}, "model": "activitydb.program", "pk": 80}, {"fields": {"create_date": "2015-04-23T00:00:00Z", "description": "", "edit_date": null, "country": [2], "cost_center": null, "gaitid": "885", "funding_status": "Completed", "name": "Distribution and Health Assistance for Afghan Refugees in Pakistan"}, "model": "activitydb.program", "pk": 81}, {"fields": {"create_date": "2015-04-23T00:00:00Z", "description": "", "edit_date": null, "country": [2], "cost_center": null, "gaitid": "1202", "funding_status": "Completed", "name": "Tuberculosis Control Assistance Program (TB CAP)"}, "model": "activitydb.program", "pk": 82}, {"fields": {"create_date": "2015-04-23T00:00:00Z", "description": "", "edit_date": null, "country": [2], "cost_center": null, "gaitid": "2041", "funding_status": "Completed", "name": "Global Fund-Prime Recipient for Tuberculosis Advocacy, Communications, and Social Marketing"}, "model": "activitydb.program", "pk": 83}, {"fields": {"create_date": "2015-04-23T00:00:00Z", "description": "", "edit_date": null, "country": [2], "cost_center": null, "gaitid": "2091", "funding_status": "Completed", "name": "Strengthening Primary Health Care Services in Mansehra"}, "model": "activitydb.program", "pk": 84}, {"fields": {"create_date": "2015-04-23T00:00:00Z", "description": "", "edit_date": null, "country": [2], "cost_center": null, "gaitid": "2112", "funding_status": "Completed", "name": "Emergency Water and Sanitation Assistance to Flood-Affected Populations in Baluchistan, Pakistan"}, "model": "activitydb.program", "pk": 85}, {"fields": {"create_date": "2015-04-23T00:00:00Z", "description": "", "edit_date": null, "country": [2], "cost_center": null, "gaitid": "2210", "funding_status": "Completed", "name": "Community-based Therapeudic Nutritional Care"}, "model": "activitydb.program", "pk": 86}, {"fields": {"create_date": "2015-04-23T00:00:00Z", "description": "", "edit_date": null, "country": [2], "cost_center": null, "gaitid": "2460", "funding_status": "Completed", "name": "Reducing the burden of Tuberculosis in Pakistan by Improving Access to Quality DOTS and MDR-TB Care Services (Sub-Recipient for GF Consolidated grant Objectives 1, 2 & 4)"}, "model": "activitydb.program", "pk": 87}, {"fields": {"create_date": "2015-04-23T00:00:00Z", "description": "", "edit_date": null, "country": [2], "cost_center": null, "gaitid": "2507", "funding_status": "Completed", "name": "Integrated Maternal and Child Health Services for Afghan Refugees and their Host Communities in Quetta, Pakistan"}, "model": "activitydb.program", "pk": 88}, {"fields": {"create_date": "2015-04-23T00:00:00Z", "description": "", "edit_date": null, "country": [2], "cost_center": "31582", "gaitid": "2786", "funding_status": "Completed", "name": "Our World Our Family (OWOF) Signature Program"}, "model": "activitydb.program", "pk": 89}, {"fields": {"create_date": "2015-04-23T00:00:00Z", "description": "", "edit_date": null, "country": [2], "cost_center": null, "gaitid": "3010", "funding_status": "Completed", "name": "Support for IDP School Children"}, "model": "activitydb.program", "pk": 90}, {"fields": {"create_date": "2015-04-23T00:00:00Z", "description": "", "edit_date": null, "country": [2], "cost_center": null, "gaitid": "3064", "funding_status": "Completed", "name": "Support for Social and Sports Activities for Displaced Children"}, "model": "activitydb.program", "pk": 91}, {"fields": {"create_date": "2015-04-23T00:00:00Z", "description": "", "edit_date": null, "country": [2], "cost_center": null, "gaitid": "3253", "funding_status": "Completed", "name": "Swat Community Recovery and Revitalization Program"}, "model": "activitydb.program", "pk": 92}, {"fields": {"create_date": "2015-04-23T00:00:00Z", "description": "", "edit_date": null, "country": [2], "cost_center": "31601", "gaitid": "3262", "funding_status": "Completed", "name": "Western Union Agent Giving Circle"}, "model": "activitydb.program", "pk": 93}, {"fields": {"create_date": "2015-04-23T00:00:00Z", "description": "", "edit_date": null, "country": [2], "cost_center": "31562", "gaitid": "3504", "funding_status": "Completed", "name": "Generation Amazing - Pakistan"}, "model": "activitydb.program", "pk": 94}, {"fields": {"create_date": "2015-04-23T00:00:00Z", "description": "", "edit_date": null, "country": [2], "cost_center": "31639", "gaitid": "3506", "funding_status": "Completed", "name": "Water Systems Support"}, "model": "activitydb.program", "pk": 95}, {"fields": {"create_date": "2015-04-23T00:00:00Z", "description": "", "edit_date": null, "country": [2], "cost_center": "31647", "gaitid": "3508", "funding_status": "Completed", "name": "Emergency Flood Response Relief"}, "model": "activitydb.program", "pk": 96}, {"fields": {"create_date": "2015-04-23T00:00:00Z", "description": "", "edit_date": null, "country": [2], "cost_center": "31640", "gaitid": "3509", "funding_status": "Completed", "name": "OdysseyRe Emergency Fund"}, "model": "activitydb.program", "pk": 97}, {"fields": {"create_date": "2015-04-23T00:00:00Z", "description": "", "edit_date": null, "country": [2], "cost_center": "32334", "gaitid": "3755", "funding_status": "Funded", "name": "Reducing the Burden of Tuberculosis in Pakistan by Improving Access to Quality DOTS and MDR-TB Care Services (Principal Recipient for GF Consolidated Grant Objectives 3 & 6)"}, "model": "activitydb.program", "pk": 98}, {"fields": {"create_date": "2015-04-23T00:00:00Z", "description": "", "edit_date": null, "country": [2], "cost_center": "31651", "gaitid": "3817", "funding_status": "Completed", "name": "Pakistan Livelihood Recovery Program"}, "model": "activitydb.program", "pk": 99}, {"fields": {"create_date": "2015-04-23T00:00:00Z", "description": "", "edit_date": null, "country": [2], "cost_center": null, "gaitid": "3820", "funding_status": "Completed", "name": "Flood Response"}, "model": "activitydb.program", "pk": 100}, {"fields": {"create_date": "2015-04-23T00:00:00Z", "description": "", "edit_date": null, "country": [2], "cost_center": "31663", "gaitid": "3824", "funding_status": "Completed", "name": "Flood Response - Emergency"}, "model": "activitydb.program", "pk": 101}, {"fields": {"create_date": "2015-04-23T00:00:00Z", "description": "", "edit_date": null, "country": [2], "cost_center": "31664", "gaitid": "3825", "funding_status": "Completed", "name": "Flood Response - Emergency & Recovery"}, "model": "activitydb.program", "pk": 102}, {"fields": {"create_date": "2015-04-23T00:00:00Z", "description": "", "edit_date": null, "country": [2], "cost_center": "31751", "gaitid": "3869", "funding_status": "Completed", "name": "2011 Disaster Recovery"}, "model": "activitydb.program", "pk": 103}, {"fields": {"create_date": "2015-04-23T00:00:00Z", "description": "", "edit_date": null, "country": [2], "cost_center": "32015", "gaitid": "4064", "funding_status": "Completed", "name": "2011 Integrated Afghan Refugee Assistance Program"}, "model": "activitydb.program", "pk": 104}, {"fields": {"create_date": "2015-04-23T00:00:00Z", "description": "", "edit_date": null, "country": [2], "cost_center": "32064", "gaitid": "4136", "funding_status": "Completed", "name": "Sindh Flood Response 2011"}, "model": "activitydb.program", "pk": 105}, {"fields": {"create_date": "2015-04-23T00:00:00Z", "description": "", "edit_date": null, "country": [2], "cost_center": "90919", "gaitid": "4275", "funding_status": "Completed", "name": "Saving Mothers in Communities (RAF I)"}, "model": "activitydb.program", "pk": 106}, {"fields": {"create_date": "2015-04-23T00:00:00Z", "description": "", "edit_date": null, "country": [2], "cost_center": "32176", "gaitid": "4405", "funding_status": "Completed", "name": "2012 Integrated Afghan Refugee Assistance Program"}, "model": "activitydb.program", "pk": 107}, {"fields": {"create_date": "2015-04-23T00:00:00Z", "description": "", "edit_date": null, "country": [2], "cost_center": "32203", "gaitid": "4443", "funding_status": "Funded", "name": "Child Survival Health Grants Program (CSHGP FY12)"}, "model": "activitydb.program", "pk": 108}, {"fields": {"create_date": "2015-04-23T00:00:00Z", "description": "", "edit_date": null, "country": [2], "cost_center": "90943", "gaitid": "4495", "funding_status": "Funded", "name": "Supporting Inclusive Development through Community-Government Capacity Building and Partnership in Southern Sindh"}, "model": "activitydb.program", "pk": 109}, {"fields": {"create_date": "2015-04-23T00:00:00Z", "description": "", "edit_date": null, "country": [2], "cost_center": "31667", "gaitid": "4682", "funding_status": "Completed", "name": "MPower Flood Relief"}, "model": "activitydb.program", "pk": 110}, {"fields": {"create_date": "2015-04-23T00:00:00Z", "description": "", "edit_date": null, "country": [2], "cost_center": "32183", "gaitid": "4717", "funding_status": "Completed", "name": "Kind Hearts Fund"}, "model": "activitydb.program", "pk": 111}, {"fields": {"create_date": "2015-04-23T00:00:00Z", "description": "", "edit_date": null, "country": [2], "cost_center": "90993", "gaitid": "4834", "funding_status": "Completed", "name": "Expanding Access to Skilled Birth Attendance through Community Midwives (RAF II)"}, "model": "activitydb.program", "pk": 112}, {"fields": {"create_date": "2015-04-23T00:00:00Z", "description": "", "edit_date": null, "country": [2], "cost_center": "90989", "gaitid": "4893", "funding_status": "Funded", "name": "Saving Mothers and Newborns in Communities"}, "model": "activitydb.program", "pk": 113}, {"fields": {"create_date": "2015-04-23T00:00:00Z", "description": "", "edit_date": null, "country": [2], "cost_center": "32240", "gaitid": "4921", "funding_status": "Completed", "name": "Matching Funds for Saving Mothers in Communities"}, "model": "activitydb.program", "pk": 114}, {"fields": {"create_date": "2015-04-23T00:00:00Z", "description": "", "edit_date": null, "country": [2], "cost_center": "32462", "gaitid": "4937", "funding_status": "Funded", "name": "321 Bhago:  Sport for Youth Leadership and Active Communities"}, "model": "activitydb.program", "pk": 115}, {"fields": {"create_date": "2015-04-23T00:00:00Z", "description": "", "edit_date": null, "country": [2], "cost_center": "32275", "gaitid": "5047", "funding_status": "Completed", "name": "ACT for Impact Gender Integration Fund"}, "model": "activitydb.program", "pk": 116}, {"fields": {"create_date": "2015-04-23T00:00:00Z", "description": "", "edit_date": null, "country": [2], "cost_center": "32345", "gaitid": "5065", "funding_status": "Completed", "name": "2013 Integrated Afghan Refugee Assistance Program"}, "model": "activitydb.program", "pk": 117}, {"fields": {"create_date": "2015-04-23T00:00:00Z", "description": "", "edit_date": null, "country": [2], "cost_center": "91035", "gaitid": "5358", "funding_status": "Funded", "name": "Empowerment, Voice and Accountability for Better Health and Nutrition - Inception Phase"}, "model": "activitydb.program", "pk": 118}, {"fields": {"create_date": "2015-04-23T00:00:00Z", "description": "", "edit_date": null, "country": [2], "cost_center": "32431", "gaitid": "5360", "funding_status": "Completed", "name": "M-Check: A Misoprostol Checklist that Saves Lives"}, "model": "activitydb.program", "pk": 119}, {"fields": {"create_date": "2015-04-23T00:00:00Z", "description": "", "edit_date": null, "country": [2], "cost_center": "91011", "gaitid": "5362", "funding_status": "Completed", "name": "Engaging Vulnerable Youth in Southern Punjab"}, "model": "activitydb.program", "pk": 120}, {"fields": {"create_date": "2015-04-23T00:00:00Z", "description": "", "edit_date": null, "country": [2], "cost_center": "32554", "gaitid": "5404", "funding_status": "Funded", "name": "2014-2015 Integrated Afghan Refugee Assistance Project"}, "model": "activitydb.program", "pk": 121}, {"fields": {"create_date": "2015-04-23T00:00:00Z", "description": "", "edit_date": null, "country": [2], "cost_center": "91021", "gaitid": "5489", "funding_status": "Completed", "name": "Improving Chlorhexidine Advocacy for Newborns (I CAN)  (RAF III)"}, "model": "activitydb.program", "pk": 122}, {"fields": {"create_date": "2015-04-23T00:00:00Z", "description": "", "edit_date": null, "country": [1, 2], "cost_center": "32549", "gaitid": "5537", "funding_status": "Funded", "name": "Health Communication Project"}, "model": "activitydb.program", "pk": 123}, {"fields": {"country": 1, "create_date": "2015-02-20T11:14:01Z", "name": "Badghis", "edit_date": null}, "model": "activitydb.province", "pk": 1}, {"fields": {"country": 1, "create_date": "2015-02-20T11:14:01Z", "name": "Baghlan", "edit_date": null}, "model": "activitydb.province", "pk": 2}, {"fields": {"country": 1, "create_date": "2015-02-20T11:14:01Z", "name": "Balkh", "edit_date": null}, "model": "activitydb.province", "pk": 3}, {"fields": {"country": 1, "create_date": "2015-02-20T11:14:01Z", "name": "Bamyan", "edit_date": null}, "model": "activitydb.province", "pk": 4}, {"fields": {"country": 1, "create_date": "2015-02-20T11:14:01Z", "name": "Daykundi", "edit_date": null}, "model": "activitydb.province", "pk": 5}, {"fields": {"country": 1, "create_date": "2015-02-20T11:14:01Z", "name": "Farah", "edit_date": null}, "model": "activitydb.province", "pk": 6}, {"fields": {"country": 1, "create_date": "2015-02-20T11:14:01Z", "name": "Faryab", "edit_date": null}, "model": "activitydb.province", "pk": 7}, {"fields": {"country": 1, "create_date": "2015-02-20T11:14:01Z", "name": "Ghazni", "edit_date": null}, "model": "activitydb.province", "pk": 8}, {"fields": {"country": 1, "create_date": "2015-02-20T11:14:01Z", "name": "Ghor", "edit_date": null}, "model": "activitydb.province", "pk": 9}, {"fields": {"country": 1, "create_date": "2015-02-20T11:14:01Z", "name": "Hilmand", "edit_date": null}, "model": "activitydb.province", "pk": 10}, {"fields": {"country": 1, "create_date": "2015-02-20T11:14:01Z", "name": "Hirat", "edit_date": null}, "model": "activitydb.province", "pk": 11}, {"fields": {"country": 1, "create_date": "2015-02-20T11:14:01Z", "name": "Jawzjan", "edit_date": null}, "model": "activitydb.province", "pk": 12}, {"fields": {"country": 1, "create_date": "2015-02-20T11:14:01Z", "name": "Kabul", "edit_date": null}, "model": "activitydb.province", "pk": 13}, {"fields": {"country": 1, "create_date": "2015-02-20T11:14:01Z", "name": "Kandahar", "edit_date": null}, "model": "activitydb.province", "pk": 14}, {"fields": {"country": 1, "create_date": "2015-02-20T11:14:01Z", "name": "Kapisa", "edit_date": null}, "model": "activitydb.province", "pk": 15}, {"fields": {"country": 1, "create_date": "2015-02-20T11:14:01Z", "name": "Khost", "edit_date": null}, "model": "activitydb.province", "pk": 16}, {"fields": {"country": 1, "create_date": "2015-02-20T11:14:01Z", "name": "Kunar", "edit_date": null}, "model": "activitydb.province", "pk": 17}, {"fields": {"country": 1, "create_date": "2015-02-20T11:14:01Z", "name": "Kunduz", "edit_date": null}, "model": "activitydb.province", "pk": 18}, {"fields": {"country": 1, "create_date": "2015-02-20T11:14:01Z", "name": "Laghman", "edit_date": null}, "model": "activitydb.province", "pk": 19}, {"fields": {"country": 1, "create_date": "2015-02-20T11:14:01Z", "name": "Logar", "edit_date": null}, "model": "activitydb.province", "pk": 20}, {"fields": {"country": 1, "create_date": "2015-02-20T11:14:01Z", "name": "Maydan Wardak", "edit_date": null}, "model": "activitydb.province", "pk": 21}, {"fields": {"country": 1, "create_date": "2015-02-20T11:14:01Z", "name": "Nangarhar", "edit_date": null}, "model": "activitydb.province", "pk": 22}, {"fields": {"country": 1, "create_date": "2015-02-20T11:14:01Z", "name": "Nimroz", "edit_date": null}, "model": "activitydb.province", "pk": 23}, {"fields": {"country": 1, "create_date": "2015-02-20T11:14:01Z", "name": "Nuristan", "edit_date": null}, "model": "activitydb.province", "pk": 24}, {"fields": {"country": 1, "create_date": "2015-02-20T11:14:01Z", "name": "Paktika", "edit_date": null}, "model": "activitydb.province", "pk": 25}, {"fields": {"country": 1, "create_date": "2015-02-20T11:14:01Z", "name": "Paktya", "edit_date": null}, "model": "activitydb.province", "pk": 26}, {"fields": {"country": 1, "create_date": "2015-02-20T11:14:01Z", "name": "Panjsher", "edit_date": null}, "model": "activitydb.province", "pk": 27}, {"fields": {"country": 1, "create_date": "2015-02-20T11:14:01Z", "name": "Parwan", "edit_date": null}, "model": "activitydb.province", "pk": 28}, {"fields": {"country": 1, "create_date": "2015-02-20T11:14:01Z", "name": "Samangan", "edit_date": null}, "model": "activitydb.province", "pk": 29}, {"fields": {"country": 1, "create_date": "2015-02-20T11:14:01Z", "name": "Sari Pul", "edit_date": null}, "model": "activitydb.province", "pk": 30}, {"fields": {"country": 1, "create_date": "2015-02-20T11:14:01Z", "name": "Takhar", "edit_date": null}, "model": "activitydb.province", "pk": 31}, {"fields": {"country": 1, "create_date": "2015-02-20T11:14:01Z", "name": "Uruzgan", "edit_date": null}, "model": "activitydb.province", "pk": 32}, {"fields": {"country": 1, "create_date": "2015-02-20T11:14:01Z", "name": "Zabul", "edit_date": null}, "model": "activitydb.province", "pk": 33}, {"fields": {"country": 1, "create_date": "2015-02-20T12:22:56Z", "name": "Badakhshan", "edit_date": null}, "model": "activitydb.province", "pk": 34}, {"fields": {"province": 34, "create_date": "2015-02-20T20:28:30Z", "name": "Arghanj Khaw", "edit_date": "2015-02-20T20:28:30Z"}, "model": "activitydb.district", "pk": 1}, {"fields": {"province": 34, "create_date": "2015-02-20T20:28:30Z", "name": "Argo", "edit_date": "2015-02-20T20:28:30Z"}, "model": "activitydb.district", "pk": 2}, {"fields": {"province": 34, "create_date": "2015-02-20T20:28:30Z", "name": "Baharak", "edit_date": "2015-02-20T20:28:30Z"}, "model": "activitydb.district", "pk": 3}, {"fields": {"province": 34, "create_date": "2015-02-20T20:28:30Z", "name": "Darayim", "edit_date": "2015-02-20T20:28:30Z"}, "model": "activitydb.district", "pk": 4}, {"fields": {"province": 34, "create_date": "2015-02-20T20:28:30Z", "name": "Darwaz", "edit_date": "2015-02-20T20:28:30Z"}, "model": "activitydb.district", "pk": 5}, {"fields": {"province": 34, "create_date": "2015-02-20T20:28:30Z", "name": "Darwazbala", "edit_date": "2015-02-20T20:28:30Z"}, "model": "activitydb.district", "pk": 6}, {"fields": {"province": 34, "create_date": "2015-02-20T20:28:30Z", "name": "Fayzabad", "edit_date": "2015-02-20T20:28:30Z"}, "model": "activitydb.district", "pk": 7}, {"fields": {"province": 34, "create_date": "2015-02-20T20:28:30Z", "name": "Ishkashiem", "edit_date": "2015-02-20T20:28:30Z"}, "model": "activitydb.district", "pk": 8}, {"fields": {"province": 34, "create_date": "2015-02-20T20:28:30Z", "name": "Jurm", "edit_date": "2015-02-20T20:28:30Z"}, "model": "activitydb.district", "pk": 9}, {"fields": {"province": 34, "create_date": "2015-02-20T20:28:30Z", "name": "Khash", "edit_date": "2015-02-20T20:28:30Z"}, "model": "activitydb.district", "pk": 10}, {"fields": {"province": 34, "create_date": "2015-02-20T20:28:30Z", "name": "Khwahan", "edit_date": "2015-02-20T20:28:30Z"}, "model": "activitydb.district", "pk": 11}, {"fields": {"province": 34, "create_date": "2015-02-20T20:28:30Z", "name": "Kishim", "edit_date": "2015-02-20T20:28:30Z"}, "model": "activitydb.district", "pk": 12}, {"fields": {"province": 34, "create_date": "2015-02-20T20:28:30Z", "name": "Kohistan", "edit_date": "2015-02-20T20:28:30Z"}, "model": "activitydb.district", "pk": 13}, {"fields": {"province": 34, "create_date": "2015-02-20T20:28:30Z", "name": "Kuf Ab", "edit_date": "2015-02-20T20:28:30Z"}, "model": "activitydb.district", "pk": 14}, {"fields": {"province": 34, "create_date": "2015-02-20T20:28:30Z", "name": "Kuran Wa Munjan", "edit_date": "2015-02-20T20:28:30Z"}, "model": "activitydb.district", "pk": 15}, {"fields": {"province": 34, "create_date": "2015-02-20T20:28:30Z", "name": "Raghistan", "edit_date": "2015-02-20T20:28:30Z"}, "model": "activitydb.district", "pk": 16}, {"fields": {"province": 34, "create_date": "2015-02-20T20:28:30Z", "name": "Shahada", "edit_date": "2015-02-20T20:28:30Z"}, "model": "activitydb.district", "pk": 17}, {"fields": {"province": 34, "create_date": "2015-02-20T20:28:30Z", "name": "Shahri Buzurg", "edit_date": "2015-02-20T20:28:30Z"}, "model": "activitydb.district", "pk": 18}, {"fields": {"province": 34, "create_date": "2015-02-20T20:28:30Z", "name": "Shaki", "edit_date": "2015-02-20T20:28:30Z"}, "model": "activitydb.district", "pk": 19}, {"fields": {"province": 34, "create_date": "2015-02-20T20:28:30Z", "name": "Shighnan", "edit_date": "2015-02-20T20:28:30Z"}, "model": "activitydb.district", "pk": 20}, {"fields": {"province": 34, "create_date": "2015-02-20T20:28:30Z", "name": "Tagab (Kishmi Bala)", "edit_date": "2015-02-20T20:28:30Z"}, "model": "activitydb.district", "pk": 21}, {"fields": {"province": 34, "create_date": "2015-02-20T20:28:30Z", "name": "Tashkan", "edit_date": "2015-02-20T20:28:30Z"}, "model": "activitydb.district", "pk": 22}, {"fields": {"province": 34, "create_date": "2015-02-20T20:28:30Z", "name": "Wakhan", "edit_date": "2015-02-20T20:28:30Z"}, "model": "activitydb.district", "pk": 23}, {"fields": {"province": 34, "create_date": "2015-02-20T20:28:30Z", "name": "Warduj", "edit_date": "2015-02-20T20:28:30Z"}, "model": "activitydb.district", "pk": 24}, {"fields": {"province": 34, "create_date": "2015-02-20T20:28:30Z", "name": "Yaftal Sufla", "edit_date": "2015-02-20T20:28:30Z"}, "model": "activitydb.district", "pk": 25}, {"fields": {"province": 34, "create_date": "2015-02-20T20:28:30Z", "name": "Yamgan (Girwan)", "edit_date": "2015-02-20T20:28:30Z"}, "model": "activitydb.district", "pk": 26}, {"fields": {"province": 34, "create_date": "2015-02-20T20:28:30Z", "name": "Yawan", "edit_date": "2015-02-20T20:28:30Z"}, "model": "activitydb.district", "pk": 27}, {"fields": {"province": 34, "create_date": "2015-02-20T20:28:30Z", "name": "Zebak", "edit_date": "2015-02-20T20:28:30Z"}, "model": "activitydb.district", "pk": 28}, {"fields": {"province": 1, "create_date": "2015-02-20T20:28:30Z", "name": "Ab Kamari", "edit_date": "2015-02-20T20:28:30Z"}, "model": "activitydb.district", "pk": 29}, {"fields": {"province": 1, "create_date": "2015-02-20T20:28:30Z", "name": "Bala Murghab", "edit_date": "2015-02-20T20:28:30Z"}, "model": "activitydb.district", "pk": 30}, {"fields": {"province": 1, "create_date": "2015-02-20T20:28:30Z", "name": "Ghormach", "edit_date": "2015-02-20T20:28:30Z"}, "model": "activitydb.district", "pk": 31}, {"fields": {"province": 1, "create_date": "2015-02-20T20:28:30Z", "name": "Jawand", "edit_date": "2015-02-20T20:28:30Z"}, "model": "activitydb.district", "pk": 32}, {"fields": {"province": 1, "create_date": "2015-02-20T20:28:30Z", "name": "Muqur", "edit_date": "2015-02-20T20:28:30Z"}, "model": "activitydb.district", "pk": 33}, {"fields": {"province": 1, "create_date": "2015-02-20T20:28:30Z", "name": "Qadis", "edit_date": "2015-02-20T20:28:30Z"}, "model": "activitydb.district", "pk": 34}, {"fields": {"province": 1, "create_date": "2015-02-20T20:28:30Z", "name": "Qala-I- Naw", "edit_date": "2015-02-20T20:28:30Z"}, "model": "activitydb.district", "pk": 35}, {"fields": {"province": 2, "create_date": "2015-02-20T20:28:30Z", "name": "Andarab", "edit_date": "2015-02-20T20:28:30Z"}, "model": "activitydb.district", "pk": 36}, {"fields": {"province": 2, "create_date": "2015-02-20T20:28:30Z", "name": "Baghlani Jadid", "edit_date": "2015-02-20T20:28:30Z"}, "model": "activitydb.district", "pk": 37}, {"fields": {"province": 2, "create_date": "2015-02-20T20:28:30Z", "name": "Burka", "edit_date": "2015-02-20T20:28:30Z"}, "model": "activitydb.district", "pk": 38}, {"fields": {"province": 2, "create_date": "2015-02-20T20:28:30Z", "name": "Dahana-I- Ghuri", "edit_date": "2015-02-20T20:28:30Z"}, "model": "activitydb.district", "pk": 39}, {"fields": {"province": 2, "create_date": "2015-02-20T20:28:30Z", "name": "Dih Salah", "edit_date": "2015-02-20T20:28:30Z"}, "model": "activitydb.district", "pk": 40}, {"fields": {"province": 2, "create_date": "2015-02-20T20:28:30Z", "name": "Dushi", "edit_date": "2015-02-20T20:28:30Z"}, "model": "activitydb.district", "pk": 41}, {"fields": {"province": 2, "create_date": "2015-02-20T20:28:30Z", "name": "Farang Wa Gharu", "edit_date": "2015-02-20T20:28:30Z"}, "model": "activitydb.district", "pk": 42}, {"fields": {"province": 2, "create_date": "2015-02-20T20:28:30Z", "name": "Guzargahi Nur", "edit_date": "2015-02-20T20:28:30Z"}, "model": "activitydb.district", "pk": 43}, {"fields": {"province": 2, "create_date": "2015-02-20T20:28:30Z", "name": "Khinjan", "edit_date": "2015-02-20T20:28:30Z"}, "model": "activitydb.district", "pk": 44}, {"fields": {"province": 2, "create_date": "2015-02-20T20:28:30Z", "name": "Khost Wa Firing", "edit_date": "2015-02-20T20:28:30Z"}, "model": "activitydb.district", "pk": 45}, {"fields": {"province": 2, "create_date": "2015-02-20T20:28:30Z", "name": "Khwaja Hijran (Jilga Nahrin)", "edit_date": "2015-02-20T20:28:30Z"}, "model": "activitydb.district", "pk": 46}, {"fields": {"province": 2, "create_date": "2015-02-20T20:28:30Z", "name": "Nahrin", "edit_date": "2015-02-20T20:28:30Z"}, "model": "activitydb.district", "pk": 47}, {"fields": {"province": 2, "create_date": "2015-02-20T20:28:30Z", "name": "Puli Hisar", "edit_date": "2015-02-20T20:28:30Z"}, "model": "activitydb.district", "pk": 48}, {"fields": {"province": 2, "create_date": "2015-02-20T20:28:30Z", "name": "Puli Khumri", "edit_date": "2015-02-20T20:28:30Z"}, "model": "activitydb.district", "pk": 49}, {"fields": {"province": 2, "create_date": "2015-02-20T20:28:30Z", "name": "Tala Wa Barfak", "edit_date": "2015-02-20T20:28:30Z"}, "model": "activitydb.district", "pk": 50}, {"fields": {"province": 3, "create_date": "2015-02-20T20:28:30Z", "name": "Balkh", "edit_date": "2015-02-20T20:28:30Z"}, "model": "activitydb.district", "pk": 51}, {"fields": {"province": 3, "create_date": "2015-02-20T20:28:30Z", "name": "Chahar Bolak", "edit_date": "2015-02-20T20:28:30Z"}, "model": "activitydb.district", "pk": 52}, {"fields": {"province": 3, "create_date": "2015-02-20T20:28:30Z", "name": "Chahar Kint", "edit_date": "2015-02-20T20:28:30Z"}, "model": "activitydb.district", "pk": 53}, {"fields": {"province": 3, "create_date": "2015-02-20T20:28:30Z", "name": "Chimtal", "edit_date": "2015-02-20T20:28:30Z"}, "model": "activitydb.district", "pk": 54}, {"fields": {"province": 3, "create_date": "2015-02-20T20:28:30Z", "name": "Dawlatabad", "edit_date": "2015-02-20T20:28:30Z"}, "model": "activitydb.district", "pk": 55}, {"fields": {"province": 3, "create_date": "2015-02-20T20:28:30Z", "name": "Dihdadi", "edit_date": "2015-02-20T20:28:30Z"}, "model": "activitydb.district", "pk": 56}, {"fields": {"province": 3, "create_date": "2015-02-20T20:28:30Z", "name": "Kaldar", "edit_date": "2015-02-20T20:28:30Z"}, "model": "activitydb.district", "pk": 57}, {"fields": {"province": 3, "create_date": "2015-02-20T20:28:30Z", "name": "Khulm", "edit_date": "2015-02-20T20:28:30Z"}, "model": "activitydb.district", "pk": 58}, {"fields": {"province": 3, "create_date": "2015-02-20T20:28:30Z", "name": "Kishindih", "edit_date": "2015-02-20T20:28:30Z"}, "model": "activitydb.district", "pk": 59}, {"fields": {"province": 3, "create_date": "2015-02-20T20:28:30Z", "name": "Marmul", "edit_date": "2015-02-20T20:28:30Z"}, "model": "activitydb.district", "pk": 60}, {"fields": {"province": 3, "create_date": "2015-02-20T20:28:30Z", "name": "Mazari Sharif", "edit_date": "2015-02-20T20:28:30Z"}, "model": "activitydb.district", "pk": 61}, {"fields": {"province": 3, "create_date": "2015-02-20T20:28:30Z", "name": "Nahri Shahi", "edit_date": "2015-02-20T20:28:30Z"}, "model": "activitydb.district", "pk": 62}, {"fields": {"province": 3, "create_date": "2015-02-20T20:28:30Z", "name": "Sharak Hairatan", "edit_date": "2015-02-20T20:28:30Z"}, "model": "activitydb.district", "pk": 63}, {"fields": {"province": 3, "create_date": "2015-02-20T20:28:30Z", "name": "Sholgara", "edit_date": "2015-02-20T20:28:30Z"}, "model": "activitydb.district", "pk": 64}, {"fields": {"province": 3, "create_date": "2015-02-20T20:28:30Z", "name": "Shortepa", "edit_date": "2015-02-20T20:28:30Z"}, "model": "activitydb.district", "pk": 65}, {"fields": {"province": 3, "create_date": "2015-02-20T20:28:30Z", "name": "Zari", "edit_date": "2015-02-20T20:28:30Z"}, "model": "activitydb.district", "pk": 66}, {"fields": {"province": 4, "create_date": "2015-02-20T20:28:30Z", "name": "Bamyan", "edit_date": "2015-02-20T20:28:30Z"}, "model": "activitydb.district", "pk": 67}, {"fields": {"province": 4, "create_date": "2015-02-20T20:28:30Z", "name": "Kahmard", "edit_date": "2015-02-20T20:28:30Z"}, "model": "activitydb.district", "pk": 68}, {"fields": {"province": 4, "create_date": "2015-02-20T20:28:30Z", "name": "Panjab", "edit_date": "2015-02-20T20:28:30Z"}, "model": "activitydb.district", "pk": 69}, {"fields": {"province": 4, "create_date": "2015-02-20T20:28:30Z", "name": "Sayghan", "edit_date": "2015-02-20T20:28:30Z"}, "model": "activitydb.district", "pk": 70}, {"fields": {"province": 4, "create_date": "2015-02-20T20:28:30Z", "name": "Shibar", "edit_date": "2015-02-20T20:28:30Z"}, "model": "activitydb.district", "pk": 71}, {"fields": {"province": 4, "create_date": "2015-02-20T20:28:30Z", "name": "Waras", "edit_date": "2015-02-20T20:28:30Z"}, "model": "activitydb.district", "pk": 72}, {"fields": {"province": 4, "create_date": "2015-02-20T20:28:30Z", "name": "Yakawlang", "edit_date": "2015-02-20T20:28:30Z"}, "model": "activitydb.district", "pk": 73}, {"fields": {"province": 5, "create_date": "2015-02-20T20:28:30Z", "name": "Gaiti", "edit_date": "2015-02-20T20:28:30Z"}, "model": "activitydb.district", "pk": 74}, {"fields": {"province": 5, "create_date": "2015-02-20T20:28:30Z", "name": "Gizab", "edit_date": "2015-02-20T20:28:30Z"}, "model": "activitydb.district", "pk": 75}, {"fields": {"province": 5, "create_date": "2015-02-20T20:28:30Z", "name": "Ishtarlay", "edit_date": "2015-02-20T20:28:30Z"}, "model": "activitydb.district", "pk": 76}, {"fields": {"province": 5, "create_date": "2015-02-20T20:28:30Z", "name": "Kajran", "edit_date": "2015-02-20T20:28:30Z"}, "model": "activitydb.district", "pk": 77}, {"fields": {"province": 5, "create_date": "2015-02-20T20:28:30Z", "name": "Khadir", "edit_date": "2015-02-20T20:28:30Z"}, "model": "activitydb.district", "pk": 78}, {"fields": {"province": 5, "create_date": "2015-02-20T20:28:30Z", "name": "Miramor", "edit_date": "2015-02-20T20:28:30Z"}, "model": "activitydb.district", "pk": 79}, {"fields": {"province": 5, "create_date": "2015-02-20T20:28:30Z", "name": "Nili", "edit_date": "2015-02-20T20:28:30Z"}, "model": "activitydb.district", "pk": 80}, {"fields": {"province": 5, "create_date": "2015-02-20T20:28:30Z", "name": "Sangi Takht", "edit_date": "2015-02-20T20:28:30Z"}, "model": "activitydb.district", "pk": 81}, {"fields": {"province": 5, "create_date": "2015-02-20T20:28:30Z", "name": "Shahristan", "edit_date": "2015-02-20T20:28:30Z"}, "model": "activitydb.district", "pk": 82}, {"fields": {"province": 6, "create_date": "2015-02-20T20:28:30Z", "name": "Anar Dara", "edit_date": "2015-02-20T20:28:30Z"}, "model": "activitydb.district", "pk": 83}, {"fields": {"province": 6, "create_date": "2015-02-20T20:28:30Z", "name": "Bakwa", "edit_date": "2015-02-20T20:28:30Z"}, "model": "activitydb.district", "pk": 84}, {"fields": {"province": 6, "create_date": "2015-02-20T20:28:30Z", "name": "Bala Buluk", "edit_date": "2015-02-20T20:28:30Z"}, "model": "activitydb.district", "pk": 85}, {"fields": {"province": 6, "create_date": "2015-02-20T20:28:30Z", "name": "Farah", "edit_date": "2015-02-20T20:28:30Z"}, "model": "activitydb.district", "pk": 86}, {"fields": {"province": 6, "create_date": "2015-02-20T20:28:30Z", "name": "Gulistan", "edit_date": "2015-02-20T20:28:30Z"}, "model": "activitydb.district", "pk": 87}, {"fields": {"province": 6, "create_date": "2015-02-20T20:28:30Z", "name": "Khaki Safed", "edit_date": "2015-02-20T20:28:30Z"}, "model": "activitydb.district", "pk": 88}, {"fields": {"province": 6, "create_date": "2015-02-20T20:28:30Z", "name": "Lash Wa Juwayn", "edit_date": "2015-02-20T20:28:30Z"}, "model": "activitydb.district", "pk": 89}, {"fields": {"province": 6, "create_date": "2015-02-20T20:28:30Z", "name": "Pur Chaman", "edit_date": "2015-02-20T20:28:30Z"}, "model": "activitydb.district", "pk": 90}, {"fields": {"province": 6, "create_date": "2015-02-20T20:28:30Z", "name": "Pusht Rod", "edit_date": "2015-02-20T20:28:30Z"}, "model": "activitydb.district", "pk": 91}, {"fields": {"province": 6, "create_date": "2015-02-20T20:28:30Z", "name": "Qala Ka", "edit_date": "2015-02-20T20:28:30Z"}, "model": "activitydb.district", "pk": 92}, {"fields": {"province": 6, "create_date": "2015-02-20T20:28:30Z", "name": "Shib Koh", "edit_date": "2015-02-20T20:28:30Z"}, "model": "activitydb.district", "pk": 93}, {"fields": {"province": 7, "create_date": "2015-02-20T20:28:30Z", "name": "Almar", "edit_date": "2015-02-20T20:28:30Z"}, "model": "activitydb.district", "pk": 94}, {"fields": {"province": 7, "create_date": "2015-02-20T20:28:30Z", "name": "Andkhoy", "edit_date": "2015-02-20T20:28:30Z"}, "model": "activitydb.district", "pk": 95}, {"fields": {"province": 7, "create_date": "2015-02-20T20:28:30Z", "name": "Bilchiragh", "edit_date": "2015-02-20T20:28:30Z"}, "model": "activitydb.district", "pk": 96}, {"fields": {"province": 7, "create_date": "2015-02-20T20:28:30Z", "name": "Dawlatabad", "edit_date": "2015-02-20T20:28:30Z"}, "model": "activitydb.district", "pk": 97}, {"fields": {"province": 7, "create_date": "2015-02-20T20:28:30Z", "name": "Gurziwan", "edit_date": "2015-02-20T20:28:30Z"}, "model": "activitydb.district", "pk": 98}, {"fields": {"province": 7, "create_date": "2015-02-20T20:28:30Z", "name": "Khani Chahar Bagh", "edit_date": "2015-02-20T20:28:30Z"}, "model": "activitydb.district", "pk": 99}, {"fields": {"province": 7, "create_date": "2015-02-20T20:28:30Z", "name": "Khwaja Sabz Posh", "edit_date": "2015-02-20T20:28:30Z"}, "model": "activitydb.district", "pk": 100}, {"fields": {"province": 7, "create_date": "2015-02-20T20:28:30Z", "name": "Kohistan", "edit_date": "2015-02-20T20:28:30Z"}, "model": "activitydb.district", "pk": 101}, {"fields": {"province": 7, "create_date": "2015-02-20T20:28:30Z", "name": "Maymana", "edit_date": "2015-02-20T20:28:30Z"}, "model": "activitydb.district", "pk": 102}, {"fields": {"province": 7, "create_date": "2015-02-20T20:28:30Z", "name": "Pashtun Kot", "edit_date": "2015-02-20T20:28:30Z"}, "model": "activitydb.district", "pk": 103}, {"fields": {"province": 7, "create_date": "2015-02-20T20:28:30Z", "name": "Qaramqol", "edit_date": "2015-02-20T20:28:30Z"}, "model": "activitydb.district", "pk": 104}, {"fields": {"province": 7, "create_date": "2015-02-20T20:28:30Z", "name": "Qaysar", "edit_date": "2015-02-20T20:28:30Z"}, "model": "activitydb.district", "pk": 105}, {"fields": {"province": 7, "create_date": "2015-02-20T20:28:30Z", "name": "Qurghan", "edit_date": "2015-02-20T20:28:30Z"}, "model": "activitydb.district", "pk": 106}, {"fields": {"province": 7, "create_date": "2015-02-20T20:28:30Z", "name": "Shirin Tagab", "edit_date": "2015-02-20T20:28:30Z"}, "model": "activitydb.district", "pk": 107}, {"fields": {"province": 8, "create_date": "2015-02-20T20:28:30Z", "name": "Ab Band", "edit_date": "2015-02-20T20:28:30Z"}, "model": "activitydb.district", "pk": 108}, {"fields": {"province": 8, "create_date": "2015-02-20T20:28:30Z", "name": "Ajristan", "edit_date": "2015-02-20T20:28:30Z"}, "model": "activitydb.district", "pk": 109}, {"fields": {"province": 8, "create_date": "2015-02-20T20:28:30Z", "name": "Andar", "edit_date": "2015-02-20T20:28:30Z"}, "model": "activitydb.district", "pk": 110}, {"fields": {"province": 8, "create_date": "2015-02-20T20:28:30Z", "name": "Bahrami Shahid (Jaghatu)", "edit_date": "2015-02-20T20:28:30Z"}, "model": "activitydb.district", "pk": 111}, {"fields": {"province": 8, "create_date": "2015-02-20T20:28:30Z", "name": "Dih Yak", "edit_date": "2015-02-20T20:28:30Z"}, "model": "activitydb.district", "pk": 112}, {"fields": {"province": 8, "create_date": "2015-02-20T20:28:30Z", "name": "Gelan", "edit_date": "2015-02-20T20:28:30Z"}, "model": "activitydb.district", "pk": 113}, {"fields": {"province": 8, "create_date": "2015-02-20T20:28:30Z", "name": "Ghazni", "edit_date": "2015-02-20T20:28:30Z"}, "model": "activitydb.district", "pk": 114}, {"fields": {"province": 8, "create_date": "2015-02-20T20:28:30Z", "name": "Giro", "edit_date": "2015-02-20T20:28:30Z"}, "model": "activitydb.district", "pk": 115}, {"fields": {"province": 8, "create_date": "2015-02-20T20:28:30Z", "name": "Jaghuri", "edit_date": "2015-02-20T20:28:30Z"}, "model": "activitydb.district", "pk": 116}, {"fields": {"province": 8, "create_date": "2015-02-20T20:28:30Z", "name": "Khwaja Umari", "edit_date": "2015-02-20T20:28:30Z"}, "model": "activitydb.district", "pk": 117}, {"fields": {"province": 8, "create_date": "2015-02-20T20:28:30Z", "name": "Malistan", "edit_date": "2015-02-20T20:28:30Z"}, "model": "activitydb.district", "pk": 118}, {"fields": {"province": 8, "create_date": "2015-02-20T20:28:30Z", "name": "Muqur", "edit_date": "2015-02-20T20:28:30Z"}, "model": "activitydb.district", "pk": 119}, {"fields": {"province": 8, "create_date": "2015-02-20T20:28:30Z", "name": "Nawa", "edit_date": "2015-02-20T20:28:30Z"}, "model": "activitydb.district", "pk": 120}, {"fields": {"province": 8, "create_date": "2015-02-20T20:28:30Z", "name": "Nawur", "edit_date": "2015-02-20T20:28:30Z"}, "model": "activitydb.district", "pk": 121}, {"fields": {"province": 8, "create_date": "2015-02-20T20:28:30Z", "name": "Qarabagh", "edit_date": "2015-02-20T20:28:30Z"}, "model": "activitydb.district", "pk": 122}, {"fields": {"province": 8, "create_date": "2015-02-20T20:28:30Z", "name": "Rashidan", "edit_date": "2015-02-20T20:28:30Z"}, "model": "activitydb.district", "pk": 123}, {"fields": {"province": 8, "create_date": "2015-02-20T20:28:30Z", "name": "Waghaz", "edit_date": "2015-02-20T20:28:30Z"}, "model": "activitydb.district", "pk": 124}, {"fields": {"province": 8, "create_date": "2015-02-20T20:28:30Z", "name": "Wali Muhammadi Shahid", "edit_date": "2015-02-20T20:28:30Z"}, "model": "activitydb.district", "pk": 125}, {"fields": {"province": 8, "create_date": "2015-02-20T20:28:30Z", "name": "Zana Khan", "edit_date": "2015-02-20T20:28:30Z"}, "model": "activitydb.district", "pk": 126}, {"fields": {"province": 9, "create_date": "2015-02-20T20:28:30Z", "name": "Chaghcharan", "edit_date": "2015-02-20T20:28:30Z"}, "model": "activitydb.district", "pk": 127}, {"fields": {"province": 9, "create_date": "2015-02-20T20:28:30Z", "name": "Charsada", "edit_date": "2015-02-20T20:28:30Z"}, "model": "activitydb.district", "pk": 128}, {"fields": {"province": 9, "create_date": "2015-02-20T20:28:30Z", "name": "Dawlat Yar", "edit_date": "2015-02-20T20:28:30Z"}, "model": "activitydb.district", "pk": 129}, {"fields": {"province": 9, "create_date": "2015-02-20T20:28:30Z", "name": "Du Layna", "edit_date": "2015-02-20T20:28:30Z"}, "model": "activitydb.district", "pk": 130}, {"fields": {"province": 9, "create_date": "2015-02-20T20:28:30Z", "name": "Lal Wa Sarjangal", "edit_date": "2015-02-20T20:28:30Z"}, "model": "activitydb.district", "pk": 131}, {"fields": {"province": 9, "create_date": "2015-02-20T20:28:30Z", "name": "Pasaband", "edit_date": "2015-02-20T20:28:30Z"}, "model": "activitydb.district", "pk": 132}, {"fields": {"province": 9, "create_date": "2015-02-20T20:28:30Z", "name": "Saghar", "edit_date": "2015-02-20T20:28:30Z"}, "model": "activitydb.district", "pk": 133}, {"fields": {"province": 9, "create_date": "2015-02-20T20:28:30Z", "name": "Shahrak", "edit_date": "2015-02-20T20:28:30Z"}, "model": "activitydb.district", "pk": 134}, {"fields": {"province": 9, "create_date": "2015-02-20T20:28:30Z", "name": "Taywara", "edit_date": "2015-02-20T20:28:30Z"}, "model": "activitydb.district", "pk": 135}, {"fields": {"province": 9, "create_date": "2015-02-20T20:28:30Z", "name": "Tulak", "edit_date": "2015-02-20T20:28:30Z"}, "model": "activitydb.district", "pk": 136}, {"fields": {"province": 10, "create_date": "2015-02-20T20:28:30Z", "name": "Baghran", "edit_date": "2015-02-20T20:28:30Z"}, "model": "activitydb.district", "pk": 137}, {"fields": {"province": 10, "create_date": "2015-02-20T20:28:30Z", "name": "Dishu", "edit_date": "2015-02-20T20:28:30Z"}, "model": "activitydb.district", "pk": 138}, {"fields": {"province": 10, "create_date": "2015-02-20T20:28:30Z", "name": "Garmser", "edit_date": "2015-02-20T20:28:30Z"}, "model": "activitydb.district", "pk": 139}, {"fields": {"province": 10, "create_date": "2015-02-20T20:28:30Z", "name": "Kajaki", "edit_date": "2015-02-20T20:28:30Z"}, "model": "activitydb.district", "pk": 140}, {"fields": {"province": 10, "create_date": "2015-02-20T20:28:30Z", "name": "Lashkar Gah", "edit_date": "2015-02-20T20:28:30Z"}, "model": "activitydb.district", "pk": 141}, {"fields": {"province": 10, "create_date": "2015-02-20T20:28:30Z", "name": "Musa Qala", "edit_date": "2015-02-20T20:28:30Z"}, "model": "activitydb.district", "pk": 142}, {"fields": {"province": 10, "create_date": "2015-02-20T20:28:30Z", "name": "Nad Ali", "edit_date": "2015-02-20T20:28:30Z"}, "model": "activitydb.district", "pk": 143}, {"fields": {"province": 10, "create_date": "2015-02-20T20:28:30Z", "name": "Nahri Sarraj", "edit_date": "2015-02-20T20:28:30Z"}, "model": "activitydb.district", "pk": 144}, {"fields": {"province": 10, "create_date": "2015-02-20T20:28:30Z", "name": "Naw Zad", "edit_date": "2015-02-20T20:28:30Z"}, "model": "activitydb.district", "pk": 145}, {"fields": {"province": 10, "create_date": "2015-02-20T20:28:30Z", "name": "Nawa-I- Barak Zayi", "edit_date": "2015-02-20T20:28:30Z"}, "model": "activitydb.district", "pk": 146}, {"fields": {"province": 10, "create_date": "2015-02-20T20:28:30Z", "name": "Reg(Khanshin)", "edit_date": "2015-02-20T20:28:30Z"}, "model": "activitydb.district", "pk": 147}, {"fields": {"province": 10, "create_date": "2015-02-20T20:28:30Z", "name": "Sangin", "edit_date": "2015-02-20T20:28:30Z"}, "model": "activitydb.district", "pk": 148}, {"fields": {"province": 10, "create_date": "2015-02-20T20:28:30Z", "name": "Washer", "edit_date": "2015-02-20T20:28:30Z"}, "model": "activitydb.district", "pk": 149}, {"fields": {"province": 11, "create_date": "2015-02-20T20:28:30Z", "name": "Adraskan", "edit_date": "2015-02-20T20:28:30Z"}, "model": "activitydb.district", "pk": 150}, {"fields": {"province": 11, "create_date": "2015-02-20T20:28:30Z", "name": "Chishti Sharif", "edit_date": "2015-02-20T20:28:30Z"}, "model": "activitydb.district", "pk": 151}, {"fields": {"province": 11, "create_date": "2015-02-20T20:28:30Z", "name": "Farsi", "edit_date": "2015-02-20T20:28:30Z"}, "model": "activitydb.district", "pk": 152}, {"fields": {"province": 11, "create_date": "2015-02-20T20:28:30Z", "name": "Ghoryan", "edit_date": "2015-02-20T20:28:30Z"}, "model": "activitydb.district", "pk": 153}, {"fields": {"province": 11, "create_date": "2015-02-20T20:28:30Z", "name": "Gulran", "edit_date": "2015-02-20T20:28:30Z"}, "model": "activitydb.district", "pk": 154}, {"fields": {"province": 11, "create_date": "2015-02-20T20:28:30Z", "name": "Guzara", "edit_date": "2015-02-20T20:28:30Z"}, "model": "activitydb.district", "pk": 155}, {"fields": {"province": 11, "create_date": "2015-02-20T20:28:30Z", "name": "Hirat", "edit_date": "2015-02-20T20:28:30Z"}, "model": "activitydb.district", "pk": 156}, {"fields": {"province": 11, "create_date": "2015-02-20T20:28:30Z", "name": "Injil", "edit_date": "2015-02-20T20:28:30Z"}, "model": "activitydb.district", "pk": 157}, {"fields": {"province": 11, "create_date": "2015-02-20T20:28:30Z", "name": "Karukh", "edit_date": "2015-02-20T20:28:30Z"}, "model": "activitydb.district", "pk": 158}, {"fields": {"province": 11, "create_date": "2015-02-20T20:28:30Z", "name": "Kohsan", "edit_date": "2015-02-20T20:28:30Z"}, "model": "activitydb.district", "pk": 159}, {"fields": {"province": 11, "create_date": "2015-02-20T20:28:30Z", "name": "Koshk", "edit_date": "2015-02-20T20:28:30Z"}, "model": "activitydb.district", "pk": 160}, {"fields": {"province": 11, "create_date": "2015-02-20T20:28:30Z", "name": "Koshki Kohna", "edit_date": "2015-02-20T20:28:30Z"}, "model": "activitydb.district", "pk": 161}, {"fields": {"province": 11, "create_date": "2015-02-20T20:28:30Z", "name": "Obe", "edit_date": "2015-02-20T20:28:30Z"}, "model": "activitydb.district", "pk": 162}, {"fields": {"province": 11, "create_date": "2015-02-20T20:28:30Z", "name": "Pashtun Zarghun", "edit_date": "2015-02-20T20:28:30Z"}, "model": "activitydb.district", "pk": 163}, {"fields": {"province": 11, "create_date": "2015-02-20T20:28:30Z", "name": "Zanda jan", "edit_date": "2015-02-20T20:28:30Z"}, "model": "activitydb.district", "pk": 164}, {"fields": {"province": 11, "create_date": "2015-02-20T20:28:30Z", "name": "Shindand", "edit_date": "2015-02-20T20:28:30Z"}, "model": "activitydb.district", "pk": 165}, {"fields": {"province": 12, "create_date": "2015-02-20T20:28:30Z", "name": "Aqcha", "edit_date": "2015-02-20T20:28:30Z"}, "model": "activitydb.district", "pk": 166}, {"fields": {"province": 12, "create_date": "2015-02-20T20:28:30Z", "name": "Darzab", "edit_date": "2015-02-20T20:28:30Z"}, "model": "activitydb.district", "pk": 167}, {"fields": {"province": 12, "create_date": "2015-02-20T20:28:30Z", "name": "Fayzabad", "edit_date": "2015-02-20T20:28:30Z"}, "model": "activitydb.district", "pk": 168}, {"fields": {"province": 12, "create_date": "2015-02-20T20:28:30Z", "name": "Kham Ab", "edit_date": "2015-02-20T20:28:30Z"}, "model": "activitydb.district", "pk": 169}, {"fields": {"province": 12, "create_date": "2015-02-20T20:28:30Z", "name": "Khaniqa", "edit_date": "2015-02-20T20:28:30Z"}, "model": "activitydb.district", "pk": 170}, {"fields": {"province": 12, "create_date": "2015-02-20T20:28:30Z", "name": "Khwaja Du Koh", "edit_date": "2015-02-20T20:28:30Z"}, "model": "activitydb.district", "pk": 171}, {"fields": {"province": 12, "create_date": "2015-02-20T20:28:30Z", "name": "Mangajek", "edit_date": "2015-02-20T20:28:30Z"}, "model": "activitydb.district", "pk": 172}, {"fields": {"province": 12, "create_date": "2015-02-20T20:28:30Z", "name": "Mardyan", "edit_date": "2015-02-20T20:28:30Z"}, "model": "activitydb.district", "pk": 173}, {"fields": {"province": 12, "create_date": "2015-02-20T20:28:30Z", "name": "Qarqin", "edit_date": "2015-02-20T20:28:30Z"}, "model": "activitydb.district", "pk": 174}, {"fields": {"province": 12, "create_date": "2015-02-20T20:28:30Z", "name": "Qush Tepa", "edit_date": "2015-02-20T20:28:30Z"}, "model": "activitydb.district", "pk": 175}, {"fields": {"province": 12, "create_date": "2015-02-20T20:28:30Z", "name": "Shibirghan", "edit_date": "2015-02-20T20:28:30Z"}, "model": "activitydb.district", "pk": 176}, {"fields": {"province": 13, "create_date": "2015-02-20T20:28:30Z", "name": "Bagrami", "edit_date": "2015-02-20T20:28:30Z"}, "model": "activitydb.district", "pk": 177}, {"fields": {"province": 13, "create_date": "2015-02-20T20:28:30Z", "name": "Chahar Asyab", "edit_date": "2015-02-20T20:28:30Z"}, "model": "activitydb.district", "pk": 178}, {"fields": {"province": 13, "create_date": "2015-02-20T20:28:30Z", "name": "Dih Sabz", "edit_date": "2015-02-20T20:28:30Z"}, "model": "activitydb.district", "pk": 179}, {"fields": {"province": 13, "create_date": "2015-02-20T20:28:30Z", "name": "Farza", "edit_date": "2015-02-20T20:28:30Z"}, "model": "activitydb.district", "pk": 180}, {"fields": {"province": 13, "create_date": "2015-02-20T20:28:30Z", "name": "Guldara", "edit_date": "2015-02-20T20:28:30Z"}, "model": "activitydb.district", "pk": 181}, {"fields": {"province": 13, "create_date": "2015-02-20T20:28:30Z", "name": "Istalif", "edit_date": "2015-02-20T20:28:30Z"}, "model": "activitydb.district", "pk": 182}, {"fields": {"province": 13, "create_date": "2015-02-20T20:28:30Z", "name": "Kabul", "edit_date": "2015-02-20T20:28:30Z"}, "model": "activitydb.district", "pk": 183}, {"fields": {"province": 13, "create_date": "2015-02-20T20:28:30Z", "name": "Kalakan", "edit_date": "2015-02-20T20:28:30Z"}, "model": "activitydb.district", "pk": 184}, {"fields": {"province": 13, "create_date": "2015-02-20T20:28:30Z", "name": "Khaki Jabbar", "edit_date": "2015-02-20T20:28:30Z"}, "model": "activitydb.district", "pk": 185}, {"fields": {"province": 13, "create_date": "2015-02-20T20:28:30Z", "name": "Mir Bacha Kot", "edit_date": "2015-02-20T20:28:30Z"}, "model": "activitydb.district", "pk": 186}, {"fields": {"province": 13, "create_date": "2015-02-20T20:28:30Z", "name": "Musayi", "edit_date": "2015-02-20T20:28:30Z"}, "model": "activitydb.district", "pk": 187}, {"fields": {"province": 13, "create_date": "2015-02-20T20:28:30Z", "name": "Paghman", "edit_date": "2015-02-20T20:28:30Z"}, "model": "activitydb.district", "pk": 188}, {"fields": {"province": 13, "create_date": "2015-02-20T20:28:30Z", "name": "Qarabagh", "edit_date": "2015-02-20T20:28:30Z"}, "model": "activitydb.district", "pk": 189}, {"fields": {"province": 13, "create_date": "2015-02-20T20:28:30Z", "name": "Shakardara", "edit_date": "2015-02-20T20:28:30Z"}, "model": "activitydb.district", "pk": 190}, {"fields": {"province": 13, "create_date": "2015-02-20T20:28:30Z", "name": "Surobi", "edit_date": "2015-02-20T20:28:30Z"}, "model": "activitydb.district", "pk": 191}, {"fields": {"province": 14, "create_date": "2015-02-20T20:28:30Z", "name": "Arghandab", "edit_date": "2015-02-20T20:28:30Z"}, "model": "activitydb.district", "pk": 192}, {"fields": {"province": 14, "create_date": "2015-02-20T20:28:30Z", "name": "Arghistan", "edit_date": "2015-02-20T20:28:30Z"}, "model": "activitydb.district", "pk": 193}, {"fields": {"province": 14, "create_date": "2015-02-20T20:28:30Z", "name": "Daman", "edit_date": "2015-02-20T20:28:30Z"}, "model": "activitydb.district", "pk": 194}, {"fields": {"province": 14, "create_date": "2015-02-20T20:28:30Z", "name": "Ghorak", "edit_date": "2015-02-20T20:28:30Z"}, "model": "activitydb.district", "pk": 195}, {"fields": {"province": 14, "create_date": "2015-02-20T20:28:30Z", "name": "Kandahar", "edit_date": "2015-02-20T20:28:30Z"}, "model": "activitydb.district", "pk": 196}, {"fields": {"province": 14, "create_date": "2015-02-20T20:28:30Z", "name": "Khakrez", "edit_date": "2015-02-20T20:28:30Z"}, "model": "activitydb.district", "pk": 197}, {"fields": {"province": 14, "create_date": "2015-02-20T20:28:30Z", "name": "Maruf", "edit_date": "2015-02-20T20:28:30Z"}, "model": "activitydb.district", "pk": 198}, {"fields": {"province": 14, "create_date": "2015-02-20T20:28:30Z", "name": "Maywand", "edit_date": "2015-02-20T20:28:30Z"}, "model": "activitydb.district", "pk": 199}, {"fields": {"province": 14, "create_date": "2015-02-20T20:28:30Z", "name": "Miya Nishin", "edit_date": "2015-02-20T20:28:30Z"}, "model": "activitydb.district", "pk": 200}, {"fields": {"province": 14, "create_date": "2015-02-20T20:28:30Z", "name": "Nesh", "edit_date": "2015-02-20T20:28:30Z"}, "model": "activitydb.district", "pk": 201}, {"fields": {"province": 14, "create_date": "2015-02-20T20:28:30Z", "name": "Panjwayi", "edit_date": "2015-02-20T20:28:30Z"}, "model": "activitydb.district", "pk": 202}, {"fields": {"province": 14, "create_date": "2015-02-20T20:28:30Z", "name": "Registan", "edit_date": "2015-02-20T20:28:30Z"}, "model": "activitydb.district", "pk": 203}, {"fields": {"province": 14, "create_date": "2015-02-20T20:28:30Z", "name": "Shah Wali Kot", "edit_date": "2015-02-20T20:28:30Z"}, "model": "activitydb.district", "pk": 204}, {"fields": {"province": 14, "create_date": "2015-02-20T20:28:30Z", "name": "Shorabak", "edit_date": "2015-02-20T20:28:30Z"}, "model": "activitydb.district", "pk": 205}, {"fields": {"province": 14, "create_date": "2015-02-20T20:28:30Z", "name": "Spin Boldak", "edit_date": "2015-02-20T20:28:30Z"}, "model": "activitydb.district", "pk": 206}, {"fields": {"province": 14, "create_date": "2015-02-20T20:28:30Z", "name": "Zhari", "edit_date": "2015-02-20T20:28:30Z"}, "model": "activitydb.district", "pk": 207}, {"fields": {"province": 15, "create_date": "2015-02-20T20:28:30Z", "name": "Alasay", "edit_date": "2015-02-20T20:28:30Z"}, "model": "activitydb.district", "pk": 208}, {"fields": {"province": 15, "create_date": "2015-02-20T20:28:30Z", "name": "Hisa-i-Awali Kohistan", "edit_date": "2015-02-20T20:28:30Z"}, "model": "activitydb.district", "pk": 209}, {"fields": {"province": 15, "create_date": "2015-02-20T20:28:30Z", "name": "Hisa-i-Duwumi Kohistan", "edit_date": "2015-02-20T20:28:30Z"}, "model": "activitydb.district", "pk": 210}, {"fields": {"province": 15, "create_date": "2015-02-20T20:28:30Z", "name": "Koh Band", "edit_date": "2015-02-20T20:28:30Z"}, "model": "activitydb.district", "pk": 211}, {"fields": {"province": 15, "create_date": "2015-02-20T20:28:30Z", "name": "Mahmudi Raqi", "edit_date": "2015-02-20T20:28:30Z"}, "model": "activitydb.district", "pk": 212}, {"fields": {"province": 15, "create_date": "2015-02-20T20:28:30Z", "name": "Nijrab", "edit_date": "2015-02-20T20:28:30Z"}, "model": "activitydb.district", "pk": 213}, {"fields": {"province": 15, "create_date": "2015-02-20T20:28:31Z", "name": "Tagab", "edit_date": "2015-02-20T20:28:31Z"}, "model": "activitydb.district", "pk": 214}, {"fields": {"province": 16, "create_date": "2015-02-20T20:28:31Z", "name": "Bak", "edit_date": "2015-02-20T20:28:31Z"}, "model": "activitydb.district", "pk": 215}, {"fields": {"province": 16, "create_date": "2015-02-20T20:28:31Z", "name": "Gurbuz", "edit_date": "2015-02-20T20:28:31Z"}, "model": "activitydb.district", "pk": 216}, {"fields": {"province": 16, "create_date": "2015-02-20T20:28:31Z", "name": "Jaji Maidan", "edit_date": "2015-02-20T20:28:31Z"}, "model": "activitydb.district", "pk": 217}, {"fields": {"province": 16, "create_date": "2015-02-20T20:28:31Z", "name": "Khost(Matun)", "edit_date": "2015-02-20T20:28:31Z"}, "model": "activitydb.district", "pk": 218}, {"fields": {"province": 16, "create_date": "2015-02-20T20:28:31Z", "name": "Mando Zayi", "edit_date": "2015-02-20T20:28:31Z"}, "model": "activitydb.district", "pk": 219}, {"fields": {"province": 16, "create_date": "2015-02-20T20:28:31Z", "name": "Mosa Khail", "edit_date": "2015-02-20T20:28:31Z"}, "model": "activitydb.district", "pk": 220}, {"fields": {"province": 16, "create_date": "2015-02-20T20:28:31Z", "name": "Nadir Shah Kot", "edit_date": "2015-02-20T20:28:31Z"}, "model": "activitydb.district", "pk": 221}, {"fields": {"province": 16, "create_date": "2015-02-20T20:28:31Z", "name": "Qalandar", "edit_date": "2015-02-20T20:28:31Z"}, "model": "activitydb.district", "pk": 222}, {"fields": {"province": 16, "create_date": "2015-02-20T20:28:31Z", "name": "Sabri", "edit_date": "2015-02-20T20:28:31Z"}, "model": "activitydb.district", "pk": 223}, {"fields": {"province": 16, "create_date": "2015-02-20T20:28:31Z", "name": "Shamal", "edit_date": "2015-02-20T20:28:31Z"}, "model": "activitydb.district", "pk": 224}, {"fields": {"province": 16, "create_date": "2015-02-20T20:28:31Z", "name": "Spira", "edit_date": "2015-02-20T20:28:31Z"}, "model": "activitydb.district", "pk": 225}, {"fields": {"province": 16, "create_date": "2015-02-20T20:28:31Z", "name": "Tani", "edit_date": "2015-02-20T20:28:31Z"}, "model": "activitydb.district", "pk": 226}, {"fields": {"province": 16, "create_date": "2015-02-20T20:28:31Z", "name": "Tere Zayi", "edit_date": "2015-02-20T20:28:31Z"}, "model": "activitydb.district", "pk": 227}, {"fields": {"province": 17, "create_date": "2015-02-20T20:28:31Z", "name": "Asadabad", "edit_date": "2015-02-20T20:28:31Z"}, "model": "activitydb.district", "pk": 228}, {"fields": {"province": 17, "create_date": "2015-02-20T20:28:31Z", "name": "Bar Kunar", "edit_date": "2015-02-20T20:28:31Z"}, "model": "activitydb.district", "pk": 229}, {"fields": {"province": 17, "create_date": "2015-02-20T20:28:31Z", "name": "Chapa Dara", "edit_date": "2015-02-20T20:28:31Z"}, "model": "activitydb.district", "pk": 230}, {"fields": {"province": 17, "create_date": "2015-02-20T20:28:31Z", "name": "Chawkay", "edit_date": "2015-02-20T20:28:31Z"}, "model": "activitydb.district", "pk": 231}, {"fields": {"province": 17, "create_date": "2015-02-20T20:28:31Z", "name": "Dangam", "edit_date": "2015-02-20T20:28:31Z"}, "model": "activitydb.district", "pk": 232}, {"fields": {"province": 17, "create_date": "2015-02-20T20:28:31Z", "name": "Dara-I-Pech", "edit_date": "2015-02-20T20:28:31Z"}, "model": "activitydb.district", "pk": 233}, {"fields": {"province": 17, "create_date": "2015-02-20T20:28:31Z", "name": "Ghaziabad", "edit_date": "2015-02-20T20:28:31Z"}, "model": "activitydb.district", "pk": 234}, {"fields": {"province": 17, "create_date": "2015-02-20T20:28:31Z", "name": "Khas Kunar", "edit_date": "2015-02-20T20:28:31Z"}, "model": "activitydb.district", "pk": 235}, {"fields": {"province": 17, "create_date": "2015-02-20T20:28:31Z", "name": "Marawara", "edit_date": "2015-02-20T20:28:31Z"}, "model": "activitydb.district", "pk": 236}, {"fields": {"province": 17, "create_date": "2015-02-20T20:28:31Z", "name": "Narang", "edit_date": "2015-02-20T20:28:31Z"}, "model": "activitydb.district", "pk": 237}, {"fields": {"province": 17, "create_date": "2015-02-20T20:28:31Z", "name": "Nari", "edit_date": "2015-02-20T20:28:31Z"}, "model": "activitydb.district", "pk": 238}, {"fields": {"province": 17, "create_date": "2015-02-20T20:28:31Z", "name": "Nurgal", "edit_date": "2015-02-20T20:28:31Z"}, "model": "activitydb.district", "pk": 239}, {"fields": {"province": 17, "create_date": "2015-02-20T20:28:31Z", "name": "Sarkani", "edit_date": "2015-02-20T20:28:31Z"}, "model": "activitydb.district", "pk": 240}, {"fields": {"province": 17, "create_date": "2015-02-20T20:28:31Z", "name": "Shaygal wa shital", "edit_date": "2015-02-20T20:28:31Z"}, "model": "activitydb.district", "pk": 241}, {"fields": {"province": 17, "create_date": "2015-02-20T20:28:31Z", "name": "Wata Pur", "edit_date": "2015-02-20T20:28:31Z"}, "model": "activitydb.district", "pk": 242}, {"fields": {"province": 18, "create_date": "2015-02-20T20:28:31Z", "name": "Aliabad", "edit_date": "2015-02-20T20:28:31Z"}, "model": "activitydb.district", "pk": 243}, {"fields": {"province": 18, "create_date": "2015-02-20T20:28:31Z", "name": "Chahar Dara", "edit_date": "2015-02-20T20:28:31Z"}, "model": "activitydb.district", "pk": 244}, {"fields": {"province": 18, "create_date": "2015-02-20T20:28:31Z", "name": "Dashte Archi", "edit_date": "2015-02-20T20:28:31Z"}, "model": "activitydb.district", "pk": 245}, {"fields": {"province": 18, "create_date": "2015-02-20T20:28:31Z", "name": "Imam Sahib", "edit_date": "2015-02-20T20:28:31Z"}, "model": "activitydb.district", "pk": 246}, {"fields": {"province": 18, "create_date": "2015-02-20T20:28:31Z", "name": "Khanabad", "edit_date": "2015-02-20T20:28:31Z"}, "model": "activitydb.district", "pk": 247}, {"fields": {"province": 18, "create_date": "2015-02-20T20:28:31Z", "name": "Kunduz", "edit_date": "2015-02-20T20:28:31Z"}, "model": "activitydb.district", "pk": 248}, {"fields": {"province": 18, "create_date": "2015-02-20T20:28:31Z", "name": "Qalay-I- Zal", "edit_date": "2015-02-20T20:28:31Z"}, "model": "activitydb.district", "pk": 249}, {"fields": {"province": 19, "create_date": "2015-02-20T20:28:31Z", "name": "Alingar", "edit_date": "2015-02-20T20:28:31Z"}, "model": "activitydb.district", "pk": 250}, {"fields": {"province": 19, "create_date": "2015-02-20T20:28:31Z", "name": "Alishing", "edit_date": "2015-02-20T20:28:31Z"}, "model": "activitydb.district", "pk": 251}, {"fields": {"province": 19, "create_date": "2015-02-20T20:28:31Z", "name": "Daulatshahi", "edit_date": "2015-02-20T20:28:31Z"}, "model": "activitydb.district", "pk": 252}, {"fields": {"province": 19, "create_date": "2015-02-20T20:28:31Z", "name": "Mihtarlam", "edit_date": "2015-02-20T20:28:31Z"}, "model": "activitydb.district", "pk": 253}, {"fields": {"province": 19, "create_date": "2015-02-20T20:28:31Z", "name": "Qarghayi", "edit_date": "2015-02-20T20:28:31Z"}, "model": "activitydb.district", "pk": 254}, {"fields": {"province": 20, "create_date": "2015-02-20T20:28:31Z", "name": "Azra", "edit_date": "2015-02-20T20:28:31Z"}, "model": "activitydb.district", "pk": 255}, {"fields": {"province": 20, "create_date": "2015-02-20T20:28:31Z", "name": "Baraki Barak", "edit_date": "2015-02-20T20:28:31Z"}, "model": "activitydb.district", "pk": 256}, {"fields": {"province": 20, "create_date": "2015-02-20T20:28:31Z", "name": "Charkh", "edit_date": "2015-02-20T20:28:31Z"}, "model": "activitydb.district", "pk": 257}, {"fields": {"province": 20, "create_date": "2015-02-20T20:28:31Z", "name": "Kharwar", "edit_date": "2015-02-20T20:28:31Z"}, "model": "activitydb.district", "pk": 258}, {"fields": {"province": 20, "create_date": "2015-02-20T20:28:31Z", "name": "Khoshi", "edit_date": "2015-02-20T20:28:31Z"}, "model": "activitydb.district", "pk": 259}, {"fields": {"province": 20, "create_date": "2015-02-20T20:28:31Z", "name": "Mohammad Agha", "edit_date": "2015-02-20T20:28:31Z"}, "model": "activitydb.district", "pk": 260}, {"fields": {"province": 20, "create_date": "2015-02-20T20:28:31Z", "name": "Puli Alam", "edit_date": "2015-02-20T20:28:31Z"}, "model": "activitydb.district", "pk": 261}, {"fields": {"province": 21, "create_date": "2015-02-20T20:28:31Z", "name": "Chaki Wardak", "edit_date": "2015-02-20T20:28:31Z"}, "model": "activitydb.district", "pk": 262}, {"fields": {"province": 21, "create_date": "2015-02-20T20:28:31Z", "name": "Day Mirdad", "edit_date": "2015-02-20T20:28:31Z"}, "model": "activitydb.district", "pk": 263}, {"fields": {"province": 21, "create_date": "2015-02-20T20:28:31Z", "name": "Hisa-I- Awali Bihsud", "edit_date": "2015-02-20T20:28:31Z"}, "model": "activitydb.district", "pk": 264}, {"fields": {"province": 21, "create_date": "2015-02-20T20:28:31Z", "name": "Jaghatu", "edit_date": "2015-02-20T20:28:31Z"}, "model": "activitydb.district", "pk": 265}, {"fields": {"province": 21, "create_date": "2015-02-20T20:28:31Z", "name": "Jalrez", "edit_date": "2015-02-20T20:28:31Z"}, "model": "activitydb.district", "pk": 266}, {"fields": {"province": 21, "create_date": "2015-02-20T20:28:31Z", "name": "Markazi Bihsud", "edit_date": "2015-02-20T20:28:31Z"}, "model": "activitydb.district", "pk": 267}, {"fields": {"province": 21, "create_date": "2015-02-20T20:28:31Z", "name": "Maydan Shahr", "edit_date": "2015-02-20T20:28:31Z"}, "model": "activitydb.district", "pk": 268}, {"fields": {"province": 21, "create_date": "2015-02-20T20:28:31Z", "name": "Nirkh", "edit_date": "2015-02-20T20:28:31Z"}, "model": "activitydb.district", "pk": 269}, {"fields": {"province": 21, "create_date": "2015-02-20T20:28:31Z", "name": "Saydabad", "edit_date": "2015-02-20T20:28:31Z"}, "model": "activitydb.district", "pk": 270}, {"fields": {"province": 22, "create_date": "2015-02-20T20:28:31Z", "name": "Acheen", "edit_date": "2015-02-20T20:28:31Z"}, "model": "activitydb.district", "pk": 271}, {"fields": {"province": 22, "create_date": "2015-02-20T20:28:31Z", "name": "Bati Kot", "edit_date": "2015-02-20T20:28:31Z"}, "model": "activitydb.district", "pk": 272}, {"fields": {"province": 22, "create_date": "2015-02-20T20:28:31Z", "name": "Bihsud", "edit_date": "2015-02-20T20:28:31Z"}, "model": "activitydb.district", "pk": 273}, {"fields": {"province": 22, "create_date": "2015-02-20T20:28:31Z", "name": "Chaparhar", "edit_date": "2015-02-20T20:28:31Z"}, "model": "activitydb.district", "pk": 274}, {"fields": {"province": 22, "create_date": "2015-02-20T20:28:31Z", "name": "Dara-I-Nur", "edit_date": "2015-02-20T20:28:31Z"}, "model": "activitydb.district", "pk": 275}, {"fields": {"province": 22, "create_date": "2015-02-20T20:28:31Z", "name": "Deh Bala", "edit_date": "2015-02-20T20:28:31Z"}, "model": "activitydb.district", "pk": 276}, {"fields": {"province": 22, "create_date": "2015-02-20T20:28:31Z", "name": "Dur Baba", "edit_date": "2015-02-20T20:28:31Z"}, "model": "activitydb.district", "pk": 277}, {"fields": {"province": 22, "create_date": "2015-02-20T20:28:31Z", "name": "Goshta", "edit_date": "2015-02-20T20:28:31Z"}, "model": "activitydb.district", "pk": 278}, {"fields": {"province": 22, "create_date": "2015-02-20T20:28:31Z", "name": "Hesarak", "edit_date": "2015-02-20T20:28:31Z"}, "model": "activitydb.district", "pk": 279}, {"fields": {"province": 22, "create_date": "2015-02-20T20:28:31Z", "name": "Jalalabad", "edit_date": "2015-02-20T20:28:31Z"}, "model": "activitydb.district", "pk": 280}, {"fields": {"province": 22, "create_date": "2015-02-20T20:28:31Z", "name": "Kama", "edit_date": "2015-02-20T20:28:31Z"}, "model": "activitydb.district", "pk": 281}, {"fields": {"province": 22, "create_date": "2015-02-20T20:28:31Z", "name": "Khogayani", "edit_date": "2015-02-20T20:28:31Z"}, "model": "activitydb.district", "pk": 282}, {"fields": {"province": 22, "create_date": "2015-02-20T20:28:31Z", "name": "Kot", "edit_date": "2015-02-20T20:28:31Z"}, "model": "activitydb.district", "pk": 283}, {"fields": {"province": 22, "create_date": "2015-02-20T20:28:31Z", "name": "Kuz Kunar", "edit_date": "2015-02-20T20:28:31Z"}, "model": "activitydb.district", "pk": 284}, {"fields": {"province": 22, "create_date": "2015-02-20T20:28:31Z", "name": "Lal Por", "edit_date": "2015-02-20T20:28:31Z"}, "model": "activitydb.district", "pk": 285}, {"fields": {"province": 22, "create_date": "2015-02-20T20:28:31Z", "name": "Muhmand Dara", "edit_date": "2015-02-20T20:28:31Z"}, "model": "activitydb.district", "pk": 286}, {"fields": {"province": 22, "create_date": "2015-02-20T20:28:31Z", "name": "Nazyan", "edit_date": "2015-02-20T20:28:31Z"}, "model": "activitydb.district", "pk": 287}, {"fields": {"province": 22, "create_date": "2015-02-20T20:28:31Z", "name": "Pachier Agam", "edit_date": "2015-02-20T20:28:31Z"}, "model": "activitydb.district", "pk": 288}, {"fields": {"province": 22, "create_date": "2015-02-20T20:28:31Z", "name": "Rodat", "edit_date": "2015-02-20T20:28:31Z"}, "model": "activitydb.district", "pk": 289}, {"fields": {"province": 22, "create_date": "2015-02-20T20:28:31Z", "name": "Shinwar", "edit_date": "2015-02-20T20:28:31Z"}, "model": "activitydb.district", "pk": 290}, {"fields": {"province": 22, "create_date": "2015-02-20T20:28:31Z", "name": "Shirzad", "edit_date": "2015-02-20T20:28:31Z"}, "model": "activitydb.district", "pk": 291}, {"fields": {"province": 22, "create_date": "2015-02-20T20:28:31Z", "name": "Surkh Rod", "edit_date": "2015-02-20T20:28:31Z"}, "model": "activitydb.district", "pk": 292}, {"fields": {"province": 23, "create_date": "2015-02-20T20:28:31Z", "name": "Chahar Burjak", "edit_date": "2015-02-20T20:28:31Z"}, "model": "activitydb.district", "pk": 293}, {"fields": {"province": 23, "create_date": "2015-02-20T20:28:31Z", "name": "Chakhansur", "edit_date": "2015-02-20T20:28:31Z"}, "model": "activitydb.district", "pk": 294}, {"fields": {"province": 23, "create_date": "2015-02-20T20:28:31Z", "name": "Dilaram", "edit_date": "2015-02-20T20:28:31Z"}, "model": "activitydb.district", "pk": 295}, {"fields": {"province": 23, "create_date": "2015-02-20T20:28:31Z", "name": "Kang", "edit_date": "2015-02-20T20:28:31Z"}, "model": "activitydb.district", "pk": 296}, {"fields": {"province": 23, "create_date": "2015-02-20T20:28:31Z", "name": "Khash Rod", "edit_date": "2015-02-20T20:28:31Z"}, "model": "activitydb.district", "pk": 297}, {"fields": {"province": 23, "create_date": "2015-02-20T20:28:31Z", "name": "Zaranj", "edit_date": "2015-02-20T20:28:31Z"}, "model": "activitydb.district", "pk": 298}, {"fields": {"province": 24, "create_date": "2015-02-20T20:28:31Z", "name": "Bargi Matal", "edit_date": "2015-02-20T20:28:31Z"}, "model": "activitydb.district", "pk": 299}, {"fields": {"province": 24, "create_date": "2015-02-20T20:28:31Z", "name": "Du Ab", "edit_date": "2015-02-20T20:28:31Z"}, "model": "activitydb.district", "pk": 300}, {"fields": {"province": 24, "create_date": "2015-02-20T20:28:31Z", "name": "Kamdesh", "edit_date": "2015-02-20T20:28:31Z"}, "model": "activitydb.district", "pk": 301}, {"fields": {"province": 24, "create_date": "2015-02-20T20:28:31Z", "name": "Mandol", "edit_date": "2015-02-20T20:28:31Z"}, "model": "activitydb.district", "pk": 302}, {"fields": {"province": 24, "create_date": "2015-02-20T20:28:31Z", "name": "Nurgaram", "edit_date": "2015-02-20T20:28:31Z"}, "model": "activitydb.district", "pk": 303}, {"fields": {"province": 24, "create_date": "2015-02-20T20:28:31Z", "name": "Parun", "edit_date": "2015-02-20T20:28:31Z"}, "model": "activitydb.district", "pk": 304}, {"fields": {"province": 24, "create_date": "2015-02-20T20:28:31Z", "name": "Wama", "edit_date": "2015-02-20T20:28:31Z"}, "model": "activitydb.district", "pk": 305}, {"fields": {"province": 24, "create_date": "2015-02-20T20:28:31Z", "name": "Waygal", "edit_date": "2015-02-20T20:28:31Z"}, "model": "activitydb.district", "pk": 306}, {"fields": {"province": 25, "create_date": "2015-02-20T20:28:31Z", "name": "Barmal", "edit_date": "2015-02-20T20:28:31Z"}, "model": "activitydb.district", "pk": 307}, {"fields": {"province": 25, "create_date": "2015-02-20T20:28:31Z", "name": "Dila", "edit_date": "2015-02-20T20:28:31Z"}, "model": "activitydb.district", "pk": 308}, {"fields": {"province": 25, "create_date": "2015-02-20T20:28:31Z", "name": "Gayan", "edit_date": "2015-02-20T20:28:31Z"}, "model": "activitydb.district", "pk": 309}, {"fields": {"province": 25, "create_date": "2015-02-20T20:28:31Z", "name": "Gomal", "edit_date": "2015-02-20T20:28:31Z"}, "model": "activitydb.district", "pk": 310}, {"fields": {"province": 25, "create_date": "2015-02-20T20:28:31Z", "name": "Jani Khel", "edit_date": "2015-02-20T20:28:31Z"}, "model": "activitydb.district", "pk": 311}, {"fields": {"province": 25, "create_date": "2015-02-20T20:28:31Z", "name": "Mata Khan", "edit_date": "2015-02-20T20:28:31Z"}, "model": "activitydb.district", "pk": 312}, {"fields": {"province": 25, "create_date": "2015-02-20T20:28:31Z", "name": "Nika", "edit_date": "2015-02-20T20:28:31Z"}, "model": "activitydb.district", "pk": 313}, {"fields": {"province": 25, "create_date": "2015-02-20T20:28:31Z", "name": "Omna", "edit_date": "2015-02-20T20:28:31Z"}, "model": "activitydb.district", "pk": 314}, {"fields": {"province": 25, "create_date": "2015-02-20T20:28:31Z", "name": "Sar Hawza", "edit_date": "2015-02-20T20:28:31Z"}, "model": "activitydb.district", "pk": 315}, {"fields": {"province": 25, "create_date": "2015-02-20T20:28:31Z", "name": "Sarobi", "edit_date": "2015-02-20T20:28:31Z"}, "model": "activitydb.district", "pk": 316}, {"fields": {"province": 25, "create_date": "2015-02-20T20:28:31Z", "name": "Sharan", "edit_date": "2015-02-20T20:28:31Z"}, "model": "activitydb.district", "pk": 317}, {"fields": {"province": 25, "create_date": "2015-02-20T20:28:31Z", "name": "Turwo", "edit_date": "2015-02-20T20:28:31Z"}, "model": "activitydb.district", "pk": 318}, {"fields": {"province": 25, "create_date": "2015-02-20T20:28:31Z", "name": "Urgun", "edit_date": "2015-02-20T20:28:31Z"}, "model": "activitydb.district", "pk": 319}, {"fields": {"province": 25, "create_date": "2015-02-20T20:28:31Z", "name": "Waza Khwa", "edit_date": "2015-02-20T20:28:31Z"}, "model": "activitydb.district", "pk": 320}, {"fields": {"province": 25, "create_date": "2015-02-20T20:28:31Z", "name": "Wor Mayi", "edit_date": "2015-02-20T20:28:31Z"}, "model": "activitydb.district", "pk": 321}, {"fields": {"province": 25, "create_date": "2015-02-20T20:28:31Z", "name": "Yahya Khel", "edit_date": "2015-02-20T20:28:31Z"}, "model": "activitydb.district", "pk": 322}, {"fields": {"province": 25, "create_date": "2015-02-20T20:28:31Z", "name": "Yosuf Khel", "edit_date": "2015-02-20T20:28:31Z"}, "model": "activitydb.district", "pk": 323}, {"fields": {"province": 25, "create_date": "2015-02-20T20:28:31Z", "name": "Zarghun Shahr", "edit_date": "2015-02-20T20:28:31Z"}, "model": "activitydb.district", "pk": 324}, {"fields": {"province": 25, "create_date": "2015-02-20T20:28:31Z", "name": "Ziruk", "edit_date": "2015-02-20T20:28:31Z"}, "model": "activitydb.district", "pk": 325}, {"fields": {"province": 26, "create_date": "2015-02-20T20:28:31Z", "name": "Ahmad Abad", "edit_date": "2015-02-20T20:28:31Z"}, "model": "activitydb.district", "pk": 326}, {"fields": {"province": 26, "create_date": "2015-02-20T20:28:31Z", "name": "Ali Khail (Jaji)", "edit_date": "2015-02-20T20:28:31Z"}, "model": "activitydb.district", "pk": 327}, {"fields": {"province": 26, "create_date": "2015-02-20T20:28:31Z", "name": "Chamkani", "edit_date": "2015-02-20T20:28:31Z"}, "model": "activitydb.district", "pk": 328}, {"fields": {"province": 26, "create_date": "2015-02-20T20:28:31Z", "name": "Dand Patan", "edit_date": "2015-02-20T20:28:31Z"}, "model": "activitydb.district", "pk": 329}, {"fields": {"province": 26, "create_date": "2015-02-20T20:28:31Z", "name": "Gardiz", "edit_date": "2015-02-20T20:28:31Z"}, "model": "activitydb.district", "pk": 330}, {"fields": {"province": 26, "create_date": "2015-02-20T20:28:31Z", "name": "Jani Khail", "edit_date": "2015-02-20T20:28:31Z"}, "model": "activitydb.district", "pk": 331}, {"fields": {"province": 26, "create_date": "2015-02-20T20:28:31Z", "name": "Laja Ahmad Khail", "edit_date": "2015-02-20T20:28:31Z"}, "model": "activitydb.district", "pk": 332}, {"fields": {"province": 26, "create_date": "2015-02-20T20:28:31Z", "name": "Sayed Karam", "edit_date": "2015-02-20T20:28:31Z"}, "model": "activitydb.district", "pk": 333}, {"fields": {"province": 26, "create_date": "2015-02-20T20:28:31Z", "name": "Shawak", "edit_date": "2015-02-20T20:28:31Z"}, "model": "activitydb.district", "pk": 334}, {"fields": {"province": 26, "create_date": "2015-02-20T20:28:31Z", "name": "Zadran", "edit_date": "2015-02-20T20:28:31Z"}, "model": "activitydb.district", "pk": 335}, {"fields": {"province": 26, "create_date": "2015-02-20T20:28:31Z", "name": "Zurmat", "edit_date": "2015-02-20T20:28:31Z"}, "model": "activitydb.district", "pk": 336}, {"fields": {"province": 27, "create_date": "2015-02-20T20:28:31Z", "name": "Bazarak", "edit_date": "2015-02-20T20:28:31Z"}, "model": "activitydb.district", "pk": 337}, {"fields": {"province": 27, "create_date": "2015-02-20T20:28:31Z", "name": "Dara", "edit_date": "2015-02-20T20:28:31Z"}, "model": "activitydb.district", "pk": 338}, {"fields": {"province": 27, "create_date": "2015-02-20T20:28:31Z", "name": "Khenj (Hese- Awal)", "edit_date": "2015-02-20T20:28:31Z"}, "model": "activitydb.district", "pk": 339}, {"fields": {"province": 27, "create_date": "2015-02-20T20:28:31Z", "name": "Paryan", "edit_date": "2015-02-20T20:28:31Z"}, "model": "activitydb.district", "pk": 340}, {"fields": {"province": 27, "create_date": "2015-02-20T20:28:31Z", "name": "Rukha", "edit_date": "2015-02-20T20:28:31Z"}, "model": "activitydb.district", "pk": 341}, {"fields": {"province": 27, "create_date": "2015-02-20T20:28:31Z", "name": "Shutul", "edit_date": "2015-02-20T20:28:31Z"}, "model": "activitydb.district", "pk": 342}, {"fields": {"province": 27, "create_date": "2015-02-20T20:28:31Z", "name": "Unaba", "edit_date": "2015-02-20T20:28:31Z"}, "model": "activitydb.district", "pk": 343}, {"fields": {"province": 28, "create_date": "2015-02-20T20:28:31Z", "name": "Bagram", "edit_date": "2015-02-20T20:28:31Z"}, "model": "activitydb.district", "pk": 344}, {"fields": {"province": 28, "create_date": "2015-02-20T20:28:31Z", "name": "Chaharikar", "edit_date": "2015-02-20T20:28:31Z"}, "model": "activitydb.district", "pk": 345}, {"fields": {"province": 28, "create_date": "2015-02-20T20:28:31Z", "name": "Jabalussaraj", "edit_date": "2015-02-20T20:28:31Z"}, "model": "activitydb.district", "pk": 346}, {"fields": {"province": 28, "create_date": "2015-02-20T20:28:31Z", "name": "Kohi Safi", "edit_date": "2015-02-20T20:28:31Z"}, "model": "activitydb.district", "pk": 347}, {"fields": {"province": 28, "create_date": "2015-02-20T20:28:31Z", "name": "Salang", "edit_date": "2015-02-20T20:28:31Z"}, "model": "activitydb.district", "pk": 348}, {"fields": {"province": 28, "create_date": "2015-02-20T20:28:31Z", "name": "Sayd Khel", "edit_date": "2015-02-20T20:28:31Z"}, "model": "activitydb.district", "pk": 349}, {"fields": {"province": 28, "create_date": "2015-02-20T20:28:31Z", "name": "Shekh  Ali", "edit_date": "2015-02-20T20:28:31Z"}, "model": "activitydb.district", "pk": 350}, {"fields": {"province": 28, "create_date": "2015-02-20T20:28:31Z", "name": "Shinwari", "edit_date": "2015-02-20T20:28:31Z"}, "model": "activitydb.district", "pk": 351}, {"fields": {"province": 28, "create_date": "2015-02-20T20:28:31Z", "name": "Sia Gird ( Ghorbund)", "edit_date": "2015-02-20T20:28:31Z"}, "model": "activitydb.district", "pk": 352}, {"fields": {"province": 28, "create_date": "2015-02-20T20:28:31Z", "name": "Surkhi Parsa", "edit_date": "2015-02-20T20:28:31Z"}, "model": "activitydb.district", "pk": 353}, {"fields": {"province": 29, "create_date": "2015-02-20T20:28:31Z", "name": "Aybak", "edit_date": "2015-02-20T20:28:31Z"}, "model": "activitydb.district", "pk": 354}, {"fields": {"province": 29, "create_date": "2015-02-20T20:28:31Z", "name": "Dara-I-Sufi Bala", "edit_date": "2015-02-20T20:28:31Z"}, "model": "activitydb.district", "pk": 355}, {"fields": {"province": 29, "create_date": "2015-02-20T20:28:31Z", "name": "Dara-I-Sufi Payin", "edit_date": "2015-02-20T20:28:31Z"}, "model": "activitydb.district", "pk": 356}, {"fields": {"province": 29, "create_date": "2015-02-20T20:28:31Z", "name": "Feroz Nakhchir", "edit_date": "2015-02-20T20:28:31Z"}, "model": "activitydb.district", "pk": 357}, {"fields": {"province": 29, "create_date": "2015-02-20T20:28:31Z", "name": "Hazrati Sultan", "edit_date": "2015-02-20T20:28:31Z"}, "model": "activitydb.district", "pk": 358}, {"fields": {"province": 29, "create_date": "2015-02-20T20:28:31Z", "name": "Khuram Wa Sarbagh", "edit_date": "2015-02-20T20:28:31Z"}, "model": "activitydb.district", "pk": 359}, {"fields": {"province": 29, "create_date": "2015-02-20T20:28:31Z", "name": "Ruyi Du Ab", "edit_date": "2015-02-20T20:28:31Z"}, "model": "activitydb.district", "pk": 360}, {"fields": {"province": 30, "create_date": "2015-02-20T20:28:31Z", "name": "Balkhab", "edit_date": "2015-02-20T20:28:31Z"}, "model": "activitydb.district", "pk": 361}, {"fields": {"province": 30, "create_date": "2015-02-20T20:28:31Z", "name": "Gosfandi", "edit_date": "2015-02-20T20:28:31Z"}, "model": "activitydb.district", "pk": 362}, {"fields": {"province": 30, "create_date": "2015-02-20T20:28:31Z", "name": "Kohistanat", "edit_date": "2015-02-20T20:28:31Z"}, "model": "activitydb.district", "pk": 363}, {"fields": {"province": 30, "create_date": "2015-02-20T20:28:31Z", "name": "Sangcharak", "edit_date": "2015-02-20T20:28:31Z"}, "model": "activitydb.district", "pk": 364}, {"fields": {"province": 30, "create_date": "2015-02-20T20:28:31Z", "name": "Sari Pul", "edit_date": "2015-02-20T20:28:31Z"}, "model": "activitydb.district", "pk": 365}, {"fields": {"province": 30, "create_date": "2015-02-20T20:28:31Z", "name": "Sayyad", "edit_date": "2015-02-20T20:28:31Z"}, "model": "activitydb.district", "pk": 366}, {"fields": {"province": 30, "create_date": "2015-02-20T20:28:31Z", "name": "Sozma Qala", "edit_date": "2015-02-20T20:28:31Z"}, "model": "activitydb.district", "pk": 367}, {"fields": {"province": 31, "create_date": "2015-02-20T20:28:31Z", "name": "Baharak", "edit_date": "2015-02-20T20:28:31Z"}, "model": "activitydb.district", "pk": 368}, {"fields": {"province": 31, "create_date": "2015-02-20T20:28:31Z", "name": "Bangi", "edit_date": "2015-02-20T20:28:31Z"}, "model": "activitydb.district", "pk": 369}, {"fields": {"province": 31, "create_date": "2015-02-20T20:28:31Z", "name": "Chah Ab", "edit_date": "2015-02-20T20:28:31Z"}, "model": "activitydb.district", "pk": 370}, {"fields": {"province": 31, "create_date": "2015-02-20T20:28:31Z", "name": "Chal", "edit_date": "2015-02-20T20:28:31Z"}, "model": "activitydb.district", "pk": 371}, {"fields": {"province": 31, "create_date": "2015-02-20T20:28:31Z", "name": "Darqad", "edit_date": "2015-02-20T20:28:31Z"}, "model": "activitydb.district", "pk": 372}, {"fields": {"province": 31, "create_date": "2015-02-20T20:28:31Z", "name": "Dashti Qala", "edit_date": "2015-02-20T20:28:31Z"}, "model": "activitydb.district", "pk": 373}, {"fields": {"province": 31, "create_date": "2015-02-20T20:28:31Z", "name": "Farkhar", "edit_date": "2015-02-20T20:28:31Z"}, "model": "activitydb.district", "pk": 374}, {"fields": {"province": 31, "create_date": "2015-02-20T20:28:31Z", "name": "Hazar Sumuch", "edit_date": "2015-02-20T20:28:31Z"}, "model": "activitydb.district", "pk": 375}, {"fields": {"province": 31, "create_date": "2015-02-20T20:28:31Z", "name": "Ishkamish", "edit_date": "2015-02-20T20:28:31Z"}, "model": "activitydb.district", "pk": 376}, {"fields": {"province": 31, "create_date": "2015-02-20T20:28:31Z", "name": "Kalfagan", "edit_date": "2015-02-20T20:28:31Z"}, "model": "activitydb.district", "pk": 377}, {"fields": {"province": 31, "create_date": "2015-02-20T20:28:31Z", "name": "Khwaja Bahawuddin", "edit_date": "2015-02-20T20:28:31Z"}, "model": "activitydb.district", "pk": 378}, {"fields": {"province": 31, "create_date": "2015-02-20T20:28:31Z", "name": "Khwaja Ghar", "edit_date": "2015-02-20T20:28:31Z"}, "model": "activitydb.district", "pk": 379}, {"fields": {"province": 31, "create_date": "2015-02-20T20:28:31Z", "name": "Namak Ab", "edit_date": "2015-02-20T20:28:31Z"}, "model": "activitydb.district", "pk": 380}, {"fields": {"province": 31, "create_date": "2015-02-20T20:28:31Z", "name": "Rustaq", "edit_date": "2015-02-20T20:28:31Z"}, "model": "activitydb.district", "pk": 381}, {"fields": {"province": 31, "create_date": "2015-02-20T20:28:31Z", "name": "Taluqan", "edit_date": "2015-02-20T20:28:31Z"}, "model": "activitydb.district", "pk": 382}, {"fields": {"province": 31, "create_date": "2015-02-20T20:28:31Z", "name": "Warsaj", "edit_date": "2015-02-20T20:28:31Z"}, "model": "activitydb.district", "pk": 383}, {"fields": {"province": 31, "create_date": "2015-02-20T20:28:31Z", "name": "Yangi Qala", "edit_date": "2015-02-20T20:28:31Z"}, "model": "activitydb.district", "pk": 384}, {"fields": {"province": 32, "create_date": "2015-02-20T20:28:31Z", "name": "Chora", "edit_date": "2015-02-20T20:28:31Z"}, "model": "activitydb.district", "pk": 385}, {"fields": {"province": 32, "create_date": "2015-02-20T20:28:31Z", "name": "Dihrawud", "edit_date": "2015-02-20T20:28:31Z"}, "model": "activitydb.district", "pk": 386}, {"fields": {"province": 32, "create_date": "2015-02-20T20:28:31Z", "name": "Khas Uruzgan", "edit_date": "2015-02-20T20:28:31Z"}, "model": "activitydb.district", "pk": 387}, {"fields": {"province": 32, "create_date": "2015-02-20T20:28:31Z", "name": "Shahidi Hassas", "edit_date": "2015-02-20T20:28:31Z"}, "model": "activitydb.district", "pk": 388}, {"fields": {"province": 32, "create_date": "2015-02-20T20:28:31Z", "name": "Tirin Kot", "edit_date": "2015-02-20T20:28:31Z"}, "model": "activitydb.district", "pk": 389}, {"fields": {"province": 33, "create_date": "2015-02-20T20:28:31Z", "name": "Arghandab", "edit_date": "2015-02-20T20:28:31Z"}, "model": "activitydb.district", "pk": 390}, {"fields": {"province": 33, "create_date": "2015-02-20T20:28:31Z", "name": "Atghar", "edit_date": "2015-02-20T20:28:31Z"}, "model": "activitydb.district", "pk": 391}, {"fields": {"province": 33, "create_date": "2015-02-20T20:28:31Z", "name": "Daychopan", "edit_date": "2015-02-20T20:28:31Z"}, "model": "activitydb.district", "pk": 392}, {"fields": {"province": 33, "create_date": "2015-02-20T20:28:31Z", "name": "Kakar", "edit_date": "2015-02-20T20:28:31Z"}, "model": "activitydb.district", "pk": 393}, {"fields": {"province": 33, "create_date": "2015-02-20T20:28:31Z", "name": "Mizan", "edit_date": "2015-02-20T20:28:31Z"}, "model": "activitydb.district", "pk": 394}, {"fields": {"province": 33, "create_date": "2015-02-20T20:28:31Z", "name": "Naw Bahar", "edit_date": "2015-02-20T20:28:31Z"}, "model": "activitydb.district", "pk": 395}, {"fields": {"province": 33, "create_date": "2015-02-20T20:28:31Z", "name": "Qalat", "edit_date": "2015-02-20T20:28:31Z"}, "model": "activitydb.district", "pk": 396}, {"fields": {"province": 33, "create_date": "2015-02-20T20:28:31Z", "name": "Shahjoy", "edit_date": "2015-02-20T20:28:31Z"}, "model": "activitydb.district", "pk": 397}, {"fields": {"province": 33, "create_date": "2015-02-20T20:28:31Z", "name": "Shamulzayi", "edit_date": "2015-02-20T20:28:31Z"}, "model": "activitydb.district", "pk": 398}, {"fields": {"province": 33, "create_date": "2015-02-20T20:28:31Z", "name": "Shinkay", "edit_date": "2015-02-20T20:28:31Z"}, "model": "activitydb.district", "pk": 399}, {"fields": {"province": 33, "create_date": "2015-02-20T20:28:31Z", "name": "Tarnak Wa Jaldak", "edit_date": "2015-02-20T20:28:31Z"}, "model": "activitydb.district", "pk": 400}, {"fields": {"province": 14, "code": "KNDAF04", "create_date": "2015-04-18T00:25:57Z", "name": "KND", "edit_date": "2015-05-06T07:07:18Z"}, "model": "activitydb.office", "pk": 2}, {"fields": {"province": 13, "code": "AF01", "create_date": "2015-05-03T18:48:16Z", "name": "KBL", "edit_date": "2015-05-03T07:18:22Z"}, "model": "activitydb.office", "pk": 3}, {"fields": {"province": 22, "code": "AF02", "create_date": "2015-05-03T18:48:57Z", "name": "JAA", "edit_date": "2015-05-03T07:19:00Z"}, "model": "activitydb.office", "pk": 4}, {"fields": {"province": 14, "code": "AF04", "create_date": "2015-05-03T18:49:24Z", "name": "KND", "edit_date": "2015-05-03T07:19:27Z"}, "model": "activitydb.office", "pk": 5}, {"fields": {"province": 34, "code": "AF08", "create_date": "2015-05-03T18:49:49Z", "name": "FZD", "edit_date": "2015-05-03T07:19:52Z"}, "model": "activitydb.office", "pk": 6}, {"fields": {"province": 10, "code": "AF12", "create_date": "2015-05-03T18:50:24Z", "name": "LKG", "edit_date": "2015-05-03T07:20:28Z"}, "model": "activitydb.office", "pk": 7}, {"fields": {"province": 32, "code": "AF14", "create_date": "2015-05-03T18:50:47Z", "name": "URZ", "edit_date": "2015-05-03T07:20:54Z"}, "model": "activitydb.office", "pk": 8}, {"fields": {"province": 3, "code": "AF06", "create_date": "2015-05-03T18:51:21Z", "name": "MZR", "edit_date": "2015-05-03T07:21:24Z"}, "model": "activitydb.office", "pk": 9}, {"fields": {"province": 18, "code": "AF03", "create_date": "2015-05-03T18:51:43Z", "name": "UND", "edit_date": "2015-05-03T07:21:46Z"}, "model": "activitydb.office", "pk": 10}, {"fields": {"province": 2, "code": "AF07", "create_date": "2015-05-03T18:52:26Z", "name": "PLK", "edit_date": "2015-05-03T07:22:29Z"}, "model": "activitydb.office", "pk": 11}, {"fields": {"province": 31, "code": "AF09", "create_date": "2015-05-03T18:52:49Z", "name": "TLQ", "edit_date": "2015-05-03T07:22:52Z"}, "model": "activitydb.office", "pk": 12}, {"fields": {"province": 29, "code": "AF1", "create_date": "2015-05-03T18:53:18Z", "name": "SAM", "edit_date": "2015-05-03T07:23:23Z"}, "model": "activitydb.office", "pk": 13}, {"fields": {"province": 28, "code": "PWNAF010", "create_date": "2015-05-06T18:35:40Z", "name": "PWN", "edit_date": "2015-05-06T07:05:44Z"}, "model": "activitydb.office", "pk": 14}, {"fields": {"sector": "Basic Needs", "create_date": "2015-03-05T22:31:19Z", "edit_date": "2015-03-05T22:34:13Z"}, "model": "activitydb.sector", "pk": 2}, {"fields": {"sector": "Conflict Management", "create_date": "2015-03-05T22:32:40Z", "edit_date": "2015-03-05T22:34:23Z"}, "model": "activitydb.sector", "pk": 3}, {"fields": {"sector": "Economic and Market Development", "create_date": "2015-03-05T22:32:57Z", "edit_date": "2015-03-05T22:32:57Z"}, "model": "activitydb.sector", "pk": 4}, {"fields": {"sector": "Education Supports", "create_date": "2015-03-05T22:33:12Z", "edit_date": "2015-03-05T22:33:12Z"}, "model": "activitydb.sector", "pk": 5}, {"fields": {"sector": "Environment Disaster/Risk Reduction", "create_date": "2015-03-05T22:33:36Z", "edit_date": "2015-03-05T22:33:36Z"}, "model": "activitydb.sector", "pk": 6}, {"fields": {"sector": "Food Security", "create_date": "2015-03-05T22:33:48Z", "edit_date": "2015-03-05T22:33:48Z"}, "model": "activitydb.sector", "pk": 7}, {"fields": {"sector": "Governance", "create_date": "2015-03-05T22:33:59Z", "edit_date": "2015-03-05T22:33:59Z"}, "model": "activitydb.sector", "pk": 8}, {"fields": {"sector": "Public Health", "create_date": "2015-03-05T22:34:04Z", "edit_date": "2015-03-05T22:34:04Z"}, "model": "activitydb.sector", "pk": 9}, {"fields": {"sector": "Energy & Natural Resources", "create_date": "2015-04-30T21:07:31Z", "edit_date": "2015-04-30T09:37:36Z"}, "model": "activitydb.sector", "pk": 10}, {"fields": {"sector": "Agribusiness", "create_date": "2015-04-30T21:08:12Z", "edit_date": "2015-04-30T09:38:16Z"}, "model": "activitydb.sector", "pk": 11}, {"fields": {"sector": "Skills and Training", "create_date": "2015-04-30T21:08:39Z", "edit_date": "2015-04-30T09:38:42Z"}, "model": "activitydb.sector", "pk": 12}, {"fields": {"create_date": "2015-05-03T21:35:29Z", "capacity": "Provision of Written Guidance", "edit_date": "2015-05-03T10:05:36Z"}, "model": "activitydb.capacity", "pk": 1}, {"fields": {"create_date": "2015-05-03T21:36:02Z", "capacity": "Practical involvement of participants in the project", "edit_date": "2015-05-03T10:06:05Z"}, "model": "activitydb.capacity", "pk": 2}, {"fields": {"create_date": "2015-05-03T21:37:25Z", "capacity": "Practical involvement of participants in the project", "edit_date": "2015-05-03T10:07:30Z"}, "model": "activitydb.capacity", "pk": 3}, {"fields": {"create_date": "2015-05-03T21:38:04Z", "capacity": "Plans for follow-up made during life of project", "edit_date": "2015-05-03T10:08:08Z"}, "model": "activitydb.capacity", "pk": 4}, {"fields": {"create_date": "2015-05-03T21:38:35Z", "capacity": "System of linkage to government department", "edit_date": "2015-05-03T10:08:38Z"}, "model": "activitydb.capacity", "pk": 5}, {"fields": {"create_date": "2015-05-03T21:39:51Z", "capacity": "Training of project participants to administer/maintain", "edit_date": "2015-05-03T10:09:53Z"}, "model": "activitydb.capacity", "pk": 6}, {"fields": {"create_date": "2015-05-03T21:42:09Z", "capacity": "Other", "edit_date": "2015-05-03T10:12:12Z"}, "model": "activitydb.capacity", "pk": 7}, {"fields": {"evaluate": "Pre-post project survey ", "create_date": "2015-05-03T21:43:41Z", "edit_date": "2015-05-03T10:13:44Z"}, "model": "activitydb.evaluate", "pk": 3}, {"fields": {"evaluate": " project survey ", "create_date": "2015-05-03T21:43:41Z", "edit_date": "2015-05-03T10:17:30Z"}, "model": "activitydb.evaluate", "pk": 5}, {"fields": {"evaluate": "Community feedback", "create_date": "2015-05-07T18:46:31Z", "edit_date": "2015-05-07T07:16:34Z"}, "model": "activitydb.evaluate", "pk": 7}, {"fields": {"evaluate": " As part of baseline/end line evaluation", "create_date": "2015-05-07T18:46:47Z", "edit_date": "2015-05-07T07:16:51Z"}, "model": "activitydb.evaluate", "pk": 8}, {"fields": {"evaluate": "Observations/interviews", "create_date": "2015-05-07T18:47:40Z", "edit_date": "2015-05-07T07:17:43Z"}, "model": "activitydb.evaluate", "pk": 9}, {"fields": {"evaluate": "Other", "create_date": "2015-05-07T18:48:13Z", "edit_date": "2015-05-07T07:18:18Z"}, "model": "activitydb.evaluate", "pk": 10}, {"fields": {"create_date": "2015-04-29T22:32:17Z", "name": "Animal Health", "edit_date": "2015-04-29T11:05:16Z", "description": "Animal Health"}, "model": "activitydb.projecttype", "pk": 1}, {"fields": {"create_date": "2015-04-29T22:38:21Z", "name": "Bee Keeping", "edit_date": "2015-04-29T11:08:25Z", "description": "Bee Keeping"}, "model": "activitydb.projecttype", "pk": 2}, {"fields": {"create_date": "2015-04-29T22:38:46Z", "name": "Capacity building", "edit_date": "2015-04-29T11:08:49Z", "description": "Capacity building"}, "model": "activitydb.projecttype", "pk": 3}, {"fields": {"create_date": "2015-04-29T22:39:08Z", "name": "Cereal Crop Cultivation", "edit_date": "2015-04-29T11:09:11Z", "description": "Cereal Crop Cultivation"}, "model": "activitydb.projecttype", "pk": 4}, {"fields": {"create_date": "2015-04-29T22:40:09Z", "name": "Commercial Vegetable", "edit_date": "2015-04-29T11:10:13Z", "description": "Commercial Vegetable"}, "model": "activitydb.projecttype", "pk": 5}, {"fields": {"create_date": "2015-04-29T22:40:42Z", "name": "Energy", "edit_date": "2015-04-29T11:10:46Z", "description": "Energy"}, "model": "activitydb.projecttype", "pk": 6}, {"fields": {"create_date": "2015-04-29T22:41:00Z", "name": "Fauna", "edit_date": "2015-04-29T11:11:02Z", "description": "Fauna"}, "model": "activitydb.projecttype", "pk": 7}, {"fields": {"create_date": "2015-04-29T22:41:17Z", "name": "Flood Mitigation", "edit_date": "2015-04-29T11:11:20Z", "description": "Flood Mitigation"}, "model": "activitydb.projecttype", "pk": 8}, {"fields": {"create_date": "2015-04-29T22:41:39Z", "name": "Flood Wall/ Gabions", "edit_date": "2015-04-29T11:11:43Z", "description": "Flood Wall/ Gabions"}, "model": "activitydb.projecttype", "pk": 9}, {"fields": {"create_date": "2015-04-29T22:42:04Z", "name": "Flora", "edit_date": "2015-04-29T11:12:09Z", "description": "Flora"}, "model": "activitydb.projecttype", "pk": 10}, {"fields": {"create_date": "2015-04-29T22:42:27Z", "name": "Fruit Tree Nursery Devlopment", "edit_date": "2015-04-29T11:12:32Z", "description": "Fruit Tree Nursery Devlopment"}, "model": "activitydb.projecttype", "pk": 11}, {"fields": {"create_date": "2015-04-29T22:42:44Z", "name": "High value Horticulture", "edit_date": "2015-04-29T11:12:47Z", "description": "High value Horticulture"}, "model": "activitydb.projecttype", "pk": 12}, {"fields": {"create_date": "2015-04-29T22:43:06Z", "name": "Home Based Nurseries", "edit_date": "2015-04-29T11:13:08Z", "description": "Home Based Nurseries"}, "model": "activitydb.projecttype", "pk": 13}, {"fields": {"create_date": "2015-04-29T22:43:26Z", "name": "Irrigation", "edit_date": "2015-04-29T11:13:30Z", "description": "Irrigation"}, "model": "activitydb.projecttype", "pk": 14}, {"fields": {"create_date": "2015-04-29T22:43:56Z", "name": "Lamb/ Calf Fattening", "edit_date": "2015-04-29T11:13:59Z", "description": "Lamb/ Calf Fattening"}, "model": "activitydb.projecttype", "pk": 15}, {"fields": {"create_date": "2015-04-29T22:44:19Z", "name": "Meat Market Improvement", "edit_date": "2015-04-29T11:14:23Z", "description": "Meat Market Improvement"}, "model": "activitydb.projecttype", "pk": 16}, {"fields": {"create_date": "2015-04-29T22:44:43Z", "name": "Orchard Establishment", "edit_date": "2015-04-29T11:14:47Z", "description": "Orchard Establishment"}, "model": "activitydb.projecttype", "pk": 17}, {"fields": {"create_date": "2015-04-29T22:45:11Z", "name": "Orchard Management", "edit_date": "2015-04-29T11:15:15Z", "description": "Orchard Management"}, "model": "activitydb.projecttype", "pk": 18}, {"fields": {"create_date": "2015-04-29T22:45:54Z", "name": "Secondary/ Feeder Road", "edit_date": "2015-04-29T11:15:59Z", "description": "Secondary/ Feeder Road"}, "model": "activitydb.projecttype", "pk": 19}, {"fields": {"create_date": "2015-04-29T22:46:19Z", "name": "Ram Pump", "edit_date": "2015-04-29T11:16:23Z", "description": "Ram Pump"}, "model": "activitydb.projecttype", "pk": 20}, {"fields": {"create_date": "2015-04-29T22:46:44Z", "name": "Silk Production", "edit_date": "2015-04-29T11:16:49Z", "description": "Silk Production"}, "model": "activitydb.projecttype", "pk": 21}, {"fields": {"create_date": "2015-04-29T22:47:14Z", "name": "Soil", "edit_date": "2015-04-29T11:17:18Z", "description": "Soil"}, "model": "activitydb.projecttype", "pk": 22}, {"fields": {"create_date": "2015-04-29T22:47:39Z", "name": "Timber Cultivation", "edit_date": "2015-04-29T11:17:43Z", "description": "Timber Cultivation"}, "model": "activitydb.projecttype", "pk": 23}, {"fields": {"create_date": "2015-04-29T22:48:10Z", "name": "Timber Cultivation", "edit_date": "2015-04-29T11:18:14Z", "description": "Timber Cultivation"}, "model": "activitydb.projecttype", "pk": 24}, {"fields": {"create_date": "2015-04-29T22:48:37Z", "name": "Vaccination Campain", "edit_date": "2015-04-29T11:18:40Z", "description": "Vaccination Campain"}, "model": "activitydb.projecttype", "pk": 25}, {"fields": {"create_date": "2015-04-29T22:50:35Z", "name": "VFU Clinic Building", "edit_date": "2015-04-29T11:20:39Z", "description": "VFU Clinic Building"}, "model": "activitydb.projecttype", "pk": 26}, {"fields": {"create_date": "2015-04-29T22:50:55Z", "name": "VFU Service Promotion", "edit_date": "2015-04-29T11:20:59Z", "description": "VFU Service Promotion"}, "model": "activitydb.projecttype", "pk": 27}, {"fields": {"create_date": "2015-04-29T22:51:14Z", "name": "Vocat. Course", "edit_date": "2015-04-29T11:21:18Z", "description": "Vocat. Course"}, "model": "activitydb.projecttype", "pk": 28}, {"fields": {"create_date": "2015-04-29T22:51:34Z", "name": "Water", "edit_date": "2015-04-29T11:21:38Z", "description": "Water"}, "model": "activitydb.projecttype", "pk": 29}, {"fields": {"create_date": "2015-04-29T22:52:07Z", "name": "Women Poulty Production", "edit_date": "2015-04-29T11:22:11Z", "description": "Women Poulty Production"}, "model": "activitydb.projecttype", "pk": 30}, {"fields": {"create_date": "2015-04-29T22:52:33Z", "name": "Other ", "edit_date": "2015-04-29T11:22:35Z", "description": "Other "}, "model": "activitydb.projecttype", "pk": 31}, {"fields": {"create_date": "2015-05-07T06:54:02Z", "complete": null, "edit_date": "2015-05-07T06:54:02Z", "agreement": 14, "percent_complete": 20, "percent_cumulative": 20, "description": "Develop PA and BoQ "}, "model": "activitydb.benchmarks", "pk": 1}, {"fields": {"create_date": "2015-05-07T06:55:04Z", "complete": null, "edit_date": "2015-05-07T06:55:04Z", "agreement": 14, "percent_complete": 25, "percent_cumulative": 45, "description": "Participants invitation"}, "model": "activitydb.benchmarks", "pk": 2}, {"fields": {"create_date": "2015-05-07T07:03:16Z", "complete": null, "edit_date": "2015-05-07T07:03:16Z", "agreement": 14, "percent_complete": 20, "percent_cumulative": 65, "description": "Teacher information "}, "model": "activitydb.benchmarks", "pk": 3}, {"fields": {"create_date": "2015-05-07T07:04:11Z", "complete": null, "edit_date": "2015-05-07T07:04:11Z", "agreement": 14, "percent_complete": 15, "percent_cumulative": 80, "description": "Place for training  "}, "model": "activitydb.benchmarks", "pk": 4}, {"fields": {"create_date": "2015-05-07T07:05:03Z", "complete": null, "edit_date": "2015-05-07T07:05:03Z", "agreement": 14, "percent_complete": 20, "percent_cumulative": 100, "description": "Conduct training  "}, "model": "activitydb.benchmarks", "pk": 5}, {"fields": {"create_date": "2015-05-07T07:23:40Z", "complete": null, "edit_date": "2015-05-07T07:23:40Z", "agreement": 17, "percent_complete": null, "percent_cumulative": null, "description": ""}, "model": "activitydb.benchmarks", "pk": 6}, {"fields": {"create_date": "2015-05-07T07:59:12Z", "complete": null, "edit_date": "2015-05-07T07:59:12Z", "agreement": 18, "percent_complete": 100, "percent_cumulative": 100, "description": ""}, "model": "activitydb.benchmarks", "pk": 7}, {"fields": {"create_date": "2015-05-07T09:28:16Z", "complete": null, "edit_date": "2015-05-07T09:28:16Z", "agreement": 20, "percent_complete": 30, "percent_cumulative": 35, "description": "Participants invitation"}, "model": "activitydb.benchmarks", "pk": 8}, {"fields": {"create_date": "2015-05-07T09:28:55Z", "complete": null, "edit_date": "2015-05-07T09:28:55Z", "agreement": 20, "percent_complete": 15, "percent_cumulative": 45, "description": "Conduct workshop  "}, "model": "activitydb.benchmarks", "pk": 9}, {"fields": {"create_date": "2015-05-07T09:29:50Z", "complete": null, "edit_date": "2015-05-07T09:29:50Z", "agreement": 20, "percent_complete": 20, "percent_cumulative": 65, "description": "Awareness through Bank representative "}, "model": "activitydb.benchmarks", "pk": 10}, {"fields": {"create_date": "2015-05-07T09:30:31Z", "complete": null, "edit_date": "2015-05-07T09:30:31Z", "agreement": 20, "percent_complete": 35, "percent_cumulative": 100, "description": "Farmers interest analysis "}, "model": "activitydb.benchmarks", "pk": 11}, {"fields": {"create_date": "2015-05-07T09:50:23Z", "complete": null, "edit_date": "2015-05-07T09:50:23Z", "agreement": 19, "percent_complete": 100, "percent_cumulative": 100, "description": "3 days capacity building training to 22 DAIL staff"}, "model": "activitydb.benchmarks", "pk": 12}, {"fields": {"create_date": "2015-05-07T10:03:30Z", "complete": null, "edit_date": "2015-05-07T10:03:30Z", "agreement": 22, "percent_complete": 3, "percent_cumulative": 3, "description": "Mobilization "}, "model": "activitydb.benchmarks", "pk": 13}, {"fields": {"create_date": "2015-05-07T10:04:23Z", "complete": null, "edit_date": "2015-05-07T10:04:23Z", "agreement": 22, "percent_complete": 60, "percent_cumulative": 63, "description": "Conducted Training "}, "model": "activitydb.benchmarks", "pk": 14}, {"fields": {"create_date": "2015-05-07T10:05:39Z", "complete": null, "edit_date": "2015-05-07T10:05:39Z", "agreement": 22, "percent_complete": 30, "percent_cumulative": 93, "description": "Administration and Documentation work"}, "model": "activitydb.benchmarks", "pk": 15}, {"fields": {"create_date": "2015-05-07T10:06:46Z", "complete": null, "edit_date": "2015-05-07T10:06:46Z", "agreement": 22, "percent_complete": 7, "percent_cumulative": 100, "description": "Closeout "}, "model": "activitydb.benchmarks", "pk": 16}, {"fields": {"create_date": "2015-05-07T10:08:30Z", "complete": null, "edit_date": "2015-05-07T10:08:30Z", "agreement": 21, "percent_complete": 100, "percent_cumulative": 100, "description": ""}, "model": "activitydb.benchmarks", "pk": 17}, {"fields": {"create_date": "2015-05-07T10:24:17Z", "complete": null, "edit_date": "2015-05-07T10:24:17Z", "agreement": 23, "percent_complete": 100, "percent_cumulative": 100, "description": ""}, "model": "activitydb.benchmarks", "pk": 18}, {"fields": {"create_date": "2015-05-07T10:59:59Z", "complete": null, "edit_date": "2015-05-07T10:59:59Z", "agreement": 24, "percent_complete": 100, "percent_cumulative": null, "description": ""}, "model": "activitydb.benchmarks", "pk": 19}, {"fields": {"create_date": "2015-05-07T11:13:39Z", "complete": null, "edit_date": "2015-05-07T11:13:39Z", "agreement": 25, "percent_complete": 100, "percent_cumulative": null, "description": ""}, "model": "activitydb.benchmarks", "pk": 20}, {"fields": {"create_date": "2015-05-07T04:54:56Z", "complete": null, "edit_date": "2015-05-07T04:54:56Z", "agreement": 11, "frequency": 1, "responsible_person": "Abdul Qadeem", "type": "After Visit"}, "model": "activitydb.monitor", "pk": 1}, {"fields": {"create_date": "2015-05-07T04:55:35Z", "complete": null, "edit_date": "2015-05-07T04:55:35Z", "agreement": 11, "frequency": 1, "responsible_person": "Program Staff", "type": "Daily"}, "model": "activitydb.monitor", "pk": 2}, {"fields": {"create_date": "2015-05-07T04:56:39Z", "complete": null, "edit_date": "2015-05-07T04:56:39Z", "agreement": 11, "frequency": 1, "responsible_person": "Imdadul Haq", "type": "Daily"}, "model": "activitydb.monitor", "pk": 3}, {"fields": {"create_date": "2015-05-07T04:57:22Z", "complete": null, "edit_date": "2015-05-07T04:57:22Z", "agreement": 11, "frequency": 1, "responsible_person": "Safiullah", "type": "After Visit"}, "model": "activitydb.monitor", "pk": 4}, {"fields": {"create_date": "2015-05-07T06:25:25Z", "complete": null, "edit_date": "2015-05-07T06:25:25Z", "agreement": 14, "frequency": null, "responsible_person": "fareehha zohal sadads ggg", "type": ""}, "model": "activitydb.monitor", "pk": 5}, {"fields": {"create_date": "2015-05-07T06:25:41Z", "complete": null, "edit_date": "2015-05-07T06:25:41Z", "agreement": 14, "frequency": null, "responsible_person": "fareehaaaaaaaaaaaaaaaaaaa", "type": ""}, "model": "activitydb.monitor", "pk": 6}, {"fields": {"create_date": "2015-05-07T06:25:46Z", "complete": null, "edit_date": "2015-05-07T06:25:46Z", "agreement": 14, "frequency": null, "responsible_person": "fareehaaaaaaaaaaaaaaaaaaa", "type": ""}, "model": "activitydb.monitor", "pk": 7}, {"fields": {"create_date": "2015-05-07T06:25:53Z", "complete": null, "edit_date": "2015-05-07T06:25:53Z", "agreement": 14, "frequency": null, "responsible_person": "aaaaaaaaaaaaaaaaaa", "type": ""}, "model": "activitydb.monitor", "pk": 8}, {"fields": {"create_date": "2015-05-07T06:25:54Z", "complete": null, "edit_date": "2015-05-07T06:25:54Z", "agreement": 14, "frequency": null, "responsible_person": "aaaaaaaaaaaaaaaaaa", "type": ""}, "model": "activitydb.monitor", "pk": 9}, {"fields": {"create_date": "2015-05-07T06:25:54Z", "complete": null, "edit_date": "2015-05-07T06:25:54Z", "agreement": 14, "frequency": null, "responsible_person": "aaaaaaaaaaaaaaaaaa", "type": ""}, "model": "activitydb.monitor", "pk": 10}, {"fields": {"create_date": "2015-05-07T06:45:21Z", "complete": null, "edit_date": "2015-05-07T06:45:21Z", "agreement": 16, "frequency": null, "responsible_person": "Program and M&E", "type": "Community feedback\r\n\u2714   Observations/interviews\r\nPre-post project survey\r\n"}, "model": "activitydb.monitor", "pk": 11}, {"fields": {"create_date": "2015-05-07T07:06:09Z", "complete": null, "edit_date": "2015-05-07T07:06:09Z", "agreement": 14, "frequency": null, "responsible_person": "Eng Shafiqullah   ", "type": "Progress"}, "model": "activitydb.monitor", "pk": 12}, {"fields": {"create_date": "2015-05-07T07:07:09Z", "complete": null, "edit_date": "2015-05-07T07:07:09Z", "agreement": 14, "frequency": null, "responsible_person": "Program Staff", "type": "Technical quality/compliance"}, "model": "activitydb.monitor", "pk": 13}, {"fields": {"create_date": "2015-05-07T07:07:55Z", "complete": null, "edit_date": "2015-05-07T07:07:55Z", "agreement": 14, "frequency": null, "responsible_person": "Sher Ahmad ", "type": "Spot-checks/observation"}, "model": "activitydb.monitor", "pk": 14}, {"fields": {"create_date": "2015-05-07T07:08:47Z", "complete": null, "edit_date": "2015-05-07T07:08:47Z", "agreement": 14, "frequency": null, "responsible_person": "Sher Ahmad ", "type": "External reports "}, "model": "activitydb.monitor", "pk": 15}, {"fields": {"create_date": "2015-05-07T07:21:00Z", "complete": null, "edit_date": "2015-05-07T07:21:00Z", "agreement": 17, "frequency": 1, "responsible_person": "Program team and M&E", "type": "Daily\r\n"}, "model": "activitydb.monitor", "pk": 16}, {"fields": {"create_date": "2015-05-07T07:24:45Z", "complete": null, "edit_date": "2015-05-07T07:24:45Z", "agreement": 15, "frequency": null, "responsible_person": "Sardar Wali Sameer/M&E Of", "type": "Progress"}, "model": "activitydb.monitor", "pk": 17}, {"fields": {"create_date": "2015-05-07T07:24:51Z", "complete": null, "edit_date": "2015-05-07T07:24:51Z", "agreement": 15, "frequency": null, "responsible_person": "Sardar Wali Sameer/M&E Of", "type": "Progress"}, "model": "activitydb.monitor", "pk": 18}, {"fields": {"create_date": "2015-05-07T07:24:51Z", "complete": null, "edit_date": "2015-05-07T07:24:51Z", "agreement": 15, "frequency": null, "responsible_person": "Sardar Wali Sameer/M&E Of", "type": "Progress"}, "model": "activitydb.monitor", "pk": 19}, {"fields": {"create_date": "2015-05-07T07:24:52Z", "complete": null, "edit_date": "2015-05-07T07:24:52Z", "agreement": 15, "frequency": null, "responsible_person": "Sardar Wali Sameer/M&E Of", "type": "Progress"}, "model": "activitydb.monitor", "pk": 20}, {"fields": {"create_date": "2015-05-07T07:58:46Z", "complete": null, "edit_date": "2015-05-07T07:58:46Z", "agreement": 18, "frequency": 1, "responsible_person": "program staff and M&E", "type": "daily and after complation"}, "model": "activitydb.monitor", "pk": 21}, {"fields": {"create_date": "2015-05-07T09:24:32Z", "complete": null, "edit_date": "2015-05-07T09:24:32Z", "agreement": 20, "frequency": null, "responsible_person": "Safiqullah & Alem Azimy ", "type": "Progress"}, "model": "activitydb.monitor", "pk": 22}, {"fields": {"create_date": "2015-05-07T09:25:10Z", "complete": null, "edit_date": "2015-05-07T09:25:10Z", "agreement": 20, "frequency": null, "responsible_person": "Sher Ahmad ", "type": "Technical quality/compliance"}, "model": "activitydb.monitor", "pk": 23}, {"fields": {"create_date": "2015-05-07T09:26:02Z", "complete": null, "edit_date": "2015-05-07T09:26:02Z", "agreement": 20, "frequency": null, "responsible_person": "Sher Ahmad", "type": "Spot-checks/observation "}, "model": "activitydb.monitor", "pk": 24}, {"fields": {"create_date": "2015-05-07T09:26:31Z", "complete": null, "edit_date": "2015-05-07T09:26:31Z", "agreement": 20, "frequency": null, "responsible_person": "SAO", "type": "External reports "}, "model": "activitydb.monitor", "pk": 25}, {"fields": {"create_date": "2015-05-07T09:27:28Z", "complete": null, "edit_date": "2015-05-07T09:27:28Z", "agreement": 20, "frequency": null, "responsible_person": "Community Mobilization ", "type": "Community feed back "}, "model": "activitydb.monitor", "pk": 26}, {"fields": {"create_date": "2015-05-07T09:48:49Z", "complete": null, "edit_date": "2015-05-07T09:48:49Z", "agreement": 19, "frequency": null, "responsible_person": "Mohammad Khan", "type": "Progress\r\nTechnical quality/compliance\r\n Spot-checks/observation \r\nExternal reports (from partner such as community or contractor) \r\n0  Community feed back (such as discussion with shura, community approval signatures on reports, etc.) "}, "model": "activitydb.monitor", "pk": 27}, {"fields": {"create_date": "2015-05-07T10:01:05Z", "complete": null, "edit_date": "2015-05-07T10:01:05Z", "agreement": 22, "frequency": null, "responsible_person": "PM & M&E", "type": "Observation "}, "model": "activitydb.monitor", "pk": 28}, {"fields": {"create_date": "2015-05-07T10:07:35Z", "complete": null, "edit_date": "2015-05-07T10:07:35Z", "agreement": 21, "frequency": 1, "responsible_person": "Abdullatif Marufi  Progra", "type": "Daily\r\n"}, "model": "activitydb.monitor", "pk": 29}, {"fields": {"create_date": "2015-05-07T10:23:24Z", "complete": null, "edit_date": "2015-05-07T10:23:24Z", "agreement": 23, "frequency": 1, "responsible_person": "Program staff  and M&E  K", "type": "daily"}, "model": "activitydb.monitor", "pk": 30}, {"fields": {"create_date": "2015-05-07T10:59:12Z", "complete": null, "edit_date": "2015-05-07T10:59:12Z", "agreement": 24, "frequency": 1, "responsible_person": "Program Staff and M&E Abd", "type": "Daily"}, "model": "activitydb.monitor", "pk": 31}, {"fields": {"create_date": "2015-05-07T11:13:11Z", "complete": null, "edit_date": "2015-05-07T11:13:11Z", "agreement": 25, "frequency": 1, "responsible_person": "Program team and M&E", "type": "Daily"}, "model": "activitydb.monitor", "pk": 32}, {"fields": {"create_date": "2015-05-06T05:22:54Z", "complete": null, "edit_date": "2015-05-06T05:22:54Z", "agreement": 4, "proposed_value": 0, "description_of_contribution": "No", "contributor": "No one"}, "model": "activitydb.budget", "pk": 6}, {"fields": {"create_date": "2015-05-06T05:22:58Z", "complete": null, "edit_date": "2015-05-06T05:22:58Z", "agreement": 4, "proposed_value": 0, "description_of_contribution": "No", "contributor": "No one"}, "model": "activitydb.budget", "pk": 7}, {"fields": {"create_date": "2015-05-06T09:56:03Z", "complete": null, "edit_date": "2015-05-06T09:56:03Z", "agreement": 5, "proposed_value": 0, "description_of_contribution": "No", "contributor": "No one"}, "model": "activitydb.budget", "pk": 8}, {"fields": {"create_date": "2015-05-06T10:40:33Z", "complete": null, "edit_date": "2015-05-06T10:40:33Z", "agreement": 6, "proposed_value": 0, "description_of_contribution": "No", "contributor": "No one"}, "model": "activitydb.budget", "pk": 9}, {"fields": {"create_date": "2015-05-07T06:14:25Z", "complete": null, "edit_date": "2015-05-07T06:14:25Z", "agreement": 16, "proposed_value": 0, "description_of_contribution": "N/A", "contributor": "N/A"}, "model": "activitydb.budget", "pk": 10}, {"fields": {"create_date": "2015-05-07T06:14:28Z", "complete": null, "edit_date": "2015-05-07T06:14:28Z", "agreement": 16, "proposed_value": 0, "description_of_contribution": "N/A", "contributor": "N/A"}, "model": "activitydb.budget", "pk": 11}, {"fields": {"create_date": "2015-05-07T07:14:20Z", "complete": null, "edit_date": "2015-05-07T07:14:20Z", "agreement": 17, "proposed_value": 0, "description_of_contribution": "Agriculture students and Plant Protectionists", "contributor": "Agriculture students and Plant Protectionists"}, "model": "activitydb.budget", "pk": 12}, {"fields": {"create_date": "2015-05-07T07:41:29Z", "complete": null, "edit_date": "2015-05-07T07:41:29Z", "agreement": 18, "proposed_value": 0, "description_of_contribution": "N/A", "contributor": "N/A"}, "model": "activitydb.budget", "pk": 13}, {"fields": {"create_date": "2015-05-07T09:41:04Z", "complete": null, "edit_date": "2015-05-07T09:41:04Z", "agreement": 21, "proposed_value": 0, "description_of_contribution": "No", "contributor": "No "}, "model": "activitydb.budget", "pk": 14}, {"fields": {"create_date": "2015-05-07T10:18:09Z", "complete": null, "edit_date": "2015-05-07T10:18:09Z", "agreement": 23, "proposed_value": 0, "description_of_contribution": "No", "contributor": "No"}, "model": "activitydb.budget", "pk": 15}, {"fields": {"create_date": "2015-05-07T10:51:16Z", "complete": null, "edit_date": "2015-05-07T10:51:16Z", "agreement": 24, "proposed_value": 0, "description_of_contribution": "No", "contributor": "No"}, "model": "activitydb.budget", "pk": 16}, {"fields": {"create_date": "2015-05-07T11:08:33Z", "complete": null, "edit_date": "2015-05-07T11:08:33Z", "agreement": 25, "proposed_value": 0, "description_of_contribution": "No", "contributor": "No"}, "model": "activitydb.budget", "pk": 17}, {"fields": {"project_completion_approved": null, "project_proposal_approved": null, "project_proposal": 5, "edit_date": "2015-05-03T09:10:41Z", "project_completion": null, "project_agreement_approved": null, "program": 68, "project_agreement": null, "create_date": "2015-05-03T09:10:41Z"}, "model": "activitydb.programdashboard", "pk": 5}, {"fields": {"project_completion_approved": null, "project_proposal_approved": null, "project_proposal": 6, "edit_date": "2015-05-04T03:40:59Z", "project_completion": null, "project_agreement_approved": null, "program": 67, "project_agreement": 7, "create_date": "2015-05-04T03:40:59Z"}, "model": "activitydb.programdashboard", "pk": 6}, {"fields": {"project_completion_approved": null, "project_proposal_approved": null, "project_proposal": 7, "edit_date": "2015-05-04T03:51:27Z", "project_completion": null, "project_agreement_approved": null, "program": 67, "project_agreement": 19, "create_date": "2015-05-04T03:51:27Z"}, "model": "activitydb.programdashboard", "pk": 7}, {"fields": {"project_completion_approved": null, "project_proposal_approved": null, "project_proposal": 8, "edit_date": "2015-05-04T03:59:49Z", "project_completion": null, "project_agreement_approved": null, "program": 67, "project_agreement": 13, "create_date": "2015-05-04T03:59:49Z"}, "model": "activitydb.programdashboard", "pk": 8}, {"fields": {"project_completion_approved": null, "project_proposal_approved": null, "project_proposal": 9, "edit_date": "2015-05-04T04:02:56Z", "project_completion": null, "project_agreement_approved": null, "program": 67, "project_agreement": null, "create_date": "2015-05-04T04:02:56Z"}, "model": "activitydb.programdashboard", "pk": 9}, {"fields": {"project_completion_approved": null, "project_proposal_approved": null, "project_proposal": 10, "edit_date": "2015-05-04T04:05:12Z", "project_completion": null, "project_agreement_approved": null, "program": 67, "project_agreement": null, "create_date": "2015-05-04T04:05:12Z"}, "model": "activitydb.programdashboard", "pk": 10}, {"fields": {"project_completion_approved": null, "project_proposal_approved": null, "project_proposal": 11, "edit_date": "2015-05-04T04:10:48Z", "project_completion": null, "project_agreement_approved": null, "program": 67, "project_agreement": null, "create_date": "2015-05-04T04:10:48Z"}, "model": "activitydb.programdashboard", "pk": 11}, {"fields": {"project_completion_approved": null, "project_proposal_approved": null, "project_proposal": 12, "edit_date": "2015-05-04T04:13:26Z", "project_completion": null, "project_agreement_approved": null, "program": 67, "project_agreement": null, "create_date": "2015-05-04T04:13:26Z"}, "model": "activitydb.programdashboard", "pk": 12}, {"fields": {"project_completion_approved": null, "project_proposal_approved": null, "project_proposal": 13, "edit_date": "2015-05-04T04:16:03Z", "project_completion": null, "project_agreement_approved": null, "program": 67, "project_agreement": 8, "create_date": "2015-05-04T04:16:03Z"}, "model": "activitydb.programdashboard", "pk": 13}, {"fields": {"project_completion_approved": null, "project_proposal_approved": null, "project_proposal": 14, "edit_date": "2015-05-04T04:18:13Z", "project_completion": null, "project_agreement_approved": null, "program": 67, "project_agreement": null, "create_date": "2015-05-04T04:18:13Z"}, "model": "activitydb.programdashboard", "pk": 14}, {"fields": {"project_completion_approved": null, "project_proposal_approved": null, "project_proposal": 15, "edit_date": "2015-05-04T04:20:38Z", "project_completion": null, "project_agreement_approved": null, "program": 67, "project_agreement": null, "create_date": "2015-05-04T04:20:38Z"}, "model": "activitydb.programdashboard", "pk": 15}, {"fields": {"project_completion_approved": null, "project_proposal_approved": null, "project_proposal": 17, "edit_date": "2015-05-04T04:25:00Z", "project_completion": null, "project_agreement_approved": null, "program": 67, "project_agreement": 15, "create_date": "2015-05-04T04:25:00Z"}, "model": "activitydb.programdashboard", "pk": 17}, {"fields": {"project_completion_approved": null, "project_proposal_approved": null, "project_proposal": 18, "edit_date": "2015-05-04T04:26:50Z", "project_completion": null, "project_agreement_approved": null, "program": 67, "project_agreement": null, "create_date": "2015-05-04T04:26:50Z"}, "model": "activitydb.programdashboard", "pk": 18}, {"fields": {"project_completion_approved": null, "project_proposal_approved": null, "project_proposal": 19, "edit_date": "2015-05-04T04:45:58Z", "project_completion": null, "project_agreement_approved": null, "program": 67, "project_agreement": null, "create_date": "2015-05-04T04:45:58Z"}, "model": "activitydb.programdashboard", "pk": 19}, {"fields": {"project_completion_approved": null, "project_proposal_approved": null, "project_proposal": 20, "edit_date": "2015-05-04T04:48:11Z", "project_completion": null, "project_agreement_approved": null, "program": 67, "project_agreement": null, "create_date": "2015-05-04T04:48:11Z"}, "model": "activitydb.programdashboard", "pk": 20}, {"fields": {"project_completion_approved": null, "project_proposal_approved": null, "project_proposal": 21, "edit_date": "2015-05-04T04:58:30Z", "project_completion": null, "project_agreement_approved": null, "program": 67, "project_agreement": null, "create_date": "2015-05-04T04:58:30Z"}, "model": "activitydb.programdashboard", "pk": 21}, {"fields": {"project_completion_approved": null, "project_proposal_approved": null, "project_proposal": 22, "edit_date": "2015-05-04T05:10:30Z", "project_completion": null, "project_agreement_approved": null, "program": 67, "project_agreement": null, "create_date": "2015-05-04T05:10:30Z"}, "model": "activitydb.programdashboard", "pk": 22}, {"fields": {"project_completion_approved": null, "project_proposal_approved": null, "project_proposal": 23, "edit_date": "2015-05-04T05:12:29Z", "project_completion": null, "project_agreement_approved": null, "program": 67, "project_agreement": null, "create_date": "2015-05-04T05:12:29Z"}, "model": "activitydb.programdashboard", "pk": 23}, {"fields": {"project_completion_approved": null, "project_proposal_approved": null, "project_proposal": 24, "edit_date": "2015-05-04T05:14:30Z", "project_completion": null, "project_agreement_approved": null, "program": 67, "project_agreement": null, "create_date": "2015-05-04T05:14:30Z"}, "model": "activitydb.programdashboard", "pk": 24}, {"fields": {"project_completion_approved": null, "project_proposal_approved": null, "project_proposal": 25, "edit_date": "2015-05-04T05:16:42Z", "project_completion": null, "project_agreement_approved": null, "program": 67, "project_agreement": null, "create_date": "2015-05-04T05:16:42Z"}, "model": "activitydb.programdashboard", "pk": 25}, {"fields": {"project_completion_approved": null, "project_proposal_approved": null, "project_proposal": 26, "edit_date": "2015-05-04T05:19:08Z", "project_completion": null, "project_agreement_approved": null, "program": 67, "project_agreement": null, "create_date": "2015-05-04T05:19:08Z"}, "model": "activitydb.programdashboard", "pk": 26}, {"fields": {"project_completion_approved": null, "project_proposal_approved": null, "project_proposal": 27, "edit_date": "2015-05-04T05:21:06Z", "project_completion": null, "project_agreement_approved": null, "program": 67, "project_agreement": null, "create_date": "2015-05-04T05:21:06Z"}, "model": "activitydb.programdashboard", "pk": 27}, {"fields": {"project_completion_approved": null, "project_proposal_approved": null, "project_proposal": 28, "edit_date": "2015-05-04T05:23:13Z", "project_completion": null, "project_agreement_approved": null, "program": 67, "project_agreement": null, "create_date": "2015-05-04T05:23:13Z"}, "model": "activitydb.programdashboard", "pk": 28}, {"fields": {"project_completion_approved": null, "project_proposal_approved": null, "project_proposal": 29, "edit_date": "2015-05-04T05:25:21Z", "project_completion": null, "project_agreement_approved": null, "program": 67, "project_agreement": null, "create_date": "2015-05-04T05:25:21Z"}, "model": "activitydb.programdashboard", "pk": 29}, {"fields": {"project_completion_approved": null, "project_proposal_approved": null, "project_proposal": 30, "edit_date": "2015-05-04T10:16:21Z", "project_completion": null, "project_agreement_approved": null, "program": 67, "project_agreement": 4, "create_date": "2015-05-04T10:16:21Z"}, "model": "activitydb.programdashboard", "pk": 30}, {"fields": {"project_completion_approved": null, "project_proposal_approved": null, "project_proposal": 31, "edit_date": "2015-05-04T10:21:09Z", "project_completion": null, "project_agreement_approved": null, "program": 67, "project_agreement": 5, "create_date": "2015-05-04T10:21:09Z"}, "model": "activitydb.programdashboard", "pk": 31}, {"fields": {"project_completion_approved": null, "project_proposal_approved": null, "project_proposal": 32, "edit_date": "2015-05-04T10:35:25Z", "project_completion": null, "project_agreement_approved": null, "program": 67, "project_agreement": 6, "create_date": "2015-05-04T10:35:25Z"}, "model": "activitydb.programdashboard", "pk": 32}, {"fields": {"project_completion_approved": null, "project_proposal_approved": null, "project_proposal": 33, "edit_date": "2015-05-04T10:40:53Z", "project_completion": null, "project_agreement_approved": null, "program": 67, "project_agreement": 9, "create_date": "2015-05-04T10:40:53Z"}, "model": "activitydb.programdashboard", "pk": 33}, {"fields": {"project_completion_approved": null, "project_proposal_approved": null, "project_proposal": 34, "edit_date": "2015-05-04T10:43:48Z", "project_completion": null, "project_agreement_approved": null, "program": 67, "project_agreement": null, "create_date": "2015-05-04T10:43:48Z"}, "model": "activitydb.programdashboard", "pk": 34}, {"fields": {"project_completion_approved": null, "project_proposal_approved": null, "project_proposal": 35, "edit_date": "2015-05-04T10:46:15Z", "project_completion": null, "project_agreement_approved": null, "program": 67, "project_agreement": 12, "create_date": "2015-05-04T10:46:15Z"}, "model": "activitydb.programdashboard", "pk": 35}, {"fields": {"project_completion_approved": null, "project_proposal_approved": null, "project_proposal": 36, "edit_date": "2015-05-04T10:49:25Z", "project_completion": null, "project_agreement_approved": null, "program": 67, "project_agreement": 16, "create_date": "2015-05-04T10:49:25Z"}, "model": "activitydb.programdashboard", "pk": 36}, {"fields": {"project_completion_approved": null, "project_proposal_approved": null, "project_proposal": 37, "edit_date": "2015-05-04T10:51:16Z", "project_completion": null, "project_agreement_approved": null, "program": 67, "project_agreement": null, "create_date": "2015-05-04T10:51:16Z"}, "model": "activitydb.programdashboard", "pk": 37}, {"fields": {"project_completion_approved": null, "project_proposal_approved": null, "project_proposal": 38, "edit_date": "2015-05-04T10:53:05Z", "project_completion": null, "project_agreement_approved": null, "program": 67, "project_agreement": 17, "create_date": "2015-05-04T10:53:05Z"}, "model": "activitydb.programdashboard", "pk": 38}, {"fields": {"project_completion_approved": null, "project_proposal_approved": null, "project_proposal": 39, "edit_date": "2015-05-04T10:56:29Z", "project_completion": null, "project_agreement_approved": null, "program": 67, "project_agreement": 18, "create_date": "2015-05-04T10:56:29Z"}, "model": "activitydb.programdashboard", "pk": 39}, {"fields": {"project_completion_approved": null, "project_proposal_approved": null, "project_proposal": 40, "edit_date": "2015-05-06T04:46:19Z", "project_completion": null, "project_agreement_approved": null, "program": 67, "project_agreement": null, "create_date": "2015-05-06T04:46:19Z"}, "model": "activitydb.programdashboard", "pk": 40}, {"fields": {"project_completion_approved": null, "project_proposal_approved": null, "project_proposal": 41, "edit_date": "2015-05-06T08:16:48Z", "project_completion": null, "project_agreement_approved": null, "program": 67, "project_agreement": null, "create_date": "2015-05-06T08:16:48Z"}, "model": "activitydb.programdashboard", "pk": 41}, {"fields": {"project_completion_approved": null, "project_proposal_approved": null, "project_proposal": 42, "edit_date": "2015-05-06T08:18:56Z", "project_completion": null, "project_agreement_approved": null, "program": 67, "project_agreement": null, "create_date": "2015-05-06T08:18:56Z"}, "model": "activitydb.programdashboard", "pk": 42}, {"fields": {"project_completion_approved": null, "project_proposal_approved": null, "project_proposal": 43, "edit_date": "2015-05-06T08:32:57Z", "project_completion": null, "project_agreement_approved": null, "program": 67, "project_agreement": null, "create_date": "2015-05-06T08:32:57Z"}, "model": "activitydb.programdashboard", "pk": 43}, {"fields": {"project_completion_approved": null, "project_proposal_approved": null, "project_proposal": 44, "edit_date": "2015-05-06T08:34:41Z", "project_completion": null, "project_agreement_approved": null, "program": 67, "project_agreement": null, "create_date": "2015-05-06T08:34:41Z"}, "model": "activitydb.programdashboard", "pk": 44}, {"fields": {"project_completion_approved": null, "project_proposal_approved": null, "project_proposal": 45, "edit_date": "2015-05-06T08:36:34Z", "project_completion": null, "project_agreement_approved": null, "program": 67, "project_agreement": null, "create_date": "2015-05-06T08:36:34Z"}, "model": "activitydb.programdashboard", "pk": 45}, {"fields": {"project_completion_approved": null, "project_proposal_approved": null, "project_proposal": 46, "edit_date": "2015-05-06T09:27:49Z", "project_completion": null, "project_agreement_approved": null, "program": 67, "project_agreement": null, "create_date": "2015-05-06T09:27:49Z"}, "model": "activitydb.programdashboard", "pk": 46}, {"fields": {"project_completion_approved": null, "project_proposal_approved": null, "project_proposal": 47, "edit_date": "2015-05-06T09:43:24Z", "project_completion": null, "project_agreement_approved": null, "program": 67, "project_agreement": null, "create_date": "2015-05-06T09:43:24Z"}, "model": "activitydb.programdashboard", "pk": 47}, {"fields": {"project_completion_approved": null, "project_proposal_approved": null, "project_proposal": 48, "edit_date": "2015-05-06T09:46:13Z", "project_completion": null, "project_agreement_approved": null, "program": 67, "project_agreement": 11, "create_date": "2015-05-06T09:46:13Z"}, "model": "activitydb.programdashboard", "pk": 48}, {"fields": {"project_completion_approved": null, "project_proposal_approved": null, "project_proposal": 49, "edit_date": "2015-05-06T09:46:35Z", "project_completion": null, "project_agreement_approved": null, "program": 67, "project_agreement": null, "create_date": "2015-05-06T09:46:35Z"}, "model": "activitydb.programdashboard", "pk": 49}, {"fields": {"project_completion_approved": null, "project_proposal_approved": null, "project_proposal": 50, "edit_date": "2015-05-06T09:49:45Z", "project_completion": null, "project_agreement_approved": null, "program": 67, "project_agreement": 20, "create_date": "2015-05-06T09:49:45Z"}, "model": "activitydb.programdashboard", "pk": 50}, {"fields": {"project_completion_approved": null, "project_proposal_approved": null, "project_proposal": 51, "edit_date": "2015-05-06T10:19:49Z", "project_completion": null, "project_agreement_approved": null, "program": 67, "project_agreement": 14, "create_date": "2015-05-06T10:19:49Z"}, "model": "activitydb.programdashboard", "pk": 51}, {"fields": {"project_completion_approved": null, "project_proposal_approved": null, "project_proposal": 52, "edit_date": "2015-05-06T10:21:48Z", "project_completion": null, "project_agreement_approved": null, "program": 67, "project_agreement": null, "create_date": "2015-05-06T10:21:48Z"}, "model": "activitydb.programdashboard", "pk": 52}, {"fields": {"project_completion_approved": null, "project_proposal_approved": null, "project_proposal": 53, "edit_date": "2015-05-06T10:34:17Z", "project_completion": null, "project_agreement_approved": null, "program": 67, "project_agreement": null, "create_date": "2015-05-06T10:34:17Z"}, "model": "activitydb.programdashboard", "pk": 53}, {"fields": {"project_completion_approved": null, "project_proposal_approved": null, "project_proposal": 54, "edit_date": "2015-05-06T10:36:55Z", "project_completion": null, "project_agreement_approved": null, "program": 67, "project_agreement": null, "create_date": "2015-05-06T10:36:55Z"}, "model": "activitydb.programdashboard", "pk": 54}, {"fields": {"project_completion_approved": null, "project_proposal_approved": null, "project_proposal": 55, "edit_date": "2015-05-06T10:38:49Z", "project_completion": null, "project_agreement_approved": null, "program": 67, "project_agreement": null, "create_date": "2015-05-06T10:38:49Z"}, "model": "activitydb.programdashboard", "pk": 55}, {"fields": {"project_completion_approved": null, "project_proposal_approved": null, "project_proposal": 56, "edit_date": "2015-05-07T04:27:14Z", "project_completion": null, "project_agreement_approved": null, "program": 67, "project_agreement": null, "create_date": "2015-05-07T04:27:14Z"}, "model": "activitydb.programdashboard", "pk": 56}, {"fields": {"project_completion_approved": null, "project_proposal_approved": null, "project_proposal": 57, "edit_date": "2015-05-07T04:32:15Z", "project_completion": null, "project_agreement_approved": null, "program": 67, "project_agreement": null, "create_date": "2015-05-07T04:32:15Z"}, "model": "activitydb.programdashboard", "pk": 57}, {"fields": {"project_completion_approved": null, "project_proposal_approved": null, "project_proposal": 58, "edit_date": "2015-05-07T04:49:01Z", "project_completion": null, "project_agreement_approved": null, "program": 67, "project_agreement": null, "create_date": "2015-05-07T04:49:01Z"}, "model": "activitydb.programdashboard", "pk": 58}, {"fields": {"project_completion_approved": null, "project_proposal_approved": null, "project_proposal": 59, "edit_date": "2015-05-07T05:07:52Z", "project_completion": null, "project_agreement_approved": null, "program": 67, "project_agreement": 21, "create_date": "2015-05-07T05:07:52Z"}, "model": "activitydb.programdashboard", "pk": 59}, {"fields": {"project_completion_approved": null, "project_proposal_approved": null, "project_proposal": 60, "edit_date": "2015-05-07T05:55:32Z", "project_completion": null, "project_agreement_approved": null, "program": 67, "project_agreement": 23, "create_date": "2015-05-07T05:55:32Z"}, "model": "activitydb.programdashboard", "pk": 60}, {"fields": {"project_completion_approved": null, "project_proposal_approved": null, "project_proposal": 61, "edit_date": "2015-05-07T09:28:15Z", "project_completion": null, "project_agreement_approved": null, "program": 61, "project_agreement": 22, "create_date": "2015-05-07T09:28:15Z"}, "model": "activitydb.programdashboard", "pk": 61}, {"fields": {"project_completion_approved": null, "project_proposal_approved": null, "project_proposal": 62, "edit_date": "2015-05-07T09:37:07Z", "project_completion": null, "project_agreement_approved": null, "program": 61, "project_agreement": null, "create_date": "2015-05-07T09:37:07Z"}, "model": "activitydb.programdashboard", "pk": 62}, {"fields": {"project_completion_approved": null, "project_proposal_approved": null, "project_proposal": 63, "edit_date": "2015-05-07T10:39:17Z", "project_completion": null, "project_agreement_approved": null, "program": 67, "project_agreement": 24, "create_date": "2015-05-07T10:39:17Z"}, "model": "activitydb.programdashboard", "pk": 63}, {"fields": {"project_completion_approved": null, "project_proposal_approved": null, "project_proposal": 64, "edit_date": "2015-05-07T10:43:28Z", "project_completion": null, "project_agreement_approved": null, "program": 67, "project_agreement": 25, "create_date": "2015-05-07T10:43:28Z"}, "model": "activitydb.programdashboard", "pk": 64}, {"fields": {"create_date": "2015-05-06T07:04:21Z", "non_logframe_indicator": "", "edit_date": "2015-05-06T07:04:21Z", "achieved": "21", "targeted": "21", "agreement": 4, "complete": null, "logframe_indicator": 22, "description": ""}, "model": "activitydb.quantitativeoutputs", "pk": 2}, {"fields": {"create_date": "2015-05-06T07:04:35Z", "non_logframe_indicator": "", "edit_date": "2015-05-06T07:04:35Z", "achieved": "21", "targeted": "21", "agreement": 4, "complete": null, "logframe_indicator": 22, "description": ""}, "model": "activitydb.quantitativeoutputs", "pk": 3}, {"fields": {"create_date": "2015-05-06T07:04:53Z", "non_logframe_indicator": "", "edit_date": "2015-05-06T07:04:53Z", "achieved": "21", "targeted": "21", "agreement": 4, "complete": null, "logframe_indicator": 22, "description": ""}, "model": "activitydb.quantitativeoutputs", "pk": 4}, {"fields": {"create_date": "2015-05-06T09:41:37Z", "non_logframe_indicator": "", "edit_date": "2015-05-06T09:41:37Z", "achieved": "15", "targeted": "15", "agreement": 9, "complete": null, "logframe_indicator": 17, "description": ""}, "model": "activitydb.quantitativeoutputs", "pk": 5}, {"fields": {"create_date": "2015-05-06T09:41:47Z", "non_logframe_indicator": "", "edit_date": "2015-05-06T09:41:47Z", "achieved": "15", "targeted": "15", "agreement": 9, "complete": null, "logframe_indicator": 17, "description": ""}, "model": "activitydb.quantitativeoutputs", "pk": 6}, {"fields": {"create_date": "2015-05-06T09:42:01Z", "non_logframe_indicator": "", "edit_date": "2015-05-06T09:42:01Z", "achieved": "15", "targeted": "15", "agreement": 9, "complete": null, "logframe_indicator": 17, "description": ""}, "model": "activitydb.quantitativeoutputs", "pk": 7}, {"fields": {"create_date": "2015-05-06T09:42:03Z", "non_logframe_indicator": "", "edit_date": "2015-05-06T09:42:03Z", "achieved": "15", "targeted": "15", "agreement": 9, "complete": null, "logframe_indicator": 17, "description": ""}, "model": "activitydb.quantitativeoutputs", "pk": 8}, {"fields": {"create_date": "2015-05-06T09:42:05Z", "non_logframe_indicator": "", "edit_date": "2015-05-06T09:42:05Z", "achieved": "15", "targeted": "15", "agreement": 9, "complete": null, "logframe_indicator": 17, "description": ""}, "model": "activitydb.quantitativeoutputs", "pk": 9}, {"fields": {"create_date": "2015-05-06T09:42:06Z", "non_logframe_indicator": "", "edit_date": "2015-05-06T09:42:06Z", "achieved": "15", "targeted": "15", "agreement": 9, "complete": null, "logframe_indicator": 17, "description": ""}, "model": "activitydb.quantitativeoutputs", "pk": 10}, {"fields": {"create_date": "2015-05-06T09:42:06Z", "non_logframe_indicator": "", "edit_date": "2015-05-06T09:42:06Z", "achieved": "15", "targeted": "15", "agreement": 9, "complete": null, "logframe_indicator": 17, "description": ""}, "model": "activitydb.quantitativeoutputs", "pk": 11}, {"fields": {"create_date": "2015-05-06T10:17:34Z", "non_logframe_indicator": "", "edit_date": "2015-05-06T10:17:34Z", "achieved": "21", "targeted": "21", "agreement": 5, "complete": null, "logframe_indicator": 22, "description": ""}, "model": "activitydb.quantitativeoutputs", "pk": 12}, {"fields": {"create_date": "2015-05-06T10:18:03Z", "non_logframe_indicator": "", "edit_date": "2015-05-06T10:18:03Z", "achieved": "21", "targeted": "21", "agreement": 5, "complete": null, "logframe_indicator": 22, "description": ""}, "model": "activitydb.quantitativeoutputs", "pk": 13}, {"fields": {"create_date": "2015-05-06T10:19:15Z", "non_logframe_indicator": "", "edit_date": "2015-05-06T10:19:15Z", "achieved": "21", "targeted": "21", "agreement": 5, "complete": null, "logframe_indicator": 22, "description": ""}, "model": "activitydb.quantitativeoutputs", "pk": 14}, {"fields": {"create_date": "2015-05-06T10:52:09Z", "non_logframe_indicator": "", "edit_date": "2015-05-06T10:52:09Z", "achieved": "10", "targeted": "10", "agreement": 6, "complete": null, "logframe_indicator": 3, "description": ""}, "model": "activitydb.quantitativeoutputs", "pk": 15}, {"fields": {"create_date": "2015-05-06T10:52:21Z", "non_logframe_indicator": "", "edit_date": "2015-05-06T10:52:21Z", "achieved": "10", "targeted": "10", "agreement": 6, "complete": null, "logframe_indicator": 3, "description": ""}, "model": "activitydb.quantitativeoutputs", "pk": 16}, {"fields": {"create_date": "2015-05-07T04:20:29Z", "non_logframe_indicator": "", "edit_date": "2015-05-07T04:20:29Z", "achieved": "3", "targeted": "3", "agreement": 12, "complete": null, "logframe_indicator": 6, "description": ""}, "model": "activitydb.quantitativeoutputs", "pk": 19}, {"fields": {"create_date": "2015-05-07T04:33:15Z", "non_logframe_indicator": "", "edit_date": "2015-05-07T04:33:15Z", "achieved": "", "targeted": "3", "agreement": 12, "complete": null, "logframe_indicator": null, "description": ""}, "model": "activitydb.quantitativeoutputs", "pk": 21}, {"fields": {"create_date": "2015-05-07T04:40:46Z", "non_logframe_indicator": "", "edit_date": "2015-05-07T04:40:46Z", "achieved": "", "targeted": "3", "agreement": 11, "complete": null, "logframe_indicator": 8, "description": ""}, "model": "activitydb.quantitativeoutputs", "pk": 24}, {"fields": {"create_date": "2015-05-07T04:42:16Z", "non_logframe_indicator": "", "edit_date": "2015-05-07T04:42:16Z", "achieved": "", "targeted": "1", "agreement": 11, "complete": null, "logframe_indicator": 20, "description": ""}, "model": "activitydb.quantitativeoutputs", "pk": 25}, {"fields": {"create_date": "2015-05-07T04:42:45Z", "non_logframe_indicator": "", "edit_date": "2015-05-07T04:42:45Z", "achieved": "", "targeted": "6", "agreement": 11, "complete": null, "logframe_indicator": 21, "description": ""}, "model": "activitydb.quantitativeoutputs", "pk": 26}, {"fields": {"create_date": "2015-05-07T06:40:15Z", "non_logframe_indicator": "", "edit_date": "2015-05-07T06:47:29Z", "achieved": "", "targeted": "Universal (AKF)", "agreement": 14, "complete": null, "logframe_indicator": 1, "description": "# of  farmers trained who are introduced  to new varieties/technologies in the selected value chains crops "}, "model": "activitydb.quantitativeoutputs", "pk": 39}, {"fields": {"create_date": "2015-05-07T06:41:23Z", "non_logframe_indicator": "", "edit_date": "2015-05-07T06:41:23Z", "achieved": "", "targeted": "120", "agreement": 14, "complete": null, "logframe_indicator": 4, "description": "# of  farmers trained through Agricultural Extension mechanism"}, "model": "activitydb.quantitativeoutputs", "pk": 41}, {"fields": {"create_date": "2015-05-07T06:44:04Z", "non_logframe_indicator": "", "edit_date": "2015-05-07T06:44:04Z", "achieved": "", "targeted": "15", "agreement": 16, "complete": null, "logframe_indicator": null, "description": ""}, "model": "activitydb.quantitativeoutputs", "pk": 43}, {"fields": {"create_date": "2015-05-07T06:48:16Z", "non_logframe_indicator": "", "edit_date": "2015-05-07T06:48:16Z", "achieved": "", "targeted": "Universal AKF", "agreement": 15, "complete": null, "logframe_indicator": null, "description": "1.The first meeting with BISA for coordination and arrangement of the Ag-Inputs Exhibition -10%"}, "model": "activitydb.quantitativeoutputs", "pk": 44}, {"fields": {"create_date": "2015-05-07T06:48:17Z", "non_logframe_indicator": "", "edit_date": "2015-05-07T06:48:17Z", "achieved": "", "targeted": "Universal AKF", "agreement": 15, "complete": null, "logframe_indicator": null, "description": "1.The first meeting with BISA for coordination and arrangement of the Ag-Inputs Exhibition -10%"}, "model": "activitydb.quantitativeoutputs", "pk": 47}, {"fields": {"create_date": "2015-05-07T06:48:17Z", "non_logframe_indicator": "", "edit_date": "2015-05-07T06:48:17Z", "achieved": "", "targeted": "Universal AKF", "agreement": 15, "complete": null, "logframe_indicator": null, "description": "1.The first meeting with BISA for coordination and arrangement of the Ag-Inputs Exhibition -10%"}, "model": "activitydb.quantitativeoutputs", "pk": 50}, {"fields": {"create_date": "2015-05-07T06:48:18Z", "non_logframe_indicator": "", "edit_date": "2015-05-07T06:48:18Z", "achieved": "", "targeted": "Universal AKF", "agreement": 15, "complete": null, "logframe_indicator": null, "description": "1.The first meeting with BISA for coordination and arrangement of the Ag-Inputs Exhibition -10%"}, "model": "activitydb.quantitativeoutputs", "pk": 51}, {"fields": {"create_date": "2015-05-07T06:48:18Z", "non_logframe_indicator": "", "edit_date": "2015-05-07T06:48:18Z", "achieved": "", "targeted": "Universal AKF", "agreement": 15, "complete": null, "logframe_indicator": null, "description": "1.The first meeting with BISA for coordination and arrangement of the Ag-Inputs Exhibition -10%"}, "model": "activitydb.quantitativeoutputs", "pk": 52}, {"fields": {"create_date": "2015-05-07T06:48:18Z", "non_logframe_indicator": "", "edit_date": "2015-05-07T06:48:18Z", "achieved": "", "targeted": "Universal AKF", "agreement": 15, "complete": null, "logframe_indicator": null, "description": "1.The first meeting with BISA for coordination and arrangement of the Ag-Inputs Exhibition -10%"}, "model": "activitydb.quantitativeoutputs", "pk": 53}, {"fields": {"create_date": "2015-05-07T06:48:18Z", "non_logframe_indicator": "", "edit_date": "2015-05-07T06:48:18Z", "achieved": "", "targeted": "Universal AKF", "agreement": 15, "complete": null, "logframe_indicator": null, "description": "1.The first meeting with BISA for coordination and arrangement of the Ag-Inputs Exhibition -10%"}, "model": "activitydb.quantitativeoutputs", "pk": 54}, {"fields": {"create_date": "2015-05-07T06:48:18Z", "non_logframe_indicator": "", "edit_date": "2015-05-07T06:48:18Z", "achieved": "", "targeted": "Universal AKF", "agreement": 15, "complete": null, "logframe_indicator": null, "description": "1.The first meeting with BISA for coordination and arrangement of the Ag-Inputs Exhibition -10%"}, "model": "activitydb.quantitativeoutputs", "pk": 55}, {"fields": {"create_date": "2015-05-07T06:48:18Z", "non_logframe_indicator": "", "edit_date": "2015-05-07T06:48:18Z", "achieved": "", "targeted": "Universal AKF", "agreement": 15, "complete": null, "logframe_indicator": null, "description": "1.The first meeting with BISA for coordination and arrangement of the Ag-Inputs Exhibition -10%"}, "model": "activitydb.quantitativeoutputs", "pk": 56}, {"fields": {"create_date": "2015-05-07T07:18:21Z", "non_logframe_indicator": "", "edit_date": "2015-05-07T07:18:21Z", "achieved": "", "targeted": "20", "agreement": 17, "complete": null, "logframe_indicator": 3, "description": ""}, "model": "activitydb.quantitativeoutputs", "pk": 58}, {"fields": {"create_date": "2015-05-07T07:56:34Z", "non_logframe_indicator": "", "edit_date": "2015-05-07T07:56:34Z", "achieved": "", "targeted": "20", "agreement": 18, "complete": null, "logframe_indicator": 31, "description": ""}, "model": "activitydb.quantitativeoutputs", "pk": 60}, {"fields": {"create_date": "2015-05-07T07:56:36Z", "non_logframe_indicator": "", "edit_date": "2015-05-07T07:56:36Z", "achieved": "", "targeted": "20", "agreement": 18, "complete": null, "logframe_indicator": 31, "description": ""}, "model": "activitydb.quantitativeoutputs", "pk": 61}, {"fields": {"create_date": "2015-05-07T09:23:36Z", "non_logframe_indicator": "", "edit_date": "2015-05-07T09:23:36Z", "achieved": "", "targeted": "50", "agreement": 20, "complete": null, "logframe_indicator": 25, "description": "# of farmers trained on financial literacy "}, "model": "activitydb.quantitativeoutputs", "pk": 62}, {"fields": {"create_date": "2015-05-07T09:39:37Z", "non_logframe_indicator": "", "edit_date": "2015-05-07T09:39:37Z", "achieved": "", "targeted": "22", "agreement": 19, "complete": null, "logframe_indicator": 3, "description": ""}, "model": "activitydb.quantitativeoutputs", "pk": 63}, {"fields": {"create_date": "2015-05-07T09:57:01Z", "non_logframe_indicator": "Non-Log-frame indicator ", "edit_date": "2015-05-07T09:57:01Z", "achieved": "", "targeted": "90", "agreement": 22, "complete": null, "logframe_indicator": null, "description": "Number of DDA benefited "}, "model": "activitydb.quantitativeoutputs", "pk": 64}, {"fields": {"create_date": "2015-05-07T10:05:00Z", "non_logframe_indicator": "", "edit_date": "2015-05-07T10:05:00Z", "achieved": "", "targeted": "50", "agreement": 21, "complete": null, "logframe_indicator": 33, "description": ""}, "model": "activitydb.quantitativeoutputs", "pk": 65}, {"fields": {"create_date": "2015-05-07T10:21:52Z", "non_logframe_indicator": "", "edit_date": "2015-05-07T10:21:52Z", "achieved": "", "targeted": "200", "agreement": 23, "complete": null, "logframe_indicator": 5, "description": ""}, "model": "activitydb.quantitativeoutputs", "pk": 66}, {"fields": {"create_date": "2015-05-07T10:56:34Z", "non_logframe_indicator": "", "edit_date": "2015-05-07T10:56:34Z", "achieved": "", "targeted": "119", "agreement": 24, "complete": null, "logframe_indicator": 4, "description": ""}, "model": "activitydb.quantitativeoutputs", "pk": 67}, {"fields": {"create_date": "2015-05-07T11:12:14Z", "non_logframe_indicator": "", "edit_date": "2015-05-07T11:12:14Z", "achieved": "", "targeted": "100", "agreement": 25, "complete": null, "logframe_indicator": 4, "description": ""}, "model": "activitydb.quantitativeoutputs", "pk": 68}, {"fields": {"iso_two_letters_code": "US", "updated": null, "name": "United States - Portland", "created": "2015-04-23T18:31:48Z"}, "model": "djangocosign.country", "pk": 1}, {"fields": {"iso_two_letters_code": "AF", "updated": null, "name": "Afghanistan", "created": "2015-04-23T21:12:03Z"}, "model": "djangocosign.country", "pk": 2}, {"fields": {"indicator_type": "Custom", "create_date": "2015-03-05T22:27:54Z", "description": "", "edit_date": null}, "model": "indicators.indicatortype", "pk": 1}, {"fields": {"indicator_type": "Standard", "create_date": "2015-03-05T22:28:30Z", "description": "", "edit_date": null}, "model": "indicators.indicatortype", "pk": 2}, {"fields": {"indicator_type": "Output", "create_date": null, "description": "", "edit_date": null}, "model": "indicators.indicatortype", "pk": 3}, {"fields": {"indicator_type": "Outcome", "create_date": null, "description": "", "edit_date": null}, "model": "indicators.indicatortype", "pk": 4}, {"fields": {"codename": "add_permission", "name": "Can add permission", "content_type": 1}, "model": "auth.permission", "pk": 1}, {"fields": {"codename": "change_permission", "name": "Can change permission", "content_type": 1}, "model": "auth.permission", "pk": 2}, {"fields": {"codename": "delete_permission", "name": "Can delete permission", "content_type": 1}, "model": "auth.permission", "pk": 3}, {"fields": {"codename": "add_group", "name": "Can add group", "content_type": 2}, "model": "auth.permission", "pk": 4}, {"fields": {"codename": "change_group", "name": "Can change group", "content_type": 2}, "model": "auth.permission", "pk": 5}, {"fields": {"codename": "delete_group", "name": "Can delete group", "content_type": 2}, "model": "auth.permission", "pk": 6}, {"fields": {"codename": "add_user", "name": "Can add user", "content_type": 3}, "model": "auth.permission", "pk": 7}, {"fields": {"codename": "change_user", "name": "Can change user", "content_type": 3}, "model": "auth.permission", "pk": 8}, {"fields": {"codename": "delete_user", "name": "Can delete user", "content_type": 3}, "model": "auth.permission", "pk": 9}, {"fields": {"codename": "add_contenttype", "name": "Can add content type", "content_type": 4}, "model": "auth.permission", "pk": 10}, {"fields": {"codename": "change_contenttype", "name": "Can change content type", "content_type": 4}, "model": "auth.permission", "pk": 11}, {"fields": {"codename": "delete_contenttype", "name": "Can delete content type", "content_type": 4}, "model": "auth.permission", "pk": 12}, {"fields": {"codename": "add_session", "name": "Can add session", "content_type": 5}, "model": "auth.permission", "pk": 13}, {"fields": {"codename": "change_session", "name": "Can change session", "content_type": 5}, "model": "auth.permission", "pk": 14}, {"fields": {"codename": "delete_session", "name": "Can delete session", "content_type": 5}, "model": "auth.permission", "pk": 15}, {"fields": {"codename": "add_site", "name": "Can add site", "content_type": 6}, "model": "auth.permission", "pk": 16}, {"fields": {"codename": "change_site", "name": "Can change site", "content_type": 6}, "model": "auth.permission", "pk": 17}, {"fields": {"codename": "delete_site", "name": "Can delete site", "content_type": 6}, "model": "auth.permission", "pk": 18}, {"fields": {"codename": "add_logentry", "name": "Can add log entry", "content_type": 7}, "model": "auth.permission", "pk": 19}, {"fields": {"codename": "change_logentry", "name": "Can change log entry", "content_type": 7}, "model": "auth.permission", "pk": 20}, {"fields": {"codename": "delete_logentry", "name": "Can delete log entry", "content_type": 7}, "model": "auth.permission", "pk": 21}, {"fields": {"codename": "add_report", "name": "Can add report", "content_type": 8}, "model": "auth.permission", "pk": 22}, {"fields": {"codename": "change_report", "name": "Can change report", "content_type": 8}, "model": "auth.permission", "pk": 23}, {"fields": {"codename": "delete_report", "name": "Can delete report", "content_type": 8}, "model": "auth.permission", "pk": 24}, {"fields": {"codename": "add_format", "name": "Can add format", "content_type": 9}, "model": "auth.permission", "pk": 25}, {"fields": {"codename": "change_format", "name": "Can change format", "content_type": 9}, "model": "auth.permission", "pk": 26}, {"fields": {"codename": "delete_format", "name": "Can delete format", "content_type": 9}, "model": "auth.permission", "pk": 27}, {"fields": {"codename": "add_displayfield", "name": "Can add display field", "content_type": 10}, "model": "auth.permission", "pk": 28}, {"fields": {"codename": "change_displayfield", "name": "Can change display field", "content_type": 10}, "model": "auth.permission", "pk": 29}, {"fields": {"codename": "delete_displayfield", "name": "Can delete display field", "content_type": 10}, "model": "auth.permission", "pk": 30}, {"fields": {"codename": "add_filterfield", "name": "Can add filter field", "content_type": 11}, "model": "auth.permission", "pk": 31}, {"fields": {"codename": "change_filterfield", "name": "Can change filter field", "content_type": 11}, "model": "auth.permission", "pk": 32}, {"fields": {"codename": "delete_filterfield", "name": "Can delete filter field", "content_type": 11}, "model": "auth.permission", "pk": 33}, {"fields": {"codename": "add_googlecredentialsmodel", "name": "Can add google credentials model", "content_type": 12}, "model": "auth.permission", "pk": 34}, {"fields": {"codename": "change_googlecredentialsmodel", "name": "Can change google credentials model", "content_type": 12}, "model": "auth.permission", "pk": 35}, {"fields": {"codename": "delete_googlecredentialsmodel", "name": "Can delete google credentials model", "content_type": 12}, "model": "auth.permission", "pk": 36}, {"fields": {"codename": "add_readtype", "name": "Can add read type", "content_type": 13}, "model": "auth.permission", "pk": 37}, {"fields": {"codename": "change_readtype", "name": "Can change read type", "content_type": 13}, "model": "auth.permission", "pk": 38}, {"fields": {"codename": "delete_readtype", "name": "Can delete read type", "content_type": 13}, "model": "auth.permission", "pk": 39}, {"fields": {"codename": "add_read", "name": "Can add read", "content_type": 14}, "model": "auth.permission", "pk": 40}, {"fields": {"codename": "change_read", "name": "Can change read", "content_type": 14}, "model": "auth.permission", "pk": 41}, {"fields": {"codename": "delete_read", "name": "Can delete read", "content_type": 14}, "model": "auth.permission", "pk": 42}, {"fields": {"codename": "add_silo", "name": "Can add silo", "content_type": 15}, "model": "auth.permission", "pk": 43}, {"fields": {"codename": "change_silo", "name": "Can change silo", "content_type": 15}, "model": "auth.permission", "pk": 44}, {"fields": {"codename": "delete_silo", "name": "Can delete silo", "content_type": 15}, "model": "auth.permission", "pk": 45}, {"fields": {"codename": "add_datafield", "name": "Can add data field", "content_type": 16}, "model": "auth.permission", "pk": 46}, {"fields": {"codename": "change_datafield", "name": "Can change data field", "content_type": 16}, "model": "auth.permission", "pk": 47}, {"fields": {"codename": "delete_datafield", "name": "Can delete data field", "content_type": 16}, "model": "auth.permission", "pk": 48}, {"fields": {"codename": "add_valuestore", "name": "Can add value store", "content_type": 17}, "model": "auth.permission", "pk": 49}, {"fields": {"codename": "change_valuestore", "name": "Can change value store", "content_type": 17}, "model": "auth.permission", "pk": 50}, {"fields": {"codename": "delete_valuestore", "name": "Can delete value store", "content_type": 17}, "model": "auth.permission", "pk": 51}, {"fields": {"codename": "add_token", "name": "Can add token", "content_type": 18}, "model": "auth.permission", "pk": 52}, {"fields": {"codename": "change_token", "name": "Can change token", "content_type": 18}, "model": "auth.permission", "pk": 53}, {"fields": {"codename": "delete_token", "name": "Can delete token", "content_type": 18}, "model": "auth.permission", "pk": 54}, {"fields": {"codename": "add_country", "name": "Can add country", "content_type": 19}, "model": "auth.permission", "pk": 55}, {"fields": {"codename": "change_country", "name": "Can change country", "content_type": 19}, "model": "auth.permission", "pk": 56}, {"fields": {"codename": "delete_country", "name": "Can delete country", "content_type": 19}, "model": "auth.permission", "pk": 57}, {"fields": {"codename": "add_program", "name": "Can add program", "content_type": 20}, "model": "auth.permission", "pk": 58}, {"fields": {"codename": "change_program", "name": "Can change program", "content_type": 20}, "model": "auth.permission", "pk": 59}, {"fields": {"codename": "delete_program", "name": "Can delete program", "content_type": 20}, "model": "auth.permission", "pk": 60}, {"fields": {"codename": "add_province", "name": "Can add province", "content_type": 21}, "model": "auth.permission", "pk": 61}, {"fields": {"codename": "change_province", "name": "Can change province", "content_type": 21}, "model": "auth.permission", "pk": 62}, {"fields": {"codename": "delete_province", "name": "Can delete province", "content_type": 21}, "model": "auth.permission", "pk": 63}, {"fields": {"codename": "add_district", "name": "Can add district", "content_type": 22}, "model": "auth.permission", "pk": 64}, {"fields": {"codename": "change_district", "name": "Can change district", "content_type": 22}, "model": "auth.permission", "pk": 65}, {"fields": {"codename": "delete_district", "name": "Can delete district", "content_type": 22}, "model": "auth.permission", "pk": 66}, {"fields": {"codename": "add_office", "name": "Can add office", "content_type": 23}, "model": "auth.permission", "pk": 67}, {"fields": {"codename": "change_office", "name": "Can change office", "content_type": 23}, "model": "auth.permission", "pk": 68}, {"fields": {"codename": "delete_office", "name": "Can delete office", "content_type": 23}, "model": "auth.permission", "pk": 69}, {"fields": {"codename": "add_village", "name": "Can add village", "content_type": 24}, "model": "auth.permission", "pk": 70}, {"fields": {"codename": "change_village", "name": "Can change village", "content_type": 24}, "model": "auth.permission", "pk": 71}, {"fields": {"codename": "delete_village", "name": "Can delete village", "content_type": 24}, "model": "auth.permission", "pk": 72}, {"fields": {"codename": "add_sector", "name": "Can add sector", "content_type": 25}, "model": "auth.permission", "pk": 73}, {"fields": {"codename": "change_sector", "name": "Can change sector", "content_type": 25}, "model": "auth.permission", "pk": 74}, {"fields": {"codename": "delete_sector", "name": "Can delete sector", "content_type": 25}, "model": "auth.permission", "pk": 75}, {"fields": {"codename": "add_community", "name": "Can add community", "content_type": 26}, "model": "auth.permission", "pk": 76}, {"fields": {"codename": "change_community", "name": "Can change community", "content_type": 26}, "model": "auth.permission", "pk": 77}, {"fields": {"codename": "delete_community", "name": "Can delete community", "content_type": 26}, "model": "auth.permission", "pk": 78}, {"fields": {"codename": "add_capacity", "name": "Can add capacity", "content_type": 27}, "model": "auth.permission", "pk": 79}, {"fields": {"codename": "change_capacity", "name": "Can change capacity", "content_type": 27}, "model": "auth.permission", "pk": 80}, {"fields": {"codename": "delete_capacity", "name": "Can delete capacity", "content_type": 27}, "model": "auth.permission", "pk": 81}, {"fields": {"codename": "add_evaluate", "name": "Can add evaluate", "content_type": 28}, "model": "auth.permission", "pk": 82}, {"fields": {"codename": "change_evaluate", "name": "Can change evaluate", "content_type": 28}, "model": "auth.permission", "pk": 83}, {"fields": {"codename": "delete_evaluate", "name": "Can delete evaluate", "content_type": 28}, "model": "auth.permission", "pk": 84}, {"fields": {"codename": "add_projecttype", "name": "Can add project type", "content_type": 29}, "model": "auth.permission", "pk": 85}, {"fields": {"codename": "change_projecttype", "name": "Can change project type", "content_type": 29}, "model": "auth.permission", "pk": 86}, {"fields": {"codename": "delete_projecttype", "name": "Can delete project type", "content_type": 29}, "model": "auth.permission", "pk": 87}, {"fields": {"codename": "add_template", "name": "Can add template", "content_type": 30}, "model": "auth.permission", "pk": 88}, {"fields": {"codename": "change_template", "name": "Can change template", "content_type": 30}, "model": "auth.permission", "pk": 89}, {"fields": {"codename": "delete_template", "name": "Can delete template", "content_type": 30}, "model": "auth.permission", "pk": 90}, {"fields": {"codename": "add_projectproposal", "name": "Can add project proposal", "content_type": 31}, "model": "auth.permission", "pk": 91}, {"fields": {"codename": "change_projectproposal", "name": "Can change project proposal", "content_type": 31}, "model": "auth.permission", "pk": 92}, {"fields": {"codename": "delete_projectproposal", "name": "Can delete project proposal", "content_type": 31}, "model": "auth.permission", "pk": 93}, {"fields": {"codename": "can_approve", "name": "Can approve proposal", "content_type": 31}, "model": "auth.permission", "pk": 94}, {"fields": {"codename": "add_projectagreement", "name": "Can add project agreement", "content_type": 32}, "model": "auth.permission", "pk": 95}, {"fields": {"codename": "change_projectagreement", "name": "Can change project agreement", "content_type": 32}, "model": "auth.permission", "pk": 96}, {"fields": {"codename": "delete_projectagreement", "name": "Can delete project agreement", "content_type": 32}, "model": "auth.permission", "pk": 97}, {"fields": {"codename": "can_approve", "name": "Can approve proposal", "content_type": 32}, "model": "auth.permission", "pk": 98}, {"fields": {"codename": "add_projectcomplete", "name": "Can add project complete", "content_type": 33}, "model": "auth.permission", "pk": 99}, {"fields": {"codename": "change_projectcomplete", "name": "Can change project complete", "content_type": 33}, "model": "auth.permission", "pk": 100}, {"fields": {"codename": "delete_projectcomplete", "name": "Can delete project complete", "content_type": 33}, "model": "auth.permission", "pk": 101}, {"fields": {"codename": "add_documentation", "name": "Can add documentation", "content_type": 34}, "model": "auth.permission", "pk": 102}, {"fields": {"codename": "change_documentation", "name": "Can change documentation", "content_type": 34}, "model": "auth.permission", "pk": 103}, {"fields": {"codename": "delete_documentation", "name": "Can delete documentation", "content_type": 34}, "model": "auth.permission", "pk": 104}, {"fields": {"codename": "add_benchmarks", "name": "Can add benchmarks", "content_type": 35}, "model": "auth.permission", "pk": 105}, {"fields": {"codename": "change_benchmarks", "name": "Can change benchmarks", "content_type": 35}, "model": "auth.permission", "pk": 106}, {"fields": {"codename": "delete_benchmarks", "name": "Can delete benchmarks", "content_type": 35}, "model": "auth.permission", "pk": 107}, {"fields": {"codename": "add_monitor", "name": "Can add monitor", "content_type": 36}, "model": "auth.permission", "pk": 108}, {"fields": {"codename": "change_monitor", "name": "Can change monitor", "content_type": 36}, "model": "auth.permission", "pk": 109}, {"fields": {"codename": "delete_monitor", "name": "Can delete monitor", "content_type": 36}, "model": "auth.permission", "pk": 110}, {"fields": {"codename": "add_budget", "name": "Can add budget", "content_type": 37}, "model": "auth.permission", "pk": 111}, {"fields": {"codename": "change_budget", "name": "Can change budget", "content_type": 37}, "model": "auth.permission", "pk": 112}, {"fields": {"codename": "delete_budget", "name": "Can delete budget", "content_type": 37}, "model": "auth.permission", "pk": 113}, {"fields": {"codename": "add_mergemap", "name": "Can add merge map", "content_type": 38}, "model": "auth.permission", "pk": 114}, {"fields": {"codename": "change_mergemap", "name": "Can change merge map", "content_type": 38}, "model": "auth.permission", "pk": 115}, {"fields": {"codename": "delete_mergemap", "name": "Can delete merge map", "content_type": 38}, "model": "auth.permission", "pk": 116}, {"fields": {"codename": "add_programdashboard", "name": "Can add program dashboard", "content_type": 39}, "model": "auth.permission", "pk": 117}, {"fields": {"codename": "change_programdashboard", "name": "Can change program dashboard", "content_type": 39}, "model": "auth.permission", "pk": 118}, {"fields": {"codename": "delete_programdashboard", "name": "Can delete program dashboard", "content_type": 39}, "model": "auth.permission", "pk": 119}, {"fields": {"codename": "add_trainingattendance", "name": "Can add training attendance", "content_type": 40}, "model": "auth.permission", "pk": 120}, {"fields": {"codename": "change_trainingattendance", "name": "Can change training attendance", "content_type": 40}, "model": "auth.permission", "pk": 121}, {"fields": {"codename": "delete_trainingattendance", "name": "Can delete training attendance", "content_type": 40}, "model": "auth.permission", "pk": 122}, {"fields": {"codename": "add_beneficiary", "name": "Can add beneficiary", "content_type": 41}, "model": "auth.permission", "pk": 123}, {"fields": {"codename": "change_beneficiary", "name": "Can change beneficiary", "content_type": 41}, "model": "auth.permission", "pk": 124}, {"fields": {"codename": "delete_beneficiary", "name": "Can delete beneficiary", "content_type": 41}, "model": "auth.permission", "pk": 125}, {"fields": {"codename": "add_contribution", "name": "Can add contribution", "content_type": 42}, "model": "auth.permission", "pk": 126}, {"fields": {"codename": "change_contribution", "name": "Can change contribution", "content_type": 42}, "model": "auth.permission", "pk": 127}, {"fields": {"codename": "delete_contribution", "name": "Can delete contribution", "content_type": 42}, "model": "auth.permission", "pk": 128}, {"fields": {"codename": "add_quantitativeoutputs", "name": "Can add quantitative outputs", "content_type": 43}, "model": "auth.permission", "pk": 129}, {"fields": {"codename": "change_quantitativeoutputs", "name": "Can change quantitative outputs", "content_type": 43}, "model": "auth.permission", "pk": 130}, {"fields": {"codename": "delete_quantitativeoutputs", "name": "Can delete quantitative outputs", "content_type": 43}, "model": "auth.permission", "pk": 131}, {"fields": {"codename": "add_country", "name": "Can add Country", "content_type": 44}, "model": "auth.permission", "pk": 132}, {"fields": {"codename": "change_country", "name": "Can change Country", "content_type": 44}, "model": "auth.permission", "pk": 133}, {"fields": {"codename": "delete_country", "name": "Can delete Country", "content_type": 44}, "model": "auth.permission", "pk": 134}, {"fields": {"codename": "add_office", "name": "Can add Office", "content_type": 45}, "model": "auth.permission", "pk": 135}, {"fields": {"codename": "change_office", "name": "Can change Office", "content_type": 45}, "model": "auth.permission", "pk": 136}, {"fields": {"codename": "delete_office", "name": "Can delete Office", "content_type": 45}, "model": "auth.permission", "pk": 137}, {"fields": {"codename": "add_userprofile", "name": "Can add user profile", "content_type": 46}, "model": "auth.permission", "pk": 138}, {"fields": {"codename": "change_userprofile", "name": "Can change user profile", "content_type": 46}, "model": "auth.permission", "pk": 139}, {"fields": {"codename": "delete_userprofile", "name": "Can delete user profile", "content_type": 46}, "model": "auth.permission", "pk": 140}, {"fields": {"codename": "add_indicatortype", "name": "Can add indicator type", "content_type": 47}, "model": "auth.permission", "pk": 141}, {"fields": {"codename": "change_indicatortype", "name": "Can change indicator type", "content_type": 47}, "model": "auth.permission", "pk": 142}, {"fields": {"codename": "delete_indicatortype", "name": "Can delete indicator type", "content_type": 47}, "model": "auth.permission", "pk": 143}, {"fields": {"codename": "add_disaggregationtype", "name": "Can add disaggregation type", "content_type": 48}, "model": "auth.permission", "pk": 144}, {"fields": {"codename": "change_disaggregationtype", "name": "Can change disaggregation type", "content_type": 48}, "model": "auth.permission", "pk": 145}, {"fields": {"codename": "delete_disaggregationtype", "name": "Can delete disaggregation type", "content_type": 48}, "model": "auth.permission", "pk": 146}, {"fields": {"codename": "add_reportingfrequency", "name": "Can add reporting frequency", "content_type": 49}, "model": "auth.permission", "pk": 147}, {"fields": {"codename": "change_reportingfrequency", "name": "Can change reporting frequency", "content_type": 49}, "model": "auth.permission", "pk": 148}, {"fields": {"codename": "delete_reportingfrequency", "name": "Can delete reporting frequency", "content_type": 49}, "model": "auth.permission", "pk": 149}, {"fields": {"codename": "add_indicator", "name": "Can add indicator", "content_type": 50}, "model": "auth.permission", "pk": 150}, {"fields": {"codename": "change_indicator", "name": "Can change indicator", "content_type": 50}, "model": "auth.permission", "pk": 151}, {"fields": {"codename": "delete_indicator", "name": "Can delete indicator", "content_type": 50}, "model": "auth.permission", "pk": 152}, {"fields": {"name": "Editor", "permissions": [79, 80, 76, 77, 64, 65, 66, 82, 83, 67, 68, 69, 58, 59, 85, 86, 87, 70, 71, 72]}, "model": "auth.group", "pk": 1}, {"fields": {"name": "Reviewer", "permissions": [79, 80, 81, 76, 77, 78, 64, 65, 66, 82, 83, 84, 67, 68, 69, 58, 59, 60, 85, 86, 87, 61, 62, 63, 73, 74, 75, 70, 71, 72, 52, 53, 54, 43, 44, 45, 49, 50, 51]}, "model": "auth.group", "pk": 2}, {"fields": {"name": "Approver", "permissions": [79, 80, 81, 76, 77, 78, 64, 65, 66, 82, 83, 84, 67, 68, 69, 58, 59, 60, 85, 86, 87, 61, 62, 63, 73, 74, 75, 70, 71, 72, 46, 47, 48]}, "model": "auth.group", "pk": 3}, {"fields": {"username": "glind", "first_name": "Greg", "last_name": "Lind", "is_active": true, "is_superuser": true, "is_staff": true, "last_login": "2015-05-07T22:53:45Z", "groups": [3], "user_permissions": [], "password": "pbkdf2_sha256$15000$neGik5RybN0u$iYNP1mx20OcoyyQhNFhWx0Z67MHy7+HmHGF5c+z8kLE=", "email": "glind@mercycorps.org", "date_joined": "2015-04-22T23:58:39Z"}, "model": "auth.user", "pk": 1}, {"fields": {"username": "atpham", "first_name": "Andrew", "last_name": "Pham", "is_active": true, "is_superuser": true, "is_staff": true, "last_login": "2015-04-27T09:01:37Z", "groups": [1, 2, 3], "user_permissions": [], "password": "", "email": "atpham@af.mercycorps.org", "date_joined": "2015-04-23T05:40:01Z"}, "model": "auth.user", "pk": 2}, {"fields": {"username": "msadat", "first_name": "Mashal", "last_name": "Sadat", "is_active": true, "is_superuser": true, "is_staff": true, "last_login": "2015-04-26T05:10:40Z", "groups": [1, 2, 3], "user_permissions": [105, 106, 107, 123, 124, 125, 111, 112, 113, 79, 80, 81, 76, 77, 78, 126, 127, 128, 55, 56, 57, 64, 65, 66, 102, 103, 104, 82, 83, 84, 114, 115, 116, 108, 109, 110, 67, 68, 69, 58, 59, 60, 117, 118, 119, 95, 98, 96, 97, 99, 100, 101, 91, 94, 92, 93, 85, 86, 87, 61, 62, 63, 129, 130, 131, 73, 74, 75, 88, 89, 90, 120, 121, 122, 70, 71, 72, 19, 20, 21, 4, 5, 6, 1, 2, 3, 7, 8, 9, 10, 11, 12, 132, 133, 134, 135, 136, 137, 138, 139, 140, 34, 35, 36, 144, 145, 146, 150, 151, 152, 141, 142, 143, 147, 148, 149, 40, 41, 42, 37, 38, 39, 52, 53, 54, 28, 29, 30, 31, 32, 33, 25, 26, 27, 22, 23, 24, 13, 14, 15, 46, 47, 48, 43, 44, 45, 49, 50, 51, 16, 17, 18], "password": "", "email": "msadat@af.mercycorps.org", "date_joined": "2015-04-26T05:10:40Z"}, "model": "auth.user", "pk": 3}, {"fields": {"username": "faali", "first_name": "Fareeha", "last_name": "Ali", "is_active": true, "is_superuser": false, "is_staff": true, "last_login": "2015-04-26T05:40:55Z", "groups": [1, 2], "user_permissions": [105, 106, 107, 123, 124, 125, 111, 112, 113, 79, 80, 81, 76, 77, 78, 126, 127, 128, 55, 56, 57, 64, 65, 66, 102, 103, 104, 82, 83, 84, 114, 115, 116, 108, 109, 110, 67, 68, 69, 58, 59, 60, 117, 118, 119, 95, 98, 96, 97, 99, 100, 101, 91, 94, 92, 93, 85, 86, 87, 61, 62, 63, 129, 130, 131, 73, 74, 75, 88, 89, 90, 120, 121, 122, 70, 71, 72, 19, 20, 21, 4, 5, 6, 1, 2, 3, 7, 8, 9, 10, 11, 12, 132, 133, 134, 135, 136, 137, 138, 139, 140, 34, 35, 36, 144, 145, 146, 150, 151, 152, 141, 142, 143, 147, 148, 149, 40, 41, 42, 37, 38, 39, 52, 53, 54, 28, 29, 30, 31, 32, 33, 25, 26, 27, 22, 23, 24, 13, 14, 15, 46, 47, 48, 43, 44, 45, 49, 50, 51, 16, 17, 18], "password": "", "email": "faali@af.mercycorps.org", "date_joined": "2015-04-26T05:40:55Z"}, "model": "auth.user", "pk": 4}, {"fields": {"username": "nraeeskhil", "first_name": "Niamatullah", "last_name": "Raeeskhil", "is_active": true, "is_superuser": true, "is_staff": true, "last_login": "2015-04-26T07:10:59Z", "groups": [1, 2, 3], "user_permissions": [105, 106, 107, 123, 124, 125, 111, 112, 113, 79, 80, 81, 76, 77, 78, 126, 127, 128, 55, 56, 57, 64, 65, 66, 102, 103, 104, 82, 83, 84, 114, 115, 116, 108, 109, 110, 67, 68, 69, 58, 59, 60, 117, 118, 119, 95, 98, 96, 97, 99, 100, 101, 91, 94, 92, 93, 85, 86, 87, 61, 62, 63, 129, 130, 131, 73, 74, 75, 88, 89, 90, 120, 121, 122, 70, 71, 72, 19, 20, 21, 4, 5, 6, 1, 2, 3, 7, 8, 9, 10, 11, 12, 132, 133, 134, 135, 136, 137, 138, 139, 140, 34, 35, 36, 144, 145, 146, 150, 151, 152, 141, 142, 143, 147, 148, 149, 40, 41, 42, 37, 38, 39, 52, 53, 54, 28, 29, 30, 31, 32, 33, 25, 26, 27, 22, 23, 24, 13, 14, 15, 46, 47, 48, 43, 44, 45, 49, 50, 51, 16, 17, 18], "password": "", "email": "nraeeskhil@af.mercycorps.org", "date_joined": "2015-04-26T07:10:59Z"}, "model": "auth.user", "pk": 5}, {"fields": {"username": "sbinaint", "first_name": "Shabnam", "last_name": "Bina", "is_active": true, "is_superuser": true, "is_staff": true, "last_login": "2015-04-29T05:49:08Z", "groups": [1, 2], "user_permissions": [105, 106, 107, 123, 124, 125, 111, 112, 113, 79, 80, 81, 76, 77, 78, 126, 127, 128, 55, 56, 57, 64, 65, 66, 102, 103, 104, 82, 83, 84, 114, 115, 116, 108, 109, 110, 67, 68, 69, 58, 59, 60, 117, 118, 119, 95, 98, 96, 97, 99, 100, 101, 91, 94, 92, 93, 85, 86, 87, 61, 62, 63, 129, 130, 131, 73, 74, 75, 88, 89, 90, 120, 121, 122, 70, 71, 72, 19, 20, 21, 4, 5, 6, 1, 2, 3, 7, 8, 9, 10, 11, 12, 132, 133, 134, 135, 136, 137, 138, 139, 140, 34, 35, 36, 144, 145, 146, 150, 151, 152, 141, 142, 143, 147, 148, 149, 40, 41, 42, 37, 38, 39, 52, 53, 54, 28, 29, 30, 31, 32, 33, 25, 26, 27, 22, 23, 24, 13, 14, 15, 46, 47, 48, 43, 44, 45, 49, 50, 51, 16, 17, 18], "password": "", "email": "sbinaint@af.mercycorps.org", "date_joined": "2015-04-26T08:43:59Z"}, "model": "auth.user", "pk": 6}, {"fields": {"username": "mhassani", "first_name": "Mohammad", "last_name": "Hassani", "is_active": true, "is_superuser": true, "is_staff": true, "last_login": "2015-04-29T10:20:47Z", "groups": [1, 2, 3], "user_permissions": [105, 106, 107, 123, 124, 125, 111, 112, 113, 79, 80, 81, 76, 77, 78, 126, 127, 128, 55, 56, 57, 64, 65, 66, 102, 103, 104, 82, 83, 84, 114, 115, 116, 108, 109, 110, 67, 68, 69, 58, 59, 60, 117, 118, 119, 95, 98, 96, 97, 99, 100, 101, 91, 94, 92, 93, 85, 86, 87, 61, 62, 63, 129, 130, 131, 73, 74, 75, 88, 89, 90, 120, 121, 122, 70, 71, 72, 19, 20, 21, 4, 5, 6, 1, 2, 3, 7, 8, 9, 10, 11, 12, 132, 133, 134, 135, 136, 137, 138, 139, 140, 34, 35, 36, 144, 145, 146, 150, 151, 152, 141, 142, 143, 147, 148, 149, 40, 41, 42, 37, 38, 39, 52, 53, 54, 28, 29, 30, 31, 32, 33, 25, 26, 27, 22, 23, 24, 13, 14, 15, 46, 47, 48, 43, 44, 45, 49, 50, 51, 16, 17, 18], "password": "", "email": "mhassani@af.mercycorps.org", "date_joined": "2015-04-29T10:20:47Z"}, "model": "auth.user", "pk": 7}, {"fields": {"username": "ashirzad", "first_name": "Abdul", "last_name": "Shirzad", "is_active": true, "is_superuser": false, "is_staff": false, "last_login": "2015-04-29T10:55:06Z", "groups": [], "user_permissions": [], "password": "", "email": "ashirzad@af.mercycorps.org", "date_joined": "2015-04-29T10:55:06Z"}, "model": "auth.user", "pk": 8}, {"fields": {"action_flag": 1, "action_time": "2015-04-23T19:42:08Z", "object_repr": "Output", "object_id": "3", "change_message": "", "user": 1, "content_type": 47}, "model": "admin.logentry", "pk": 1}, {"fields": {"action_flag": 1, "action_time": "2015-04-23T19:42:21Z", "object_repr": "Outcome", "object_id": "4", "change_message": "", "user": 1, "content_type": 47}, "model": "admin.logentry", "pk": 2}, {"fields": {"action_flag": 1, "action_time": "2015-04-23T21:12:03Z", "object_repr": "Afghanistan (AF)", "object_id": "2", "change_message": "", "user": 1, "content_type": 44}, "model": "admin.logentry", "pk": 3}, {"fields": {"action_flag": 2, "action_time": "2015-04-27T22:31:43Z", "object_repr": "msadat", "object_id": "3", "change_message": "Changed is_staff and is_superuser.", "user": 1, "content_type": 3}, "model": "admin.logentry", "pk": 4}, {"fields": {"action_flag": 2, "action_time": "2015-04-29T07:00:45Z", "object_repr": "msadat", "object_id": "3", "change_message": "Changed groups and user_permissions.", "user": 2, "content_type": 3}, "model": "admin.logentry", "pk": 5}, {"fields": {"action_flag": 2, "action_time": "2015-04-29T07:01:13Z", "object_repr": "nraeeskhil", "object_id": "5", "change_message": "Changed is_staff, is_superuser, groups and user_permissions.", "user": 2, "content_type": 3}, "model": "admin.logentry", "pk": 6}, {"fields": {"action_flag": 2, "action_time": "2015-04-29T07:02:50Z", "object_repr": "faali", "object_id": "4", "change_message": "Changed groups and user_permissions.", "user": 3, "content_type": 3}, "model": "admin.logentry", "pk": 7}, {"fields": {"action_flag": 2, "action_time": "2015-04-29T07:02:56Z", "object_repr": "faali", "object_id": "4", "change_message": "No fields changed.", "user": 3, "content_type": 3}, "model": "admin.logentry", "pk": 8}, {"fields": {"action_flag": 2, "action_time": "2015-04-29T07:03:38Z", "object_repr": "faali", "object_id": "4", "change_message": "No fields changed.", "user": 3, "content_type": 3}, "model": "admin.logentry", "pk": 9}, {"fields": {"action_flag": 2, "action_time": "2015-04-29T07:04:12Z", "object_repr": "faali", "object_id": "4", "change_message": "No fields changed.", "user": 3, "content_type": 3}, "model": "admin.logentry", "pk": 10}, {"fields": {"action_flag": 2, "action_time": "2015-04-29T07:04:52Z", "object_repr": "faali", "object_id": "4", "change_message": "Changed email.", "user": 3, "content_type": 3}, "model": "admin.logentry", "pk": 11}, {"fields": {"action_flag": 2, "action_time": "2015-04-29T07:05:19Z", "object_repr": "faali", "object_id": "4", "change_message": "Changed first_name and last_name.", "user": 3, "content_type": 3}, "model": "admin.logentry", "pk": 12}, {"fields": {"action_flag": 2, "action_time": "2015-04-29T07:05:57Z", "object_repr": "faali", "object_id": "4", "change_message": "No fields changed.", "user": 3, "content_type": 3}, "model": "admin.logentry", "pk": 13}, {"fields": {"action_flag": 2, "action_time": "2015-04-29T07:07:05Z", "object_repr": "faali", "object_id": "4", "change_message": "No fields changed.", "user": 3, "content_type": 3}, "model": "admin.logentry", "pk": 14}, {"fields": {"action_flag": 2, "action_time": "2015-04-29T07:08:29Z", "object_repr": "sbinaint", "object_id": "6", "change_message": "Changed first_name, last_name, email, groups and user_permissions.", "user": 3, "content_type": 3}, "model": "admin.logentry", "pk": 15}, {"fields": {"action_flag": 2, "action_time": "2015-04-29T07:09:07Z", "object_repr": "msadat", "object_id": "3", "change_message": "No fields changed.", "user": 3, "content_type": 3}, "model": "admin.logentry", "pk": 16}, {"fields": {"action_flag": 2, "action_time": "2015-04-29T07:09:37Z", "object_repr": "faali", "object_id": "4", "change_message": "Changed is_staff.", "user": 3, "content_type": 3}, "model": "admin.logentry", "pk": 17}, {"fields": {"action_flag": 2, "action_time": "2015-04-29T07:12:04Z", "object_repr": "faali", "object_id": "4", "change_message": "Changed is_superuser.", "user": 3, "content_type": 3}, "model": "admin.logentry", "pk": 18}, {"fields": {"action_flag": 2, "action_time": "2015-04-29T10:37:44Z", "object_repr": "faali", "object_id": "4", "change_message": "Changed is_superuser and groups.", "user": 2, "content_type": 3}, "model": "admin.logentry", "pk": 19}, {"fields": {"action_flag": 2, "action_time": "2015-04-29T10:38:04Z", "object_repr": "mhassani", "object_id": "7", "change_message": "Changed is_staff, is_superuser, groups and user_permissions.", "user": 2, "content_type": 3}, "model": "admin.logentry", "pk": 20}, {"fields": {"action_flag": 2, "action_time": "2015-04-29T10:38:30Z", "object_repr": "sbinaint", "object_id": "6", "change_message": "Changed is_staff and is_superuser.", "user": 2, "content_type": 3}, "model": "admin.logentry", "pk": 21}, {"fields": {"action_flag": 1, "action_time": "2015-04-29T11:05:16Z", "object_repr": "Animal Health", "object_id": "1", "change_message": "", "user": 3, "content_type": 29}, "model": "admin.logentry", "pk": 22}, {"fields": {"action_flag": 1, "action_time": "2015-04-29T11:08:25Z", "object_repr": "Bee Keeping", "object_id": "2", "change_message": "", "user": 3, "content_type": 29}, "model": "admin.logentry", "pk": 23}, {"fields": {"action_flag": 1, "action_time": "2015-04-29T11:08:49Z", "object_repr": "Capacity building", "object_id": "3", "change_message": "", "user": 3, "content_type": 29}, "model": "admin.logentry", "pk": 24}, {"fields": {"action_flag": 1, "action_time": "2015-04-29T11:09:11Z", "object_repr": "Cereal Crop Cultivation", "object_id": "4", "change_message": "", "user": 3, "content_type": 29}, "model": "admin.logentry", "pk": 25}, {"fields": {"action_flag": 1, "action_time": "2015-04-29T11:10:13Z", "object_repr": "Commercial Vegetable", "object_id": "5", "change_message": "", "user": 3, "content_type": 29}, "model": "admin.logentry", "pk": 26}, {"fields": {"action_flag": 1, "action_time": "2015-04-29T11:10:46Z", "object_repr": "Energy", "object_id": "6", "change_message": "", "user": 3, "content_type": 29}, "model": "admin.logentry", "pk": 27}, {"fields": {"action_flag": 1, "action_time": "2015-04-29T11:11:02Z", "object_repr": "Fauna", "object_id": "7", "change_message": "", "user": 3, "content_type": 29}, "model": "admin.logentry", "pk": 28}, {"fields": {"action_flag": 1, "action_time": "2015-04-29T11:11:20Z", "object_repr": "Flood Mitigation", "object_id": "8", "change_message": "", "user": 3, "content_type": 29}, "model": "admin.logentry", "pk": 29}, {"fields": {"action_flag": 1, "action_time": "2015-04-29T11:11:43Z", "object_repr": "Flood Wall/ Gabions", "object_id": "9", "change_message": "", "user": 3, "content_type": 29}, "model": "admin.logentry", "pk": 30}, {"fields": {"action_flag": 1, "action_time": "2015-04-29T11:12:09Z", "object_repr": "Flora", "object_id": "10", "change_message": "", "user": 3, "content_type": 29}, "model": "admin.logentry", "pk": 31}, {"fields": {"action_flag": 1, "action_time": "2015-04-29T11:12:32Z", "object_repr": "Fruit Tree Nursery Devlopment", "object_id": "11", "change_message": "", "user": 3, "content_type": 29}, "model": "admin.logentry", "pk": 32}, {"fields": {"action_flag": 1, "action_time": "2015-04-29T11:12:47Z", "object_repr": "High value Horticulture", "object_id": "12", "change_message": "", "user": 3, "content_type": 29}, "model": "admin.logentry", "pk": 33}, {"fields": {"action_flag": 1, "action_time": "2015-04-29T11:13:08Z", "object_repr": "Home Based Nurseries", "object_id": "13", "change_message": "", "user": 3, "content_type": 29}, "model": "admin.logentry", "pk": 34}, {"fields": {"action_flag": 1, "action_time": "2015-04-29T11:13:30Z", "object_repr": "Irrigation", "object_id": "14", "change_message": "", "user": 3, "content_type": 29}, "model": "admin.logentry", "pk": 35}, {"fields": {"action_flag": 1, "action_time": "2015-04-29T11:13:59Z", "object_repr": "Lamb/ Calf Fattening", "object_id": "15", "change_message": "", "user": 3, "content_type": 29}, "model": "admin.logentry", "pk": 36}, {"fields": {"action_flag": 1, "action_time": "2015-04-29T11:14:23Z", "object_repr": "Meat Market Improvement", "object_id": "16", "change_message": "", "user": 3, "content_type": 29}, "model": "admin.logentry", "pk": 37}, {"fields": {"action_flag": 1, "action_time": "2015-04-29T11:14:47Z", "object_repr": "Orchard Establishment", "object_id": "17", "change_message": "", "user": 3, "content_type": 29}, "model": "admin.logentry", "pk": 38}, {"fields": {"action_flag": 1, "action_time": "2015-04-29T11:15:15Z", "object_repr": "Orchard Management", "object_id": "18", "change_message": "", "user": 3, "content_type": 29}, "model": "admin.logentry", "pk": 39}, {"fields": {"action_flag": 1, "action_time": "2015-04-29T11:15:59Z", "object_repr": "Secondary/ Feeder Road", "object_id": "19", "change_message": "", "user": 3, "content_type": 29}, "model": "admin.logentry", "pk": 40}, {"fields": {"action_flag": 1, "action_time": "2015-04-29T11:16:23Z", "object_repr": "Ram Pump", "object_id": "20", "change_message": "", "user": 3, "content_type": 29}, "model": "admin.logentry", "pk": 41}, {"fields": {"action_flag": 1, "action_time": "2015-04-29T11:16:49Z", "object_repr": "Silk Production", "object_id": "21", "change_message": "", "user": 3, "content_type": 29}, "model": "admin.logentry", "pk": 42}, {"fields": {"action_flag": 1, "action_time": "2015-04-29T11:17:18Z", "object_repr": "Soil", "object_id": "22", "change_message": "", "user": 3, "content_type": 29}, "model": "admin.logentry", "pk": 43}, {"fields": {"action_flag": 1, "action_time": "2015-04-29T11:17:43Z", "object_repr": "Timber Cultivation", "object_id": "23", "change_message": "", "user": 3, "content_type": 29}, "model": "admin.logentry", "pk": 44}, {"fields": {"action_flag": 1, "action_time": "2015-04-29T11:18:14Z", "object_repr": "Timber Cultivation", "object_id": "24", "change_message": "", "user": 3, "content_type": 29}, "model": "admin.logentry", "pk": 45}, {"fields": {"action_flag": 1, "action_time": "2015-04-29T11:18:40Z", "object_repr": "Vaccination Campain", "object_id": "25", "change_message": "", "user": 3, "content_type": 29}, "model": "admin.logentry", "pk": 46}, {"fields": {"action_flag": 1, "action_time": "2015-04-29T11:20:39Z", "object_repr": "VFU Clinic Building", "object_id": "26", "change_message": "", "user": 3, "content_type": 29}, "model": "admin.logentry", "pk": 47}, {"fields": {"action_flag": 1, "action_time": "2015-04-29T11:20:59Z", "object_repr": "VFU Service Promotion", "object_id": "27", "change_message": "", "user": 3, "content_type": 29}, "model": "admin.logentry", "pk": 48}, {"fields": {"action_flag": 1, "action_time": "2015-04-29T11:21:18Z", "object_repr": "Vocat. Course", "object_id": "28", "change_message": "", "user": 3, "content_type": 29}, "model": "admin.logentry", "pk": 49}, {"fields": {"action_flag": 1, "action_time": "2015-04-29T11:21:38Z", "object_repr": "Water", "object_id": "29", "change_message": "", "user": 3, "content_type": 29}, "model": "admin.logentry", "pk": 50}, {"fields": {"action_flag": 1, "action_time": "2015-04-29T11:22:11Z", "object_repr": "Women Poulty Production", "object_id": "30", "change_message": "", "user": 3, "content_type": 29}, "model": "admin.logentry", "pk": 51}, {"fields": {"action_flag": 1, "action_time": "2015-04-29T11:22:35Z", "object_repr": "Other ", "object_id": "31", "change_message": "", "user": 3, "content_type": 29}, "model": "admin.logentry", "pk": 52}, {"fields": {"action_flag": 3, "action_time": "2015-04-29T21:26:43Z", "object_repr": "Vocational Training Semester 2", "object_id": "1", "change_message": "", "user": 1, "content_type": 33}, "model": "admin.logentry", "pk": 53}, {"fields": {"action_flag": 3, "action_time": "2015-04-29T21:26:43Z", "object_repr": "Vocational Training Semester 2", "object_id": "2", "change_message": "", "user": 1, "content_type": 33}, "model": "admin.logentry", "pk": 54}, {"fields": {"action_flag": 1, "action_time": "2015-04-30T09:37:36Z", "object_repr": "Energy & Natural Resources", "object_id": "10", "change_message": "", "user": 3, "content_type": 25}, "model": "admin.logentry", "pk": 55}, {"fields": {"action_flag": 1, "action_time": "2015-04-30T09:38:16Z", "object_repr": "Agribusiness", "object_id": "11", "change_message": "", "user": 3, "content_type": 25}, "model": "admin.logentry", "pk": 56}, {"fields": {"action_flag": 1, "action_time": "2015-04-30T09:38:42Z", "object_repr": "Skills and Training", "object_id": "12", "change_message": "", "user": 3, "content_type": 25}, "model": "admin.logentry", "pk": 57}, {"fields": {"action_flag": 1, "action_time": "2015-05-03T07:18:22Z", "object_repr": "KBL", "object_id": "3", "change_message": "", "user": 3, "content_type": 23}, "model": "admin.logentry", "pk": 58}, {"fields": {"action_flag": 1, "action_time": "2015-05-03T07:19:00Z", "object_repr": "JAA", "object_id": "4", "change_message": "", "user": 3, "content_type": 23}, "model": "admin.logentry", "pk": 59}, {"fields": {"action_flag": 1, "action_time": "2015-05-03T07:19:27Z", "object_repr": "KND", "object_id": "5", "change_message": "", "user": 3, "content_type": 23}, "model": "admin.logentry", "pk": 60}, {"fields": {"action_flag": 1, "action_time": "2015-05-03T07:19:52Z", "object_repr": "FZD", "object_id": "6", "change_message": "", "user": 3, "content_type": 23}, "model": "admin.logentry", "pk": 61}, {"fields": {"action_flag": 1, "action_time": "2015-05-03T07:20:28Z", "object_repr": "LKG", "object_id": "7", "change_message": "", "user": 3, "content_type": 23}, "model": "admin.logentry", "pk": 62}, {"fields": {"action_flag": 1, "action_time": "2015-05-03T07:20:54Z", "object_repr": "URZ", "object_id": "8", "change_message": "", "user": 3, "content_type": 23}, "model": "admin.logentry", "pk": 63}, {"fields": {"action_flag": 1, "action_time": "2015-05-03T07:21:24Z", "object_repr": "MZR", "object_id": "9", "change_message": "", "user": 3, "content_type": 23}, "model": "admin.logentry", "pk": 64}, {"fields": {"action_flag": 1, "action_time": "2015-05-03T07:21:46Z", "object_repr": "UND", "object_id": "10", "change_message": "", "user": 3, "content_type": 23}, "model": "admin.logentry", "pk": 65}, {"fields": {"action_flag": 1, "action_time": "2015-05-03T07:22:29Z", "object_repr": "PLK", "object_id": "11", "change_message": "", "user": 3, "content_type": 23}, "model": "admin.logentry", "pk": 66}, {"fields": {"action_flag": 1, "action_time": "2015-05-03T07:22:52Z", "object_repr": "TLQ", "object_id": "12", "change_message": "", "user": 3, "content_type": 23}, "model": "admin.logentry", "pk": 67}, {"fields": {"action_flag": 1, "action_time": "2015-05-03T07:23:23Z", "object_repr": "SAM", "object_id": "13", "change_message": "", "user": 3, "content_type": 23}, "model": "admin.logentry", "pk": 68}, {"fields": {"action_flag": 1, "action_time": "2015-05-03T10:05:36Z", "object_repr": "Provision of Written Guidance", "object_id": "1", "change_message": "", "user": 3, "content_type": 27}, "model": "admin.logentry", "pk": 69}, {"fields": {"action_flag": 1, "action_time": "2015-05-03T10:06:05Z", "object_repr": "Practical involvement of participants in the project", "object_id": "2", "change_message": "", "user": 3, "content_type": 27}, "model": "admin.logentry", "pk": 70}, {"fields": {"action_flag": 1, "action_time": "2015-05-03T10:07:30Z", "object_repr": "Practical involvement of participants in the project", "object_id": "3", "change_message": "", "user": 3, "content_type": 27}, "model": "admin.logentry", "pk": 71}, {"fields": {"action_flag": 1, "action_time": "2015-05-03T10:08:08Z", "object_repr": "Plans for follow-up made during life of project", "object_id": "4", "change_message": "", "user": 3, "content_type": 27}, "model": "admin.logentry", "pk": 72}, {"fields": {"action_flag": 1, "action_time": "2015-05-03T10:08:38Z", "object_repr": "System of linkage to government department", "object_id": "5", "change_message": "", "user": 3, "content_type": 27}, "model": "admin.logentry", "pk": 73}, {"fields": {"action_flag": 1, "action_time": "2015-05-03T10:09:53Z", "object_repr": "Training of project participants to administer/maintain", "object_id": "6", "change_message": "", "user": 3, "content_type": 27}, "model": "admin.logentry", "pk": 74}, {"fields": {"action_flag": 1, "action_time": "2015-05-03T10:12:12Z", "object_repr": "Other", "object_id": "7", "change_message": "", "user": 3, "content_type": 27}, "model": "admin.logentry", "pk": 75}, {"fields": {"action_flag": 3, "action_time": "2015-05-03T19:59:23Z", "object_repr": "Pre post project survey ", "object_id": "4", "change_message": "", "user": 1, "content_type": 28}, "model": "admin.logentry", "pk": 76}, {"fields": {"action_flag": 3, "action_time": "2015-05-03T19:59:23Z", "object_repr": "Pre-post project survey ", "object_id": "2", "change_message": "", "user": 1, "content_type": 28}, "model": "admin.logentry", "pk": 77}, {"fields": {"action_flag": 3, "action_time": "2015-05-03T19:59:23Z", "object_repr": "Pre-post project survey ", "object_id": "1", "change_message": "", "user": 1, "content_type": 28}, "model": "admin.logentry", "pk": 78}, {"fields": {"action_flag": 1, "action_time": "2015-05-03T19:59:54Z", "object_repr": "With a Project Survey", "object_id": "6", "change_message": "", "user": 1, "content_type": 28}, "model": "admin.logentry", "pk": 79}, {"fields": {"action_flag": 3, "action_time": "2015-05-03T20:00:08Z", "object_repr": "With a Project Survey", "object_id": "6", "change_message": "", "user": 1, "content_type": 28}, "model": "admin.logentry", "pk": 80}, {"fields": {"action_flag": 1, "action_time": "2015-05-06T07:05:44Z", "object_repr": "PWN", "object_id": "14", "change_message": "", "user": 3, "content_type": 23}, "model": "admin.logentry", "pk": 81}, {"fields": {"action_flag": 2, "action_time": "2015-05-06T07:07:18Z", "object_repr": "KND", "object_id": "2", "change_message": "Changed name and code.", "user": 3, "content_type": 23}, "model": "admin.logentry", "pk": 82}, {"fields": {"action_flag": 3, "action_time": "2015-05-06T11:08:32Z", "object_repr": "Kabul", "object_id": "1", "change_message": "", "user": 2, "content_type": 23}, "model": "admin.logentry", "pk": 83}, {"fields": {"action_flag": 1, "action_time": "2015-05-07T07:16:34Z", "object_repr": "Community feedback", "object_id": "7", "change_message": "", "user": 3, "content_type": 28}, "model": "admin.logentry", "pk": 84}, {"fields": {"action_flag": 1, "action_time": "2015-05-07T07:16:51Z", "object_repr": " As part of baseline/end line evaluation", "object_id": "8", "change_message": "", "user": 3, "content_type": 28}, "model": "admin.logentry", "pk": 85}, {"fields": {"action_flag": 1, "action_time": "2015-05-07T07:17:43Z", "object_repr": "Observations/interviews", "object_id": "9", "change_message": "", "user": 3, "content_type": 28}, "model": "admin.logentry", "pk": 86}, {"fields": {"action_flag": 1, "action_time": "2015-05-07T07:18:18Z", "object_repr": "Other", "object_id": "10", "change_message": "", "user": 3, "content_type": 28}, "model": "admin.logentry", "pk": 87}, {"fields": {"action_flag": 2, "action_time": "2015-05-07T09:11:42Z", "object_repr": "Stabilisation Programme for Northern Afghanistan: Badakhshan", "object_id": "61", "change_message": "No fields changed.", "user": 3, "content_type": 20}, "model": "admin.logentry", "pk": 88}, {"fields": {"action_flag": 2, "action_time": "2015-05-07T09:12:47Z", "object_repr": "Stabilisation Programme for Northern Afghanistan-Badakhshan", "object_id": "61", "change_message": "Changed name.", "user": 3, "content_type": 20}, "model": "admin.logentry", "pk": 89}, {"fields": {"action_flag": 2, "action_time": "2015-05-07T09:13:38Z", "object_repr": "Stabilisation Programme for Northern Afghanistan-Badakhshan", "object_id": "61", "change_message": "Changed funding_status.", "user": 3, "content_type": 20}, "model": "admin.logentry", "pk": 90}, {"fields": {"report_file": "", "description": "", "created": "2015-04-23", "distinct": false, "user_modified": null, "modified": "2015-04-23", "report_file_creation": null, "root_model": 50, "user_created": 1, "starred": [], "slug": "test", "name": "Test"}, "model": "report_builder.report", "pk": 1}, {"fields": {"report_file": "", "description": "", "created": "2015-04-30", "distinct": false, "user_modified": null, "modified": "2015-04-30", "report_file_creation": null, "root_model": 41, "user_created": 1, "starred": [], "slug": "test-2", "name": "test"}, "model": "report_builder.report", "pk": 2}, {"fields": {"owner": 1, "source": 1, "create_date": "2015-02-10T08:00:00Z", "name": "MCAF-ONA-Project-Proposal", "description": ""}, "model": "silo.silo", "pk": 1}, {"fields": {"code": "AF-KND-Kandahar", "create_date": "2015-04-20T21:04:37Z", "office": 2, "female_15_24": null, "literate_males": null, "female_25_59": null, "village": null, "total_population": null, "community_leader": "", "contact_number": "", "male_15_24": null, "female_0_14": null, "district": 197, "total_literate_peoples": null, "num_animals_population_owning": "", "avg_household_size": null, "population_owning_land": null, "approved_by": 1, "distance_site_camp": null, "literacy_rate": null, "latitude": "31.7880105", "population_owning_livestock": null, "type": "", "province": 14, "literate_females": null, "edit_date": "2015-04-20T21:04:37Z", "male_over_60": null, "total_horticultural_land": null, "total_land": null, "male_0_14": null, "distance_district_capital": null, "date_of_firstcontact": "2015-04-20T07:00:00Z", "distance_field_office": null, "male_25_59": null, "approval": "in progress", "filled_by": 1, "animal_type": "", "name": "Kandahar", "total_num_households": null, "num_members": "", "female_over_60": null, "existing_village_descr": "", "existing_village": true, "total_rainfed_land": null, "country": 1, "longitude": "65.57078520000005", "total_agricultural_land": null, "head_of_institution": "", "avg_landholding_size": null}, "model": "activitydb.community", "pk": 2}, {"fields": {"code": "AF-AF08-Badakhshan", "create_date": "2015-05-07T10:24:30Z", "office": 6, "female_15_24": null, "literate_males": null, "female_25_59": null, "village": null, "total_population": 10605, "community_leader": "Haji Rouf", "contact_number": "", "male_15_24": null, "female_0_14": null, "district": 2, "total_literate_peoples": null, "num_animals_population_owning": "", "avg_household_size": 7, "population_owning_land": null, "approved_by": 7, "distance_site_camp": 0, "literacy_rate": null, "latitude": "37.056100", "population_owning_livestock": null, "type": "DDA", "province": 34, "literate_females": null, "edit_date": "2015-05-07T10:24:30Z", "male_over_60": null, "total_horticultural_land": null, "total_land": null, "male_0_14": null, "distance_district_capital": 0, "date_of_firstcontact": "2012-03-11T08:00:00Z", "distance_field_office": 15, "male_25_59": null, "approval": "in progress", "filled_by": 7, "animal_type": "", "name": "Badakhshan", "total_num_households": 1515, "num_members": "30", "female_over_60": null, "existing_village_descr": "Yes", "existing_village": true, "total_rainfed_land": null, "country": 1, "longitude": "70.412200", "total_agricultural_land": null, "head_of_institution": "Haji Rouf", "avg_landholding_size": null}, "model": "activitydb.community", "pk": 3}, {"fields": {"code": "AF-AF08-Badakhshan", "create_date": "2015-05-07T10:25:55Z", "office": 6, "female_15_24": null, "literate_males": null, "female_25_59": null, "village": null, "total_population": 10605, "community_leader": "Haji Rouf", "contact_number": "", "male_15_24": null, "female_0_14": null, "district": 2, "total_literate_peoples": null, "num_animals_population_owning": "", "avg_household_size": 7, "population_owning_land": null, "approved_by": 7, "distance_site_camp": 0, "literacy_rate": null, "latitude": "37.056100", "population_owning_livestock": null, "type": "DDA", "province": 34, "literate_females": null, "edit_date": "2015-05-07T10:25:55Z", "male_over_60": null, "total_horticultural_land": null, "total_land": null, "male_0_14": null, "distance_district_capital": 0, "date_of_firstcontact": "2012-03-11T08:00:00Z", "distance_field_office": 15, "male_25_59": null, "approval": "Approved", "filled_by": 7, "animal_type": "", "name": "Badakhshan", "total_num_households": 1515, "num_members": "30", "female_over_60": null, "existing_village_descr": "Yes", "existing_village": true, "total_rainfed_land": null, "country": 1, "longitude": "70.412200", "total_agricultural_land": null, "head_of_institution": "Haji Rouf", "avg_landholding_size": null}, "model": "activitydb.community", "pk": 4}, {"fields": {"sector": 12, "create_date": "2015-05-03T09:10:41Z", "office": 2, "rejection_letter": "", "community": [2], "approval_remarks": "", "project_type": 3, "date_approved": null, "activity_code": "32547A009", "program": 68, "approved_by": null, "latitude": "", "project_description": "", "has_rej_letter": false, "proposal_num": "", "community_mobilizer": "Dr. Hekmatullah", "project_name": "3 months vocational trainings on Tailoring, Embroidery, Handicraft, Building wiring,   Plumbing, Electrical water pump , Calligraphy and Generator repairing for IDPs, & Host Community in Kandahar city,  Aino Mina VTC", "approval_submitted_by": 4, "edit_date": "2015-05-03T09:10:41Z", "community_mobilizer_contact": "", "approval": "", "date_of_request": "2014-11-20T08:00:00Z", "community_rep": "Abdul Qawi Mansib", "device_id": "", "project_activity": "1.9: Deliver tailored package of market driven employment (vocational) and employability (life skills) training courses that include literacy, numeracy, GBV prevention, gender equity awareness and conflict resolution strategies.", "community_rep_contact": "0700347800", "longitude": "", "estimated_by": null}, "model": "activitydb.projectproposal", "pk": 5}, {"fields": {"sector": 11, "create_date": "2015-05-05T06:44:33Z", "office": 7, "rejection_letter": "", "community": [2], "approval_remarks": "", "project_type": 3, "date_approved": null, "activity_code": "32550\u064eA001", "program": 67, "approved_by": 3, "latitude": "", "project_description": "", "has_rej_letter": false, "proposal_num": "", "community_mobilizer": "Haji Abdul Ghani", "project_name": "Timber Exposure Visit for members of Helmand Nursery Growers Association", "approval_submitted_by": 3, "edit_date": "2015-05-05T06:44:33Z", "community_mobilizer_contact": "", "approval": "approved", "date_of_request": "0014-11-25T08:00:00Z", "community_rep": "Haji Abdul Rahim", "device_id": "", "project_activity": "Timber Exposure Visit for members of Helmand Nursery Growers Association", "community_rep_contact": "0707812568", "longitude": "", "estimated_by": 6}, "model": "activitydb.projectproposal", "pk": 6}, {"fields": {"sector": 11, "create_date": "2015-05-07T08:52:42Z", "office": 7, "rejection_letter": "", "community": [], "approval_remarks": "", "project_type": 3, "date_approved": null, "activity_code": "32550A002", "program": 67, "approved_by": 3, "latitude": "", "project_description": "", "has_rej_letter": false, "proposal_num": "", "community_mobilizer": "Haji Abdul Ghani", "project_name": "SAGAL Orientation and Technical Training- Grapes & Watermelon Value Chain-DAIL", "approval_submitted_by": 3, "edit_date": "2015-05-07T08:52:42Z", "community_mobilizer_contact": "", "approval": "approved", "date_of_request": "0014-11-24T08:00:00Z", "community_rep": "Sayed Sadradin Agha", "device_id": "", "project_activity": "SAGAL Orientation and Technical Training- Grapes & Watermelon Value Chain-DAIL", "community_rep_contact": "0705650634", "longitude": "", "estimated_by": 6}, "model": "activitydb.projectproposal", "pk": 7}, {"fields": {"sector": 11, "create_date": "2015-05-07T09:36:15Z", "office": 14, "rejection_letter": "", "community": [], "approval_remarks": "", "project_type": 3, "date_approved": null, "activity_code": "32550A003", "program": 67, "approved_by": null, "latitude": "", "project_description": "", "has_rej_letter": false, "proposal_num": "", "community_mobilizer": "Haji Abdul Ghani", "project_name": "Participatory Market Mapping Workshop- Grapes Market System", "approval_submitted_by": 4, "edit_date": "2015-05-07T09:36:15Z", "community_mobilizer_contact": "", "approval": "", "date_of_request": "0014-12-02T08:00:00Z", "community_rep": "Haji Abdul Rahim", "device_id": "", "project_activity": "Participatory Market Mapping Workshop- Grapes Market System", "community_rep_contact": "0707812568", "longitude": "", "estimated_by": 6}, "model": "activitydb.projectproposal", "pk": 8}, {"fields": {"sector": 11, "create_date": "2015-05-05T06:56:50Z", "office": 7, "rejection_letter": "", "community": [], "approval_remarks": "", "project_type": 3, "date_approved": null, "activity_code": "32550A004", "program": 67, "approved_by": 3, "latitude": "", "project_description": "", "has_rej_letter": false, "proposal_num": "", "community_mobilizer": "Haji Abdul Ghani", "project_name": "Participatory Market Mapping Workshop- Grapes Market System", "approval_submitted_by": 3, "edit_date": "2015-05-05T06:56:50Z", "community_mobilizer_contact": "", "approval": "approved", "date_of_request": "0014-12-01T08:00:00Z", "community_rep": "Haji Feda Mohammad", "device_id": "", "project_activity": "Participatory Market Mapping Workshop- Grapes Market System", "community_rep_contact": "0707109655", "longitude": "", "estimated_by": 6}, "model": "activitydb.projectproposal", "pk": 9}, {"fields": {"sector": 11, "create_date": "2015-05-07T05:22:09Z", "office": 7, "rejection_letter": "", "community": [], "approval_remarks": "", "project_type": 3, "date_approved": null, "activity_code": "32550A005", "program": 67, "approved_by": 3, "latitude": "", "project_description": "", "has_rej_letter": false, "proposal_num": "", "community_mobilizer": "Haji Abdul Ghani", "project_name": "Participatory Market Mapping Workshop- Grapes Market System", "approval_submitted_by": 3, "edit_date": "2015-05-07T05:22:09Z", "community_mobilizer_contact": "", "approval": "approved", "date_of_request": "0014-12-01T08:00:00Z", "community_rep": "Atta Mohammad", "device_id": "", "project_activity": "Participatory Market Mapping Workshop- Grapes Market System", "community_rep_contact": "0707217887", "longitude": "", "estimated_by": 6}, "model": "activitydb.projectproposal", "pk": 10}, {"fields": {"sector": 11, "create_date": "2015-05-05T06:56:09Z", "office": 7, "rejection_letter": "", "community": [], "approval_remarks": "", "project_type": 3, "date_approved": null, "activity_code": "32550A006", "program": 67, "approved_by": 3, "latitude": "", "project_description": "", "has_rej_letter": false, "proposal_num": "", "community_mobilizer": "Haji Abdul Ghani", "project_name": "Participatory Market Mapping Workshop- Grapes Market System", "approval_submitted_by": 3, "edit_date": "2015-05-05T06:56:09Z", "community_mobilizer_contact": "", "approval": "approved", "date_of_request": "0014-12-02T08:00:00Z", "community_rep": "Sayed Sadradin Agha", "device_id": "", "project_activity": "Participatory Market Mapping Workshop- Grapes Market System", "community_rep_contact": "0705650634", "longitude": "", "estimated_by": 6}, "model": "activitydb.projectproposal", "pk": 11}, {"fields": {"sector": 11, "create_date": "2015-05-05T06:48:49Z", "office": 7, "rejection_letter": "", "community": [], "approval_remarks": "", "project_type": 3, "date_approved": null, "activity_code": "32550A009", "program": 67, "approved_by": 3, "latitude": "", "project_description": "", "has_rej_letter": false, "proposal_num": "", "community_mobilizer": "Haji Abdul Ghani", "project_name": "Participatory Market Mapping Workshop- Grapes Market System", "approval_submitted_by": 3, "edit_date": "2015-05-05T06:48:49Z", "community_mobilizer_contact": "", "approval": "approved", "date_of_request": "0014-12-02T08:00:00Z", "community_rep": "Mohammad Dawood", "device_id": "", "project_activity": "Participatory Market Mapping Workshop- Grapes Market System", "community_rep_contact": "0794290332", "longitude": "", "estimated_by": 6}, "model": "activitydb.projectproposal", "pk": 12}, {"fields": {"sector": 11, "create_date": "2015-05-06T07:53:18Z", "office": 7, "rejection_letter": "", "community": [2], "approval_remarks": "", "project_type": 3, "date_approved": null, "activity_code": "32550A010", "program": 67, "approved_by": 2, "latitude": "", "project_description": "", "has_rej_letter": false, "proposal_num": "", "community_mobilizer": "Haji Abdul Ghani", "project_name": "Participatory Market Mapping Workshop- Watermelon Market System", "approval_submitted_by": 2, "edit_date": "2015-05-06T07:53:18Z", "community_mobilizer_contact": "", "approval": "approved", "date_of_request": "0014-12-03T08:00:00Z", "community_rep": "Sayed Sadradin Agha", "device_id": "", "project_activity": "Participatory Market Mapping Workshop- Watermelon Market System", "community_rep_contact": "0705650634", "longitude": "", "estimated_by": 6}, "model": "activitydb.projectproposal", "pk": 13}, {"fields": {"sector": 11, "create_date": "2015-05-07T05:13:09Z", "office": 7, "rejection_letter": "", "community": [], "approval_remarks": "", "project_type": 3, "date_approved": null, "activity_code": "32550A009", "program": 67, "approved_by": 3, "latitude": "", "project_description": "", "has_rej_letter": false, "proposal_num": "", "community_mobilizer": "Haji Abdul Ghani", "project_name": "Participatory Market Mapping Workshop- Watermelon Market System", "approval_submitted_by": 3, "edit_date": "2015-05-07T05:13:09Z", "community_mobilizer_contact": "", "approval": "approved", "date_of_request": "0014-12-01T08:00:00Z", "community_rep": "Haji Feda Mohammad", "device_id": "", "project_activity": "Participatory Market Mapping Workshop- Watermelon Market System", "community_rep_contact": "0707109655", "longitude": "", "estimated_by": 6}, "model": "activitydb.projectproposal", "pk": 14}, {"fields": {"sector": 11, "create_date": "2015-05-07T05:25:06Z", "office": 7, "rejection_letter": "", "community": [], "approval_remarks": "", "project_type": 3, "date_approved": null, "activity_code": "32550A009", "program": 67, "approved_by": 3, "latitude": "", "project_description": "", "has_rej_letter": false, "proposal_num": "", "community_mobilizer": "Haji Abdul Ghani", "project_name": "Participatory Market Mapping Workshop- Watermelon Market System", "approval_submitted_by": 3, "edit_date": "2015-05-07T05:25:06Z", "community_mobilizer_contact": "", "approval": "approved", "date_of_request": "0014-12-03T08:00:00Z", "community_rep": "Mohammad Dawood", "device_id": "", "project_activity": "Participatory Market Mapping Workshop- Watermelon Market System", "community_rep_contact": "0794290332", "longitude": "", "estimated_by": 6}, "model": "activitydb.projectproposal", "pk": 15}, {"fields": {"sector": 11, "create_date": "2015-05-06T10:24:02Z", "office": 7, "rejection_letter": "", "community": [], "approval_remarks": "", "project_type": 3, "date_approved": null, "activity_code": "32550A013", "program": 67, "approved_by": 5, "latitude": "", "project_description": "", "has_rej_letter": false, "proposal_num": "", "community_mobilizer": "Haji Abdul Ghani", "project_name": "Workshop for expanding Input Suppliers services coverage", "approval_submitted_by": 5, "edit_date": "2015-05-06T10:24:02Z", "community_mobilizer_contact": "", "approval": "approved", "date_of_request": "0015-01-22T08:00:00Z", "community_rep": "Haji Feda Mohammad", "device_id": "", "project_activity": "Workshop for expanding Input Suppliers services coverage", "community_rep_contact": "0707109655", "longitude": "", "estimated_by": 6}, "model": "activitydb.projectproposal", "pk": 16}, {"fields": {"sector": 11, "create_date": "2015-05-07T05:52:52Z", "office": 7, "rejection_letter": "", "community": [], "approval_remarks": "", "project_type": 3, "date_approved": null, "activity_code": "32550A012", "program": 67, "approved_by": 3, "latitude": "", "project_description": "", "has_rej_letter": false, "proposal_num": "", "community_mobilizer": "Haji Abdul Ghani", "project_name": "Exhibition of Ag-Inputs for the Market Linkage - Input Suppliers", "approval_submitted_by": 3, "edit_date": "2015-05-07T05:52:52Z", "community_mobilizer_contact": "", "approval": "approved", "date_of_request": "0015-01-22T08:00:00Z", "community_rep": "Haji Feda Mohammad", "device_id": "", "project_activity": "Exhibition of Ag-Inputs for the Market Linkage - Input Suppliers", "community_rep_contact": "0707109655", "longitude": "", "estimated_by": 6}, "model": "activitydb.projectproposal", "pk": 17}, {"fields": {"sector": 11, "create_date": "2015-05-05T06:42:47Z", "office": 7, "rejection_letter": "", "community": [], "approval_remarks": "", "project_type": 3, "date_approved": null, "activity_code": "32550A013", "program": 67, "approved_by": 3, "latitude": "", "project_description": "", "has_rej_letter": false, "proposal_num": "", "community_mobilizer": "Haji Abdul Ghani", "project_name": "Technical Training - Input Suppliers", "approval_submitted_by": 3, "edit_date": "2015-05-05T06:42:47Z", "community_mobilizer_contact": "", "approval": "approved", "date_of_request": "0015-01-22T08:00:00Z", "community_rep": "Haji Feda Mohammad", "device_id": "", "project_activity": "Technical Training - Input Suppliers", "community_rep_contact": "0707109655", "longitude": "", "estimated_by": 6}, "model": "activitydb.projectproposal", "pk": 18}, {"fields": {"sector": 11, "create_date": "2015-05-05T06:49:16Z", "office": 7, "rejection_letter": "", "community": [], "approval_remarks": "", "project_type": 3, "date_approved": null, "activity_code": "32550A014", "program": 67, "approved_by": 3, "latitude": "", "project_description": "", "has_rej_letter": false, "proposal_num": "", "community_mobilizer": "Haji Abdul Ghani", "project_name": "Workshop for Linkage and Need Assessment- DDAs & CSOs", "approval_submitted_by": 3, "edit_date": "2015-05-05T06:49:16Z", "community_mobilizer_contact": "", "approval": "approved", "date_of_request": "2015-01-01T08:00:00Z", "community_rep": "Khudai Nazar", "device_id": "", "project_activity": "Workshop for Linkage and Need Assessment- DDAs & CSOs", "community_rep_contact": "0799153249", "longitude": "", "estimated_by": 6}, "model": "activitydb.projectproposal", "pk": 19}, {"fields": {"sector": 11, "create_date": "2015-05-05T06:43:08Z", "office": 7, "rejection_letter": "", "community": [], "approval_remarks": "", "project_type": 3, "date_approved": null, "activity_code": "32550A015", "program": 67, "approved_by": 3, "latitude": "", "project_description": "", "has_rej_letter": false, "proposal_num": "", "community_mobilizer": "Haji Abdul Ghani", "project_name": "Workshop for Linkage and Need Assessment- DDAs & CSOs", "approval_submitted_by": 3, "edit_date": "2015-05-05T06:43:08Z", "community_mobilizer_contact": "", "approval": "approved", "date_of_request": "0015-01-01T08:00:00Z", "community_rep": "Abdul Hakim", "device_id": "", "project_activity": "Workshop for Linkage and Need Assessment- DDAs & CSOs", "community_rep_contact": "0799061882", "longitude": "", "estimated_by": 6}, "model": "activitydb.projectproposal", "pk": 20}, {"fields": {"sector": 11, "create_date": "2015-05-05T06:46:18Z", "office": 7, "rejection_letter": "", "community": [], "approval_remarks": "", "project_type": 3, "date_approved": null, "activity_code": "32550A015", "program": 67, "approved_by": 3, "latitude": "", "project_description": "", "has_rej_letter": false, "proposal_num": "", "community_mobilizer": "Haji Abdul Ghani", "project_name": "Workshop for Linkage and Need Assessment- DDAs & CSOs", "approval_submitted_by": 3, "edit_date": "2015-05-05T06:46:18Z", "community_mobilizer_contact": "", "approval": "approved", "date_of_request": "0015-01-01T08:00:00Z", "community_rep": "Abdul Hakim", "device_id": "", "project_activity": "Workshop for Linkage and Need Assessment- DDAs & CSOs", "community_rep_contact": "0799061882", "longitude": "", "estimated_by": 6}, "model": "activitydb.projectproposal", "pk": 21}, {"fields": {"sector": 11, "create_date": "2015-05-05T06:43:32Z", "office": 7, "rejection_letter": "", "community": [], "approval_remarks": "", "project_type": 3, "date_approved": null, "activity_code": "32550A017", "program": 67, "approved_by": 3, "latitude": "", "project_description": "", "has_rej_letter": false, "proposal_num": "", "community_mobilizer": "Haji Abdul Ghani", "project_name": "Workshop for Linkage and Need Assessment- DDAs & CSOs", "approval_submitted_by": 3, "edit_date": "2015-05-05T06:43:32Z", "community_mobilizer_contact": "", "approval": "approved", "date_of_request": "0015-01-01T08:00:00Z", "community_rep": "Haji Abdul Qayum", "device_id": "", "project_activity": "Workshop for Linkage and Need Assessment- DDAs & CSOs", "community_rep_contact": "0799766303", "longitude": "", "estimated_by": 6}, "model": "activitydb.projectproposal", "pk": 22}, {"fields": {"sector": 11, "create_date": "2015-05-05T06:50:19Z", "office": 7, "rejection_letter": "", "community": [], "approval_remarks": "", "project_type": 3, "date_approved": null, "activity_code": "32550A018", "program": 67, "approved_by": 3, "latitude": "", "project_description": "", "has_rej_letter": false, "proposal_num": "", "community_mobilizer": "Haji Abdul Ghani", "project_name": "Workshop for Linkage and Need Assessment- DDAs & CSOs", "approval_submitted_by": 3, "edit_date": "2015-05-05T06:50:19Z", "community_mobilizer_contact": "", "approval": "approved", "date_of_request": "0015-01-01T08:00:00Z", "community_rep": "Bismillah", "device_id": "", "project_activity": "Workshop for Linkage and Need Assessment- DDAs & CSOs", "community_rep_contact": "0700370243", "longitude": "", "estimated_by": 6}, "model": "activitydb.projectproposal", "pk": 23}, {"fields": {"sector": 11, "create_date": "2015-05-05T06:43:50Z", "office": 7, "rejection_letter": "", "community": [], "approval_remarks": "", "project_type": 3, "date_approved": null, "activity_code": "32550A032", "program": 67, "approved_by": 3, "latitude": "", "project_description": "", "has_rej_letter": false, "proposal_num": "", "community_mobilizer": "Haji Abdul Ghani", "project_name": "Capacity Building Training to DDAs, CDCs & CSOs-TOT", "approval_submitted_by": 3, "edit_date": "2015-05-05T06:43:50Z", "community_mobilizer_contact": "", "approval": "approved", "date_of_request": "0015-02-01T08:00:00Z", "community_rep": "Khudai Nazar", "device_id": "", "project_activity": "Capacity Building Training to DDAs, CDCs & CSOs-TOT", "community_rep_contact": "0799153249", "longitude": "", "estimated_by": 6}, "model": "activitydb.projectproposal", "pk": 24}, {"fields": {"sector": 11, "create_date": "2015-05-05T06:53:06Z", "office": 7, "rejection_letter": "", "community": [], "approval_remarks": "", "project_type": 3, "date_approved": null, "activity_code": "32550A015", "program": 67, "approved_by": 3, "latitude": "", "project_description": "", "has_rej_letter": false, "proposal_num": "", "community_mobilizer": "Haji Abdul Ghani", "project_name": "Capacity Building Training to DDAs, CDCs & CSOs-TOT", "approval_submitted_by": 3, "edit_date": "2015-05-05T06:53:06Z", "community_mobilizer_contact": "", "approval": "approved", "date_of_request": "0015-02-01T08:00:00Z", "community_rep": "Abdul Hakim", "device_id": "", "project_activity": "Capacity Building Training to DDAs, CDCs & CSOs-TOT", "community_rep_contact": "0799061882", "longitude": "", "estimated_by": 6}, "model": "activitydb.projectproposal", "pk": 25}, {"fields": {"sector": 11, "create_date": "2015-05-05T06:55:35Z", "office": 7, "rejection_letter": "", "community": [], "approval_remarks": "", "project_type": 3, "date_approved": null, "activity_code": "32550A021", "program": 67, "approved_by": 3, "latitude": "", "project_description": "", "has_rej_letter": false, "proposal_num": "", "community_mobilizer": "Haji Abdul Ghani", "project_name": "Capacity Building Training to DDAs, CDCs & CSOs-TOT", "approval_submitted_by": 3, "edit_date": "2015-05-05T06:55:35Z", "community_mobilizer_contact": "", "approval": "approved", "date_of_request": "0015-02-01T08:00:00Z", "community_rep": "Haji Kala Khan", "device_id": "", "project_activity": "Capacity Building Training to DDAs, CDCs & CSOs-TOT", "community_rep_contact": "0707950035", "longitude": "", "estimated_by": 6}, "model": "activitydb.projectproposal", "pk": 26}, {"fields": {"sector": 11, "create_date": "2015-05-05T06:44:54Z", "office": 7, "rejection_letter": "", "community": [], "approval_remarks": "", "project_type": 3, "date_approved": null, "activity_code": "32550A022", "program": 67, "approved_by": 3, "latitude": "", "project_description": "", "has_rej_letter": false, "proposal_num": "", "community_mobilizer": "Haji Abdul Ghani", "project_name": "Capacity Building Training to DDAs, CDCs & CSOs-TOT", "approval_submitted_by": 3, "edit_date": "2015-05-05T06:44:54Z", "community_mobilizer_contact": "", "approval": "approved", "date_of_request": "0015-02-01T08:00:00Z", "community_rep": "Haji Abdul Qayum", "device_id": "", "project_activity": "Capacity Building Training to DDAs, CDCs & CSOs-TOT", "community_rep_contact": "0799766303", "longitude": "", "estimated_by": 6}, "model": "activitydb.projectproposal", "pk": 27}, {"fields": {"sector": 11, "create_date": "2015-05-05T06:54:19Z", "office": 7, "rejection_letter": "", "community": [], "approval_remarks": "", "project_type": 3, "date_approved": null, "activity_code": "32550A018", "program": 67, "approved_by": 3, "latitude": "", "project_description": "", "has_rej_letter": false, "proposal_num": "", "community_mobilizer": "Haji Abdul Ghani", "project_name": "Capacity Building Training to DDAs, CDCs & CSOs-TOT", "approval_submitted_by": 3, "edit_date": "2015-05-05T06:54:19Z", "community_mobilizer_contact": "", "approval": "approved", "date_of_request": "0015-02-01T08:00:00Z", "community_rep": "Bismillah", "device_id": "", "project_activity": "Capacity Building Training to DDAs, CDCs & CSOs-TOT", "community_rep_contact": "0700370243", "longitude": "", "estimated_by": 6}, "model": "activitydb.projectproposal", "pk": 28}, {"fields": {"sector": 11, "create_date": "2015-05-05T06:46:46Z", "office": 7, "rejection_letter": "", "community": [], "approval_remarks": "", "project_type": 3, "date_approved": null, "activity_code": "32550A024", "program": 67, "approved_by": 3, "latitude": "", "project_description": "", "has_rej_letter": false, "proposal_num": "", "community_mobilizer": "Haji Abdul Ghani", "project_name": "Pre-production training to farmers- through association- Grapes & Watermelon", "approval_submitted_by": 3, "edit_date": "2015-05-05T06:46:46Z", "community_mobilizer_contact": "", "approval": "approved", "date_of_request": "0015-02-01T08:00:00Z", "community_rep": "Haji Abdul Ghani", "device_id": "", "project_activity": "Pre-production training to farmers- through association- Grapes & Watermelon", "community_rep_contact": "0707131014", "longitude": "", "estimated_by": 6}, "model": "activitydb.projectproposal", "pk": 29}, {"fields": {"sector": 11, "create_date": "2015-05-07T05:06:27Z", "office": 8, "rejection_letter": "", "community": [], "approval_remarks": "", "project_type": 3, "date_approved": null, "activity_code": "32550A001", "program": 67, "approved_by": 3, "latitude": "", "project_description": "", "has_rej_letter": false, "proposal_num": "", "community_mobilizer": "Rozi Khan", "project_name": "Participatory Market Mapping Workshop-almond value chain", "approval_submitted_by": 3, "edit_date": "2015-05-07T05:06:27Z", "community_mobilizer_contact": "", "approval": "approved", "date_of_request": "2014-11-27T08:00:00Z", "community_rep": "Malik Mohammad Wali", "device_id": "", "project_activity": "Participatory Market Mapping Workshop-almond value chain", "community_rep_contact": "797296454", "longitude": "", "estimated_by": 8}, "model": "activitydb.projectproposal", "pk": 30}, {"fields": {"sector": 11, "create_date": "2015-05-07T05:26:02Z", "office": 8, "rejection_letter": "", "community": [], "approval_remarks": "", "project_type": 3, "date_approved": null, "activity_code": "32550A002", "program": 67, "approved_by": 3, "latitude": "", "project_description": "", "has_rej_letter": false, "proposal_num": "", "community_mobilizer": "Rozi Khan", "project_name": "Participatory Market Mapping Workshop-Cumin value chain", "approval_submitted_by": 3, "edit_date": "2015-05-07T05:26:02Z", "community_mobilizer_contact": "", "approval": "approved", "date_of_request": "2014-11-27T08:00:00Z", "community_rep": "Malik Mohammad Wali", "device_id": "", "project_activity": "Participatory Market Mapping Workshop-Cumin value chain", "community_rep_contact": "797296454", "longitude": "", "estimated_by": 8}, "model": "activitydb.projectproposal", "pk": 31}, {"fields": {"sector": 11, "create_date": "2015-05-07T05:28:45Z", "office": 8, "rejection_letter": "", "community": [], "approval_remarks": "", "project_type": 3, "date_approved": null, "activity_code": "32550A003", "program": 67, "approved_by": 3, "latitude": "", "project_description": "", "has_rej_letter": false, "proposal_num": "", "community_mobilizer": "Ab.latif marufi", "project_name": "TOT- SAGAL Orientation and Technical Training - Almond & Cumin - DAIL extension department", "approval_submitted_by": 3, "edit_date": "2015-05-07T05:28:45Z", "community_mobilizer_contact": "", "approval": "approved", "date_of_request": "2014-12-14T08:00:00Z", "community_rep": "", "device_id": "", "project_activity": "TOT- SAGAL Orientation and Technical Training - Almond & Cumin - DAIL extension department", "community_rep_contact": "", "longitude": "", "estimated_by": 8}, "model": "activitydb.projectproposal", "pk": 32}, {"fields": {"sector": 11, "create_date": "2015-05-05T06:51:10Z", "office": 8, "rejection_letter": "", "community": [], "approval_remarks": "", "project_type": 3, "date_approved": null, "activity_code": "32550A004", "program": 67, "approved_by": 3, "latitude": "", "project_description": "", "has_rej_letter": false, "proposal_num": "", "community_mobilizer": "Abul latif", "project_name": "TOT- Pesticide & Herbicides training - Input suppliers", "approval_submitted_by": 3, "edit_date": "2015-05-05T06:51:10Z", "community_mobilizer_contact": "", "approval": "approved", "date_of_request": "2014-12-25T08:00:00Z", "community_rep": "Haji Bahawodin", "device_id": "", "project_activity": "TOT- Pesticide & Herbicides training - Input suppliers", "community_rep_contact": "798230939", "longitude": "", "estimated_by": 8}, "model": "activitydb.projectproposal", "pk": 33}, {"fields": {"sector": 11, "create_date": "2015-05-05T06:51:46Z", "office": 8, "rejection_letter": "", "community": [], "approval_remarks": "", "project_type": 3, "date_approved": null, "activity_code": "32550A005", "program": 67, "approved_by": 3, "latitude": "", "project_description": "", "has_rej_letter": false, "proposal_num": "", "community_mobilizer": "Rozi Khan", "project_name": "TOT- Pesticide & Herbicides training - Input suppliers", "approval_submitted_by": 3, "edit_date": "2015-05-05T06:51:46Z", "community_mobilizer_contact": "", "approval": "approved", "date_of_request": "2015-01-05T08:00:00Z", "community_rep": "Malik Mohammad Wali", "device_id": "", "project_activity": "TOT- Pesticide & Herbicides training - Input suppliers", "community_rep_contact": "Malik Mohammad Wali", "longitude": "", "estimated_by": 8}, "model": "activitydb.projectproposal", "pk": 34}, {"fields": {"sector": 11, "create_date": "2015-05-06T10:59:15Z", "office": 8, "rejection_letter": "", "community": [], "approval_remarks": "", "project_type": 3, "date_approved": null, "activity_code": "32550A005", "program": 67, "approved_by": 3, "latitude": "", "project_description": "", "has_rej_letter": false, "proposal_num": "", "community_mobilizer": "Rozi Khan", "project_name": "Formation and Registration-Association", "approval_submitted_by": 3, "edit_date": "2015-05-06T10:59:15Z", "community_mobilizer_contact": "", "approval": "approved", "date_of_request": "2015-01-28T08:00:00Z", "community_rep": "Hamidullah", "device_id": "", "project_activity": "Formation and Registration-Association", "community_rep_contact": "795241521", "longitude": "", "estimated_by": 8}, "model": "activitydb.projectproposal", "pk": 35}, {"fields": {"sector": 11, "create_date": "2015-05-07T06:08:57Z", "office": 8, "rejection_letter": "", "community": [], "approval_remarks": "", "project_type": 3, "date_approved": null, "activity_code": "32550A006", "program": 67, "approved_by": 5, "latitude": "", "project_description": "", "has_rej_letter": false, "proposal_num": "", "community_mobilizer": "Rozi Khan", "project_name": "Marketing training - agriculture input suppliers, traders - processors", "approval_submitted_by": 5, "edit_date": "2015-05-07T06:08:57Z", "community_mobilizer_contact": "", "approval": "approved", "date_of_request": "2015-01-02T08:00:00Z", "community_rep": "Haji Bahawodin", "device_id": "", "project_activity": "Marketing training - agriculture input suppliers, traders - processors", "community_rep_contact": "798230939", "longitude": "", "estimated_by": 8}, "model": "activitydb.projectproposal", "pk": 36}, {"fields": {"sector": 11, "create_date": "2015-05-07T06:08:08Z", "office": 8, "rejection_letter": "", "community": [], "approval_remarks": "", "project_type": 3, "date_approved": null, "activity_code": "32550A006", "program": 67, "approved_by": null, "latitude": "", "project_description": "Traders, processors and agriculture input-suppliers involved in SAGAL selected value chains will be trained in sales and marketing so they could learn to generate market strategy; training will be in the following topics.\r\n\r\n1.\tGeneral information about marketing\r\n2.\tBasic Marketing\r\n1.\tMarket segmentation\r\n2.\tMarket analysis & research\r\n3.\tMarketing strategy development\r\n4.\tMarket linkages\r\n5.\tCustomers relationship management\r\n6.\tCompetitors analysis\r\n7.\tProduct development, demand and supply\r\nThe following activities will be undertaken during implementation of the project:\r\n1.\tPreparation of PA and BQ.\r\n2.\tSelection of training participants.\r\n3.\tCoordinate the training idea with the trainer and get their confirmation.\r\n4.\tPreparation of training plan and training conducting schedule.\r\n5.\tProcurement process.\r\n6.\tConducting the technical training according to the schedule\r\n7.\tProviding of training material.\r\n8.\tEvaluation of the training.\r\nPrepare training recommendation and completion report.\r\n", "has_rej_letter": false, "proposal_num": "", "community_mobilizer": "Rozi Khan", "project_name": "Marketing training - agriculture input suppliers, traders - processors", "approval_submitted_by": 8, "edit_date": "2015-05-07T06:08:08Z", "community_mobilizer_contact": "0795093092", "approval": "", "date_of_request": "2015-01-28T08:00:00Z", "community_rep": "Mohammad Shakir", "device_id": "", "project_activity": "Marketing training - agriculture input suppliers, traders - processors", "community_rep_contact": "797628724", "longitude": "", "estimated_by": 8}, "model": "activitydb.projectproposal", "pk": 37}, {"fields": {"sector": 11, "create_date": "2015-05-07T05:43:18Z", "office": 8, "rejection_letter": "", "community": [], "approval_remarks": "", "project_type": 3, "date_approved": null, "activity_code": "32550A007", "program": 67, "approved_by": 5, "latitude": "", "project_description": "", "has_rej_letter": false, "proposal_num": "", "community_mobilizer": "Rozi Khan", "project_name": "TOT - Pest Management - Agriculture mechanism ", "approval_submitted_by": 5, "edit_date": "2015-05-07T05:43:18Z", "community_mobilizer_contact": "", "approval": "approved", "date_of_request": "2015-02-17T08:00:00Z", "community_rep": "Abdul Shakor", "device_id": "", "project_activity": "TOT - Pest Management - Agriculture mechanism ", "community_rep_contact": "796791195", "longitude": "", "estimated_by": 8}, "model": "activitydb.projectproposal", "pk": 38}, {"fields": {"sector": 11, "create_date": "2015-05-05T06:55:07Z", "office": 8, "rejection_letter": "", "community": [], "approval_remarks": "", "project_type": 3, "date_approved": null, "activity_code": "32550A010", "program": 67, "approved_by": 3, "latitude": "", "project_description": "", "has_rej_letter": false, "proposal_num": "", "community_mobilizer": "Rozi Khan", "project_name": "TOT-Good Governance Training to DDAs & CSos", "approval_submitted_by": 3, "edit_date": "2015-05-05T06:55:07Z", "community_mobilizer_contact": "", "approval": "approved", "date_of_request": "2015-02-18T08:00:00Z", "community_rep": "Mohammad Wali", "device_id": "", "project_activity": "TOT-Good Governance Training to DDAs & CSos", "community_rep_contact": "797296454", "longitude": "", "estimated_by": 8}, "model": "activitydb.projectproposal", "pk": 39}, {"fields": {"sector": 11, "create_date": "2015-05-06T04:46:19Z", "office": null, "rejection_letter": "", "community": [], "approval_remarks": "", "project_type": 3, "date_approved": null, "activity_code": "32550A001", "program": 67, "approved_by": null, "latitude": "", "project_description": "", "has_rej_letter": false, "proposal_num": "", "community_mobilizer": "Shafiqulah", "project_name": "Program orientation and training", "approval_submitted_by": 6, "edit_date": "2015-05-06T04:46:19Z", "community_mobilizer_contact": "", "approval": "", "date_of_request": "0014-11-20T08:00:00Z", "community_rep": "Mirza Sayed", "device_id": "", "project_activity": "Program orientation and training", "community_rep_contact": "700219162", "longitude": "", "estimated_by": null}, "model": "activitydb.projectproposal", "pk": 40}, {"fields": {"sector": 11, "create_date": "2015-05-07T04:54:12Z", "office": 14, "rejection_letter": "", "community": [], "approval_remarks": "", "project_type": 3, "date_approved": null, "activity_code": "32550A001", "program": 67, "approved_by": 3, "latitude": "", "project_description": "", "has_rej_letter": false, "proposal_num": "", "community_mobilizer": "Shafiqulah", "project_name": "Program orientation and training", "approval_submitted_by": 3, "edit_date": "2015-05-07T04:54:12Z", "community_mobilizer_contact": "", "approval": "approved", "date_of_request": "0014-11-20T08:00:00Z", "community_rep": "Mirza Sayed", "device_id": "", "project_activity": "Program orientation and training", "community_rep_contact": "700219162", "longitude": "", "estimated_by": 6}, "model": "activitydb.projectproposal", "pk": 41}, {"fields": {"sector": 11, "create_date": "2015-05-07T04:57:00Z", "office": 14, "rejection_letter": "", "community": [], "approval_remarks": "", "project_type": 3, "date_approved": null, "activity_code": "32550A002", "program": 67, "approved_by": 3, "latitude": "", "project_description": "", "has_rej_letter": false, "proposal_num": "", "community_mobilizer": "Shafiqulah", "project_name": "SAGAL program orientaion", "approval_submitted_by": 3, "edit_date": "2015-05-07T04:57:00Z", "community_mobilizer_contact": "", "approval": "approved", "date_of_request": "0014-11-20T08:00:00Z", "community_rep": "Haji Abdul Qahar", "device_id": "", "project_activity": "SAGAL program orientaion", "community_rep_contact": "799386117", "longitude": "", "estimated_by": 6}, "model": "activitydb.projectproposal", "pk": 42}, {"fields": {"sector": 11, "create_date": "2015-05-07T04:57:59Z", "office": 14, "rejection_letter": "", "community": [], "approval_remarks": "", "project_type": 3, "date_approved": null, "activity_code": "32550A003", "program": 67, "approved_by": 3, "latitude": "", "project_description": "", "has_rej_letter": false, "proposal_num": "", "community_mobilizer": "Shafiqulah", "project_name": "Program orientation and crops training", "approval_submitted_by": 3, "edit_date": "2015-05-07T04:57:59Z", "community_mobilizer_contact": "", "approval": "approved", "date_of_request": "0013-11-20T08:00:00Z", "community_rep": "Mohammad Akbar", "device_id": "", "project_activity": "Program orientation and crops training", "community_rep_contact": "775328790", "longitude": "", "estimated_by": null}, "model": "activitydb.projectproposal", "pk": 43}, {"fields": {"sector": 11, "create_date": "2015-05-07T04:59:58Z", "office": 14, "rejection_letter": "", "community": [], "approval_remarks": "", "project_type": 3, "date_approved": null, "activity_code": "32550A004", "program": 67, "approved_by": 3, "latitude": "", "project_description": "", "has_rej_letter": false, "proposal_num": "", "community_mobilizer": "Shafiqulah", "project_name": "Program orientation and crops training", "approval_submitted_by": 3, "edit_date": "2015-05-07T04:59:58Z", "community_mobilizer_contact": "", "approval": "approved", "date_of_request": "0014-11-20T08:00:00Z", "community_rep": "Abdul Raqib", "device_id": "", "project_activity": "Program orientation and crops training", "community_rep_contact": "752137398", "longitude": "", "estimated_by": 6}, "model": "activitydb.projectproposal", "pk": 44}, {"fields": {"sector": 11, "create_date": "2015-05-07T05:02:18Z", "office": 14, "rejection_letter": "", "community": [], "approval_remarks": "", "project_type": 3, "date_approved": null, "activity_code": "32550A005", "program": 67, "approved_by": 3, "latitude": "", "project_description": "", "has_rej_letter": false, "proposal_num": "", "community_mobilizer": "Shafiqulah", "project_name": "Proposal Writing training", "approval_submitted_by": 3, "edit_date": "2015-05-07T05:02:18Z", "community_mobilizer_contact": "", "approval": "approved", "date_of_request": "0014-11-04T08:00:00Z", "community_rep": "Sardar Khan", "device_id": "", "project_activity": "Proposal Writing training", "community_rep_contact": "799014629", "longitude": "", "estimated_by": 6}, "model": "activitydb.projectproposal", "pk": 45}, {"fields": {"sector": 11, "create_date": "2015-05-07T05:01:36Z", "office": 14, "rejection_letter": "", "community": [], "approval_remarks": "", "project_type": 3, "date_approved": null, "activity_code": "32550A006", "program": 67, "approved_by": 3, "latitude": "", "project_description": "Proposal for SAGAL program and DDAS need assessment.", "has_rej_letter": false, "proposal_num": "", "community_mobilizer": "Shafiqulah", "project_name": "SAGAL program orientaion", "approval_submitted_by": 3, "edit_date": "2015-05-07T05:01:36Z", "community_mobilizer_contact": "", "approval": "approved", "date_of_request": "2014-12-15T08:00:00Z", "community_rep": "Abdul Majeed", "device_id": "", "project_activity": "SAGAL program orientaion", "community_rep_contact": "787418445", "longitude": "", "estimated_by": 4}, "model": "activitydb.projectproposal", "pk": 46}, {"fields": {"sector": 11, "create_date": "2015-05-06T09:43:49Z", "office": 14, "rejection_letter": "", "community": [], "approval_remarks": "", "project_type": 3, "date_approved": null, "activity_code": "32550A007", "program": 67, "approved_by": null, "latitude": "", "project_description": "Proposal for SAGAL program and DDAS need assessment.", "has_rej_letter": false, "proposal_num": "", "community_mobilizer": "Shafiqulah", "project_name": "SAGAL program orientaion for the stakeholders", "approval_submitted_by": 4, "edit_date": "2015-05-06T09:43:49Z", "community_mobilizer_contact": "", "approval": "", "date_of_request": "2014-12-10T08:00:00Z", "community_rep": "Abdul Fahim", "device_id": "", "project_activity": "SAGAL program orientaion for the stakeholders", "community_rep_contact": "786046265", "longitude": "", "estimated_by": 4}, "model": "activitydb.projectproposal", "pk": 47}, {"fields": {"sector": 11, "create_date": "2015-05-06T10:12:46Z", "office": 4, "rejection_letter": "", "community": [], "approval_remarks": "", "project_type": 3, "date_approved": null, "activity_code": "32550-001", "program": 67, "approved_by": 5, "latitude": "", "project_description": "Seeds Training", "has_rej_letter": false, "proposal_num": "", "community_mobilizer": "Abdul Qadim", "project_name": "Exposure Visit \u2013 NGA Members \u2013 Timber Cultivation", "approval_submitted_by": 5, "edit_date": "2015-05-06T10:12:46Z", "community_mobilizer_contact": "", "approval": "approved", "date_of_request": "2014-09-15T07:00:00Z", "community_rep": "Abdul Manan", "device_id": "", "project_activity": "Exposure Visit \u2013 NGA Members \u2013 Timber Cultivation", "community_rep_contact": "0790133954", "longitude": "", "estimated_by": 5}, "model": "activitydb.projectproposal", "pk": 48}, {"fields": {"sector": 11, "create_date": "2015-05-07T04:55:38Z", "office": 14, "rejection_letter": "", "community": [], "approval_remarks": "", "project_type": 3, "date_approved": null, "activity_code": "32550A008", "program": 67, "approved_by": 3, "latitude": "", "project_description": "Proposal for SAGAL program and DDAS need assessment.", "has_rej_letter": false, "proposal_num": "", "community_mobilizer": "Shafiqulah", "project_name": "SAGAl program orientation for the stakholders", "approval_submitted_by": 3, "edit_date": "2015-05-07T04:55:38Z", "community_mobilizer_contact": "", "approval": "approved", "date_of_request": "2014-12-12T08:00:00Z", "community_rep": "Lal Miir", "device_id": "", "project_activity": "SAGAl program orientation for the stakholders", "community_rep_contact": "796110116", "longitude": "", "estimated_by": 4}, "model": "activitydb.projectproposal", "pk": 49}, {"fields": {"sector": 11, "create_date": "2015-05-07T08:50:43Z", "office": 14, "rejection_letter": "", "community": [], "approval_remarks": "", "project_type": 3, "date_approved": null, "activity_code": "32550A009", "program": 67, "approved_by": 3, "latitude": "", "project_description": "Proposal for Financial awareness and financial literacy for the farmers", "has_rej_letter": false, "proposal_num": "", "community_mobilizer": "Shafiqulah", "project_name": "Farmers Finasncial Awarenes and Financial Literacy", "approval_submitted_by": 3, "edit_date": "2015-05-07T08:50:43Z", "community_mobilizer_contact": "", "approval": "approved", "date_of_request": "2015-01-20T08:00:00Z", "community_rep": "Abdul Zahoor", "device_id": "", "project_activity": "Farmers Finasncial Awarenes and Financial Literacy", "community_rep_contact": "787259396", "longitude": "", "estimated_by": 4}, "model": "activitydb.projectproposal", "pk": 50}, {"fields": {"sector": 11, "create_date": "2015-05-07T05:10:46Z", "office": 14, "rejection_letter": "", "community": [], "approval_remarks": "", "project_type": 3, "date_approved": null, "activity_code": "32550A010", "program": 67, "approved_by": 3, "latitude": "", "project_description": "Proposal for grapes pruning", "has_rej_letter": false, "proposal_num": "", "community_mobilizer": "Shafiqulah", "project_name": "Grape purning training for farmers ", "approval_submitted_by": 3, "edit_date": "2015-05-07T05:10:46Z", "community_mobilizer_contact": "", "approval": "approved", "date_of_request": "2015-03-03T08:00:00Z", "community_rep": "Muhammad Azam", "device_id": "", "project_activity": "Grape purning training for farmers ", "community_rep_contact": "796702508", "longitude": "", "estimated_by": 4}, "model": "activitydb.projectproposal", "pk": 51}, {"fields": {"sector": 11, "create_date": "2015-05-07T10:49:13Z", "office": 14, "rejection_letter": "", "community": [], "approval_remarks": "", "project_type": 3, "date_approved": null, "activity_code": "32550A011", "program": 67, "approved_by": 7, "latitude": "", "project_description": "Proposal for Pre and post havest training for agriculture production", "has_rej_letter": false, "proposal_num": "", "community_mobilizer": "Shafiqulah", "project_name": "Pre and post harvest (Grapes,Raisin,Onion and vegetable training to Farmers)", "approval_submitted_by": 7, "edit_date": "2015-05-07T10:49:13Z", "community_mobilizer_contact": "", "approval": "approved", "date_of_request": "2015-03-05T08:00:00Z", "community_rep": "Shir Husain", "device_id": "", "project_activity": "Pre and post harvest (Grapes,Raisin,Onion and vegetable training to Farmers)", "community_rep_contact": "700268672", "longitude": "", "estimated_by": 4}, "model": "activitydb.projectproposal", "pk": 52}, {"fields": {"sector": 11, "create_date": "2015-05-06T10:34:49Z", "office": 14, "rejection_letter": "", "community": [], "approval_remarks": "", "project_type": 3, "date_approved": null, "activity_code": "32550A011", "program": 67, "approved_by": null, "latitude": "", "project_description": "Proposal for Pre and post havest training for agriculture production", "has_rej_letter": false, "proposal_num": "", "community_mobilizer": "Shafiqulah", "project_name": "Pre and post harvest (Grapes,Raisin,Onion and vegetable training to Farmers)", "approval_submitted_by": 4, "edit_date": "2015-05-06T10:34:49Z", "community_mobilizer_contact": "", "approval": "", "date_of_request": "2015-03-05T08:00:00Z", "community_rep": "Shir Husain", "device_id": "", "project_activity": "Pre and post harvest (Grapes,Raisin,Onion and vegetable training to Farmers)", "community_rep_contact": "700268672", "longitude": "", "estimated_by": 4}, "model": "activitydb.projectproposal", "pk": 53}, {"fields": {"sector": 11, "create_date": "2015-05-06T10:37:12Z", "office": 14, "rejection_letter": "", "community": [], "approval_remarks": "", "project_type": 3, "date_approved": null, "activity_code": "32550A012", "program": 67, "approved_by": null, "latitude": "", "project_description": "proposal for associaton establishment.", "has_rej_letter": false, "proposal_num": "", "community_mobilizer": "Shafiqulah", "project_name": "Four association capacity building", "approval_submitted_by": 4, "edit_date": "2015-05-06T10:37:12Z", "community_mobilizer_contact": "", "approval": "", "date_of_request": "2015-02-10T08:00:00Z", "community_rep": "Haji Baba", "device_id": "", "project_activity": "Four association capacity building", "community_rep_contact": "799637516", "longitude": "", "estimated_by": 4}, "model": "activitydb.projectproposal", "pk": 54}, {"fields": {"sector": 11, "create_date": "2015-05-06T10:39:10Z", "office": 14, "rejection_letter": "", "community": [], "approval_remarks": "", "project_type": 3, "date_approved": null, "activity_code": "32550A013", "program": 67, "approved_by": null, "latitude": "", "project_description": "proposal for gender adocacy ", "has_rej_letter": false, "proposal_num": "", "community_mobilizer": "Shafiqulah", "project_name": "Conflict resolution community mobilization planning gender adocacy training to DDAs and CSOs", "approval_submitted_by": 4, "edit_date": "2015-05-06T10:39:10Z", "community_mobilizer_contact": "", "approval": "", "date_of_request": "2015-04-10T07:00:00Z", "community_rep": "Khatol Faqiri", "device_id": "", "project_activity": "Conflict resolution community mobilization planning gender adocacy training to DDAs and CSOs", "community_rep_contact": "700631671", "longitude": "", "estimated_by": 4}, "model": "activitydb.projectproposal", "pk": 55}, {"fields": {"sector": 11, "create_date": "2015-05-07T04:27:50Z", "office": 14, "rejection_letter": "", "community": [], "approval_remarks": "", "project_type": 3, "date_approved": null, "activity_code": "32550A014", "program": 67, "approved_by": null, "latitude": "", "project_description": "Proposal for Good governance training.", "has_rej_letter": false, "proposal_num": "", "community_mobilizer": "Shafiqulah", "project_name": "On conflict resolution  and good governance training", "approval_submitted_by": 4, "edit_date": "2015-05-07T04:27:50Z", "community_mobilizer_contact": "", "approval": "", "date_of_request": "2015-04-15T07:00:00Z", "community_rep": "Abdul Asher", "device_id": "", "project_activity": "On conflict resolution  and good governance training", "community_rep_contact": "0776611932", "longitude": "", "estimated_by": 4}, "model": "activitydb.projectproposal", "pk": 56}, {"fields": {"sector": 11, "create_date": "2015-05-07T04:32:49Z", "office": 14, "rejection_letter": "", "community": [], "approval_remarks": "", "project_type": 3, "date_approved": null, "activity_code": "32550A015", "program": 67, "approved_by": null, "latitude": "", "project_description": "Proposal for Good governance training.", "has_rej_letter": false, "proposal_num": "", "community_mobilizer": "Shafiqulah", "project_name": "On conflict resolution  and good governance training", "approval_submitted_by": 4, "edit_date": "2015-05-07T04:32:49Z", "community_mobilizer_contact": "", "approval": "", "date_of_request": "2015-04-10T07:00:00Z", "community_rep": "Abdul Ghafoor", "device_id": "", "project_activity": "On conflict resolution  and good governance training", "community_rep_contact": "0799238839", "longitude": "", "estimated_by": 4}, "model": "activitydb.projectproposal", "pk": 57}, {"fields": {"sector": 11, "create_date": "2015-05-07T05:44:23Z", "office": 8, "rejection_letter": "", "community": [2], "approval_remarks": "", "project_type": 3, "date_approved": null, "activity_code": "32550A008", "program": 67, "approved_by": 5, "latitude": "", "project_description": "", "has_rej_letter": false, "proposal_num": "", "community_mobilizer": "Rozi Khan", "project_name": "TOT-Good Governance Training to DDAs & CSos", "approval_submitted_by": 5, "edit_date": "2015-05-07T05:44:23Z", "community_mobilizer_contact": "", "approval": "approved", "date_of_request": "2015-02-08T08:00:00Z", "community_rep": "Mohammad Wali", "device_id": "", "project_activity": "TOT-Good Governance Training to DDAs & CSos", "community_rep_contact": "797296454", "longitude": "", "estimated_by": 8}, "model": "activitydb.projectproposal", "pk": 58}, {"fields": {"sector": 11, "create_date": "2015-05-07T09:30:07Z", "office": 8, "rejection_letter": "", "community": [], "approval_remarks": "", "project_type": 3, "date_approved": null, "activity_code": "32550A009", "program": 67, "approved_by": 5, "latitude": "", "project_description": "", "has_rej_letter": false, "proposal_num": "", "community_mobilizer": "Rozi Khan", "project_name": "Human Rights Training to DDAs, CDCs, CSOs and Government Representatives", "approval_submitted_by": 5, "edit_date": "2015-05-07T09:30:07Z", "community_mobilizer_contact": "0795093092", "approval": "approved", "date_of_request": "2015-03-11T07:00:00Z", "community_rep": "Haji Amanullah", "device_id": "", "project_activity": "Human Rights Training to DDAs, CDCs, CSOs and Government Representatives", "community_rep_contact": "798278695", "longitude": "", "estimated_by": 8}, "model": "activitydb.projectproposal", "pk": 59}, {"fields": {"sector": 11, "create_date": "2015-05-07T10:11:49Z", "office": 8, "rejection_letter": "", "community": [], "approval_remarks": "", "project_type": 3, "date_approved": null, "activity_code": "32550A010", "program": 67, "approved_by": 5, "latitude": "", "project_description": "Description of Project and Activities\r\n\u25cf\tCommunity Mobilization officer will assist with Oruzgan Farmers association to prepare lists of beneficiary for land preparation training \r\n\u25cf\tSelect professional trainer \r\n\u25cf\tprepare training room for training in Tarin Kot and Dihrawud \r\n\u25cf\tSend invitation letters/phone call to trainees by Oruzgan Farmers Association  \r\n\u25cf\tPut PR and order form for expenditure of training \r\n\u25cf\tConduct training in Tarin Kot and Dihrawud \r\n\u25cf\tWrite final and completion report of training.\r\n", "has_rej_letter": false, "proposal_num": "", "community_mobilizer": "Rozi Khan", "project_name": "Pre- Production land preparation training to farmers by association -TOF ", "approval_submitted_by": 5, "edit_date": "2015-05-07T10:11:49Z", "community_mobilizer_contact": "0795093092", "approval": "approved", "date_of_request": "2015-03-04T08:00:00Z", "community_rep": "Hamidullah", "device_id": "", "project_activity": "Pre- Production land preparation training to farmers by association -TOF ", "community_rep_contact": "795241521", "longitude": "", "estimated_by": 8}, "model": "activitydb.projectproposal", "pk": 60}, {"fields": {"sector": 10, "create_date": "2015-05-07T09:38:32Z", "office": 6, "rejection_letter": "", "community": [2], "approval_remarks": "", "project_type": 3, "date_approved": null, "activity_code": "90939A001", "program": 61, "approved_by": 7, "latitude": "", "project_description": "", "has_rej_letter": false, "proposal_num": "", "community_mobilizer": "Mohammad Asif", "project_name": "DDA Capacity building training", "approval_submitted_by": 7, "edit_date": "2015-05-07T09:38:32Z", "community_mobilizer_contact": "0793506724", "approval": "approved", "date_of_request": "2012-12-08T08:00:00Z", "community_rep": "Haji Abdul Rauf", "device_id": "", "project_activity": "DDA Capacity building training", "community_rep_contact": "0774245167", "longitude": "", "estimated_by": 7}, "model": "activitydb.projectproposal", "pk": 61}, {"fields": {"sector": 10, "create_date": "2015-05-07T09:37:29Z", "office": 6, "rejection_letter": "", "community": [], "approval_remarks": "", "project_type": 3, "date_approved": null, "activity_code": "90939A001", "program": 61, "approved_by": 7, "latitude": "", "project_description": "", "has_rej_letter": false, "proposal_num": "", "community_mobilizer": "Zabihullah Ebadi", "project_name": "DDA Capacity building training", "approval_submitted_by": 7, "edit_date": "2015-05-07T09:37:29Z", "community_mobilizer_contact": "", "approval": "approved", "date_of_request": "2012-09-12T07:00:00Z", "community_rep": "Mawlawe Kabir", "device_id": "", "project_activity": "DDA Capacity building training", "community_rep_contact": "0788217006", "longitude": "", "estimated_by": 7}, "model": "activitydb.projectproposal", "pk": 62}, {"fields": {"sector": 11, "create_date": "2015-05-07T10:44:58Z", "office": 8, "rejection_letter": "", "community": [4], "approval_remarks": "", "project_type": 3, "date_approved": null, "activity_code": "32550A011", "program": 67, "approved_by": 5, "latitude": "", "project_description": "The MCA SAGAL Agriculture team will meet with DAIL staff to discuss its facilitation role in the farmers\u2019 day celebration. SAGAL team would like to support the participation of 120 farmers in the farmer day in order to establish cross linkages between farmers, traders, input suppliers and other relevant stakeholders. \r\n\r\nThe following activities will be undertaken during implementation of the project:\r\n1.\tSelection of farmer day participants.\r\n2.\tCoordinate the activities with the DAIL and get their confirmation.\r\n3.\tPreparation of farmer day plan and facilitating the celebration of farmer day according to the schedule.\r\n4.\tEvaluation of the farmer day. \r\n      5.   Prepare recommendation and completion report.\r\n", "has_rej_letter": false, "proposal_num": "", "community_mobilizer": "Rozi Khan", "project_name": " Supporting Farmers to Participate in DAIL\u2019s Farmer Day", "approval_submitted_by": 5, "edit_date": "2015-05-07T10:44:58Z", "community_mobilizer_contact": "0795093092", "approval": "approved", "date_of_request": "2015-03-15T07:00:00Z", "community_rep": "Sardar Mohammad Alko\t", "device_id": "", "project_activity": " Supporting Farmers to Participate in DAIL\u2019s Farmer Day", "community_rep_contact": "797201571", "longitude": "", "estimated_by": 8}, "model": "activitydb.projectproposal", "pk": 63}, {"fields": {"sector": 11, "create_date": "2015-05-07T10:45:25Z", "office": 8, "rejection_letter": "", "community": [], "approval_remarks": "", "project_type": 3, "date_approved": null, "activity_code": "32550A012", "program": 67, "approved_by": 5, "latitude": "", "project_description": "SAGAL Urozgan will conduct a 1 day Integrated Pest management training (IPM) for 150 farmers who are members of Uruzgan farmers Association from Tarin kot and Dihrawud districts, the association with coordination of DAIL will introduce the trainees and manage training room at DAI compound. SAGAL will select a qualified trainer who will prepare the training modules according to the need assessment and besides delivering training will conduct the pre and post training evaluation tests. All activities related to finance, procurement and logistics will be properly planned, documented and approved, and the BOQ for this training is annexed to this PA.  This training will cover fundamentals of IPM, introduction to pests and their different kinds, introduction and different kinds of pesticides, quality and labelling of pesticides, chemical, mechanical and biological controls of pests, methods and side effects of using pesticides as well as weed control practices.", "has_rej_letter": false, "proposal_num": "", "community_mobilizer": "Rozi Khan", "project_name": "Pre- production IPM training to farmers by DAIL- TOF", "approval_submitted_by": 5, "edit_date": "2015-05-07T10:45:25Z", "community_mobilizer_contact": "0795093092", "approval": "approved", "date_of_request": "2015-03-30T07:00:00Z", "community_rep": "Hamidullah", "device_id": "", "project_activity": "Pre- production IPM training to farmers by DAIL- TOF", "community_rep_contact": "795241521", "longitude": "", "estimated_by": 8}, "model": "activitydb.projectproposal", "pk": 64}, {"fields": {"sector": 11, "reviewed_by_date": "2015-05-06T07:00:00Z", "office": null, "total_estimated_budget": "333.6 ", "lin_code": "", "program_objectives": "Objective 2: Increase economic return for high potential licit crop systems\r\nActivity 2.1.1: Value Chain Analysis\r\n", "effect_or_impact": "What is the anticipated effect or impact of this project?:  (not outputs and not full description) \r\n1.\tThe stakeholders in the market system/ value chain will be able to identify gaps in the entire value chains and look for appropriate solutions either through engaging with themselves in small groups or seeking support from relevant other stakeholders.\r\n2.\tThe stakeholders engaged in the chain will start to find meaning in taking the issues confronting the value chain/market system and form a forum to engage in the longer-term to discuss progress and challenges. \r\n", "cod_num": "", "approval_remarks": "", "estimated_by_date": "2015-05-05T07:00:00Z", "mc_estimated_budget": "333.6 ", "project_type": 3, "approval": "", "create_date": "2015-05-06T07:34:26Z", "project_design": "", "partners": false, "activity_code": "32550A001", "reviewed_by": 8, "average_household_size": "7", "description_of_project_activities": "1-\tIdentification of the key and influential stakeholders\r\n2-\tConducting the workshop\r\n3-\tPresenting the Preliminary Market Map\r\n4-\tSummarising the list of problems/gaps in the market system\r\n5-\tList the potential solutions as proposed by the stakeholder\r\n6-\tPropose formation of the stakeholder forum  \r\n", "staff_responsible": "", "program": 67, "approved_by": null, "beneficiary_type": "Stakeholders", "approved_by_date": null, "justification_description_community_selection": "Key and influential stakeholders relevant to the market-chain will be invited to participate in the workshop.", "description_of_community_involvement": "", "finance_reviewed_by": 8, "project_name": "Participatory Market Mapping Workshop-almond value chain", "approval_submitted_by": null, "edit_date": "2015-05-06T07:34:26Z", "me_reviewed_by": 8, "evaluate": null, "documentation_government_approval": "", "mc_objectives": "Utilizing private sector development, M4P and community engagement as key tools for programs, Mercy corps will engage with pre and post production farming and agribusiness to achieve higher productivity, higher incomes and sustainable land use for food security.\r\n1.\tKey tool: Private sector development, M4P \r\n2.\tEngagement with: Agribusiness\r\n3.\tAimed at: Higher productivity, Higher Incomes\r\n", "expected_end_date": "2014-12-15T08:00:00Z", "me_reviewed_by_date": "2015-05-06T07:00:00Z", "community": [], "project_type_other": "Women's Project", "project_proposal": 30, "name_of_partners": "", "date_of_request": null, "justification_background": "", "project_activity": "Participatory Market Mapping Workshop-almond value chain", "external_stakeholder_list": "", "capacity": "Other", "expected_start_date": "2014-12-08T08:00:00Z", "estimated_num_direct_beneficiaries": "21", "estimated_num_indirect_beneficiaries": "147", "checked_by_date": "2015-05-06T07:00:00Z", "estimation_date": null, "checked_by": 8, "expected_duration": "7 days", "finance_reviewed_by_date": null, "account_code": "8500", "documentation_community_approval": "", "estimated_by": null, "description_of_government_involvement": "DAIL will be the key enabling actor who will be a participant in this workshop and will be facilitated to take up the coordination function in the market-system forum."}, "model": "activitydb.projectagreement", "pk": 4}, {"fields": {"sector": 11, "reviewed_by_date": null, "office": null, "total_estimated_budget": "333.6 ", "lin_code": "", "program_objectives": "Objective 2: Increase economic return for high potential licit crop systems\r\nActivity 2.1.1: Value Chain Analysis\r\n", "effect_or_impact": "What is the anticipated effect or impact of this project?:  (not outputs and not full description) \r\n1.\tThe stakeholders in the market system/ value chain will be able to identify gaps in the entire value chains and look for appropriate solutions either through engaging with themselves in small groups or seeking support from relevant other stakeholders.\r\n2.\tThe stakeholders engaged in the chain will start to find meaning in taking the issues confronting the value chain/market system and form a forum to engage in the longer-term to discuss progress and challenges. \r\n", "cod_num": "", "approval_remarks": "", "estimated_by_date": null, "mc_estimated_budget": "333.6 ", "project_type": 3, "approval": "", "create_date": "2015-05-06T10:24:34Z", "project_design": "", "partners": false, "activity_code": "32550A002", "reviewed_by": 8, "average_household_size": "7", "description_of_project_activities": "1-\tIdentification of the key and influential stakeholders\r\n2-\tConducting the workshop\r\n3-\tPresenting the Preliminary Market Map\r\n4-\tSummarising the list of problems/gaps in the market system\r\n5-\tList the potential solutions as proposed by the stakeholder\r\n6-\tPropose formation of the stakeholder forum  \r\n", "staff_responsible": "", "program": 67, "approved_by": null, "beneficiary_type": "Stakeholders ", "approved_by_date": null, "justification_description_community_selection": "Key and influential stakeholders relevant to the market-chain will be invited to participate in the workshop.", "description_of_community_involvement": "", "finance_reviewed_by": null, "project_name": "Participatory Market Mapping Workshop-Cumin value chain", "approval_submitted_by": null, "edit_date": "2015-05-06T10:24:34Z", "me_reviewed_by": null, "evaluate": null, "documentation_government_approval": "", "mc_objectives": "Utilizing private sector development, M4P and community engagement as key tools for programs, Mercy corps will engage with pre and post production farming and agribusiness to achieve higher productivity, higher incomes and sustainable land use for food security.\r\n1.\tKey tool: Private sector development, M4P \r\n2.\tEngagement with: Agribusiness\r\n3.\tAimed at: Higher productivity, Higher Incomes\r\n", "expected_end_date": "2014-12-15T08:00:00Z", "me_reviewed_by_date": null, "community": [], "project_type_other": "Women's Project", "project_proposal": 31, "name_of_partners": "", "date_of_request": null, "justification_background": "Though various stakeholders in the value-chain engage with each other as per their business need, they have not got together in one platform to understand and discuss the problems faced in the entire market system. As a result, they continue to engage within their limited and specific context in which they operate individually. A market system is closely inter-linked and blockages and issues within it affect every stakeholder and their income potential. There is a need to get the most stakeholders involved to get them to one platform so that they could understand analyse and provide solutions to the problems and gaps.\r\n\r\nPreliminary market mapping was conducted by surveying the market stakeholders in the main market value chain, the enabling environment stakeholders and the supporting input/service providers by the project team. The findings of this mapping and the problems and gaps identified by the different stakeholders during the survey will be presented in the workshop.\r\n", "project_activity": "Participatory Market Mapping Workshop-Cumin value chain", "external_stakeholder_list": "", "capacity": "Plans for follow-up made during life of project", "expected_start_date": "2014-12-10T08:00:00Z", "estimated_num_direct_beneficiaries": "21", "estimated_num_indirect_beneficiaries": "147", "checked_by_date": null, "estimation_date": null, "checked_by": 8, "expected_duration": "5 DAYS", "finance_reviewed_by_date": null, "account_code": "8500", "documentation_community_approval": "", "estimated_by": 8, "description_of_government_involvement": "DAIL will be the key enabling actor who will be a participant in this workshop and will be facilitated to take up the coordination function in the market-system forum."}, "model": "activitydb.projectagreement", "pk": 5}, {"fields": {"sector": 11, "reviewed_by_date": null, "office": null, "total_estimated_budget": "535", "lin_code": "", "program_objectives": " Improve agricultural yields of high potential licit crop system.", "effect_or_impact": "DAIL extension department will fully understand about SAGAL program\u2019s objectives and activities, strong coordination will be established, DAIL extension department will be able to train farmers on district levels and MCA- SAGAL will facilitate those trainings in SAGAL targeted districts.  Similarly DAIL\u2019s extension, forestry, plant protection and cooperative departments will be able to deliver the services directly to the farmers in our selected Almond and Cumin value chains. ", "cod_num": "", "approval_remarks": "", "estimated_by_date": null, "mc_estimated_budget": "", "project_type": 3, "approval": "", "create_date": "2015-05-06T10:52:45Z", "project_design": "", "partners": true, "activity_code": "32550A003", "reviewed_by": 8, "average_household_size": "7", "description_of_project_activities": "Strengthening the institutional capacity of DAIL is the key activity based on SAGAL work plan. SAGAL will organize 3days training to DAIL staff in Trinkot and Dehrawod district of Urozgan. This training will include the following 1-\tPreparation of training curriculum (Pashto) by Agriculture expert.\r\n2-\tTotal 3 days training for 10 staff members of DAIL Trinkot and Dehrawod. \r\n3-\tOne day training on SAGAL orientation.\r\n4-\tTwo days technical training in almond and cumin value chains,\r\n5-\tM&E of the training will be continued during the training sessions,\r\n6-\tPre and post training evaluation will be conducted using MCA standard evaluation forms,\r\n7-\tSAGAL Team will write the final training report", "staff_responsible": "", "program": 67, "approved_by": null, "beneficiary_type": "DAIL staff members", "approved_by_date": null, "justification_description_community_selection": "SAGAL Urozgan team will meet with DAIL Director and discuss about this particular training for DAIL staff and submit a request letter for approval of training and to introduce the target trainees. DAIL Director through an official letter will introduce trainees from provincial as well as from district level sub-departments in our target districts the, Trinkot and Dehrawod. Focus will be given to those DAIL employees who are directly involved in providing extension education services to farmers engaged in our selected value chains.", "description_of_community_involvement": "Meeting conducted with DAIL, Project proposal for this training with trainee lists submitted to SAGAL program by DAIL", "finance_reviewed_by": null, "project_name": "TOT- SAGAL Orientation and Technical Training - Almond & Cumin - DAIL extension department", "approval_submitted_by": null, "edit_date": "2015-05-06T10:52:45Z", "me_reviewed_by": null, "evaluate": null, "documentation_government_approval": "", "mc_objectives": "Utilizing private sector development, M4P and community engagement as key tools for programs, Mercy corps will engage with pre and post production farming and agribusiness to achieve higher productivity, higher incomes and sustainable land use for food security.\r\n1.\tKey tool used: Private sector development/M4P/Community engagement\r\n2.\tEngagement with: Pre-production/Post-production/Agribusiness\r\n3.\tAimed at: Higher productivity/Higher Incomes/Food Security", "expected_end_date": "2015-01-05T08:00:00Z", "me_reviewed_by_date": null, "community": [], "project_type_other": "Women's Project", "project_proposal": 32, "name_of_partners": "  DAIL                        ", "date_of_request": null, "justification_background": "MCA maintained a strong working relation with DAIL Uruzgan and worked in close coordination since few years. We felt and found the gaps that DAIL\u2019s staff requires training in terms of extension, market linkage, post- harvesting, IPM and new agriculture practices. By this training we aim to upgrade the capacity of DAIL\u2019s staff to build a strong working relation with farmers in the field and deliver the knowledge they learned.", "project_activity": "TOT- SAGAL Orientation and Technical Training - Almond & Cumin - DAIL extension department", "external_stakeholder_list": "", "capacity": null, "expected_start_date": "2014-12-24T08:00:00Z", "estimated_num_direct_beneficiaries": "11", "estimated_num_indirect_beneficiaries": "77", "checked_by_date": null, "estimation_date": "2014-12-17T08:00:00Z", "checked_by": 8, "expected_duration": "10 days", "finance_reviewed_by_date": null, "account_code": "8500", "documentation_community_approval": "", "estimated_by": 8, "description_of_government_involvement": "MCA and MAIL signed an MOU about SAGAL program."}, "model": "activitydb.projectagreement", "pk": 6}, {"fields": {"sector": 11, "reviewed_by_date": null, "office": null, "total_estimated_budget": "", "lin_code": "", "program_objectives": "", "effect_or_impact": "", "cod_num": "", "approval_remarks": "", "estimated_by_date": null, "mc_estimated_budget": "", "project_type": 3, "approval": "", "create_date": "2015-05-06T10:30:45Z", "project_design": "", "partners": false, "activity_code": "32550\u064eA001", "reviewed_by": 6, "average_household_size": "", "description_of_project_activities": "", "staff_responsible": "", "program": 67, "approved_by": null, "beneficiary_type": "", "approved_by_date": null, "justification_description_community_selection": "", "description_of_community_involvement": "", "finance_reviewed_by": null, "project_name": "Timber Exposure Visit for members of Helmand Nursery Growers Association", "approval_submitted_by": null, "edit_date": "2015-05-06T10:30:45Z", "me_reviewed_by": null, "evaluate": null, "documentation_government_approval": "", "mc_objectives": "", "expected_end_date": null, "me_reviewed_by_date": null, "community": [2], "project_type_other": "Women's Project", "project_proposal": 6, "name_of_partners": "", "date_of_request": null, "justification_background": "", "project_activity": "Timber Exposure Visit for members of Helmand Nursery Growers Association", "external_stakeholder_list": "", "capacity": null, "expected_start_date": null, "estimated_num_direct_beneficiaries": "", "estimated_num_indirect_beneficiaries": "", "checked_by_date": null, "estimation_date": null, "checked_by": 6, "expected_duration": "", "finance_reviewed_by_date": null, "account_code": "8500", "documentation_community_approval": "", "estimated_by": 6, "description_of_government_involvement": ""}, "model": "activitydb.projectagreement", "pk": 7}, {"fields": {"sector": 11, "reviewed_by_date": null, "office": null, "total_estimated_budget": "", "lin_code": "", "program_objectives": "", "effect_or_impact": "", "cod_num": "", "approval_remarks": "", "estimated_by_date": null, "mc_estimated_budget": "", "project_type": 3, "approval": "", "create_date": "2015-05-07T10:02:52Z", "project_design": "", "partners": false, "activity_code": "32550A010", "reviewed_by": 6, "average_household_size": "", "description_of_project_activities": "", "staff_responsible": "", "program": 67, "approved_by": null, "beneficiary_type": "", "approved_by_date": null, "justification_description_community_selection": "", "description_of_community_involvement": "", "finance_reviewed_by": null, "project_name": "Participatory Market Mapping Workshop- Watermelon Market System", "approval_submitted_by": null, "edit_date": "2015-05-07T10:02:52Z", "me_reviewed_by": null, "evaluate": null, "documentation_government_approval": "", "mc_objectives": "", "expected_end_date": null, "me_reviewed_by_date": null, "community": [2], "project_type_other": "Women's Project", "project_proposal": 13, "name_of_partners": "", "date_of_request": null, "justification_background": "", "project_activity": "Participatory Market Mapping Workshop- Watermelon Market System", "external_stakeholder_list": "", "capacity": null, "expected_start_date": null, "estimated_num_direct_beneficiaries": "", "estimated_num_indirect_beneficiaries": "", "checked_by_date": null, "estimation_date": null, "checked_by": 6, "expected_duration": "", "finance_reviewed_by_date": null, "account_code": "8500", "documentation_community_approval": "", "estimated_by": 6, "description_of_government_involvement": ""}, "model": "activitydb.projectagreement", "pk": 8}, {"fields": {"sector": 11, "reviewed_by_date": null, "office": null, "total_estimated_budget": "1200", "lin_code": "", "program_objectives": "Improve agricultural yields of high potential licit crop system.", "effect_or_impact": "The input supplier will understand about SAGAL program objectives and activities, strong coordination will be established, bigger input supplier will be able to train smaller input supplier on district levels and MCA- SAGAL will facilitate those trainings in SAGAL targeted areas, smaller input suppliers will be able to link the farmers to themselves and other local and national traders.", "cod_num": "", "approval_remarks": "", "estimated_by_date": null, "mc_estimated_budget": "1200", "project_type": 3, "approval": "", "create_date": "2015-05-06T09:43:50Z", "project_design": "", "partners": false, "activity_code": "32550A004", "reviewed_by": 8, "average_household_size": "7", "description_of_project_activities": "Support input supplier is the key activity based on SAGAL work plan. SAGAL will organize 2days training to input suppliers which includes the following activities; \r\n1.\tPreparation of training curriculum (Pashto) by appointed person.\r\n2.\tFifteen input suppliers will be selected as trainees and a potential one as trainer.   \r\n3.\tThe trainer will provide two days theoretical and practical training to 15 input suppliers.\r\n4.\tAll 11 standard forms will be filled by program team from starting up to the end of project.\r\n5.\tMonitoring for quality assurance will be continued during the training sessions,\r\n6.\tPre and post training evaluation will be conducted using MCA standard evaluation forms,\r\n7.\tSAGAL Team will write the final training report.", "staff_responsible": "", "program": 67, "approved_by": null, "beneficiary_type": "Input Suppliers", "approved_by_date": null, "justification_description_community_selection": "SAGAL Uruzgan team conducted meetings with Agriculture input suppliers of trinkot and Dehrawod districts and discussed about the technical training for input suppliers with focus on those who are directly involved in providing input supply services to smaller input supplier and farmers engaged in our selected value chains. A potential and capable input supplier who agrees to prepare training materials and deliver training to smaller input suppliers will be appointed as trainer whiles a group of 15 others (10 from trinkot and 5 from Dehrawod) will be selected as trainees. ", "description_of_community_involvement": "", "finance_reviewed_by": null, "project_name": "TOT- Pesticide & Herbicides training - Input suppliers", "approval_submitted_by": null, "edit_date": "2015-05-06T09:43:51Z", "me_reviewed_by": null, "evaluate": null, "documentation_government_approval": "", "mc_objectives": "Utilizing private sector development, M4P and community engagement as key tools for programs, Mercy Corps will engage with pre and post production farming and agribusiness to achieve higher productivity, higher incomes and sustainable land use for food security.", "expected_end_date": "2015-01-15T08:00:00Z", "me_reviewed_by_date": null, "community": [], "project_type_other": "Women's Project", "project_proposal": 33, "name_of_partners": "", "date_of_request": null, "justification_background": "", "project_activity": "TOT- Pesticide & Herbicides training - Input suppliers", "external_stakeholder_list": "", "capacity": "Other", "expected_start_date": "2015-01-05T08:00:00Z", "estimated_num_direct_beneficiaries": "15", "estimated_num_indirect_beneficiaries": "105", "checked_by_date": null, "estimation_date": null, "checked_by": 8, "expected_duration": "11 Days", "finance_reviewed_by_date": null, "account_code": "8500", "documentation_community_approval": "", "estimated_by": 8, "description_of_government_involvement": "An MoU for this training will be signed with relevant Agriculture Input Suppliers "}, "model": "activitydb.projectagreement", "pk": 9}, {"fields": {"sector": 11, "reviewed_by_date": "2015-05-07T07:00:00Z", "office": null, "total_estimated_budget": "1308", "lin_code": "", "program_objectives": "Increase economic return for high potential licit crop systems", "effect_or_impact": "1.\tThe NGAs will propagate the planting material of timber in their nurseries in the project area and are expected to become \u2018nursery entrepreneurs\u2019 for timber cuttings and assure availability of timber cuttings in the region. \r\n2.\tFarmers in the region undertake timber cultivation as a remunerative crop option. The farmers have enhanced access to appropriate varieties of timber cuttings from the NGA timber nurseries at a reasonable cost.\r\n", "cod_num": "", "approval_remarks": "", "estimated_by_date": "2015-05-07T07:00:00Z", "mc_estimated_budget": "1308", "project_type": 3, "approval": "approved", "create_date": "2015-05-07T05:02:40Z", "project_design": "", "partners": true, "activity_code": "32550-001", "reviewed_by": 5, "average_household_size": "7", "description_of_project_activities": "\u2022\tMercy Corps \u2013 SAGAL will Select the association members that need to go on the exposure visit and Meet with those eastern region members who are really interested and have good background in this field, visit the Timber cultivation and bring them back with some idea and experience to share it with other Associations members.\r\n\u2022\tListing the resources the visitors will need on the day of the cross visit, and work out who will supply them. For example, the need to take notebook and pens/markers, a camera, and keep visiting relevant people to this visit to a maximum of 6 to 10 people. \r\nIf they don\u2019t read or write, use diagrams and photos. Discuss and agree on the best approach to make sure target audience can attend the exposure visit; \r\n\u2022\tPrepare sheets of paper for visitors to write down what they have learnt what they will take back to their communities and how exposure visits could be improved.\r\n\u2022\tEncourage them to develop a plan to undertake the nursery of the timber cuttings. Develop a timeline, resources required, and the size of the nursery that needs to be planted.  \r\n", "staff_responsible": "", "program": 67, "approved_by": 5, "beneficiary_type": "Nangarhar/Kunar/Laghman Nursery Growers Associations (private sector)", "approved_by_date": "2015-05-07T07:00:00Z", "justification_description_community_selection": "Planning and running Exposure Visit. It is important to remember that the Cross Visit of Nangarhar, Kunar and Laghman Nursery Growers Association members to learn about the new variety of timber which is cultivated in Gul dara district of Parwan province and create business linkage with those farmers who cultivated timber in their land, market system, find out about the quality agriculture products which are sapling and plants. This activity should be based on bellow criteria. \r\n\u2022\tSelecting the right member of Nursery Grower Association to attend the exposure visit. \r\n\u2022\tArranging the most appropriate sites for them to visit, \r\n\u2022\tMaking sure they are comfortable throughout the exposure visit, \r\n\u2022\tPlanning activities at each site to help them learn, understand and remember what they see, \r\n\u2022\tHolding a feedback session on the day to help them to reflect on what they have learnt, and \r\nHelping them to share information with their own members through a village feedback session.\r\n", "description_of_community_involvement": "", "finance_reviewed_by": 2, "project_name": "Exposure Visit \u2013 NGA Members \u2013 Timber Cultivation", "approval_submitted_by": 5, "edit_date": "2015-05-07T05:02:40Z", "me_reviewed_by": 6, "evaluate": null, "documentation_government_approval": "", "mc_objectives": "Utilizing private sector development, M4P and community engagement as key tools for programs, Mercy corps will engage with pre and post production farming and agribusiness to achieve higher productivity, higher incomes and sustainable land use for food security.", "expected_end_date": "2014-11-30T08:00:00Z", "me_reviewed_by_date": null, "community": [], "project_type_other": "Women's Project", "project_proposal": 48, "name_of_partners": "NGA Members", "date_of_request": null, "justification_background": "The Nursery Grower Associations are already established in the Eastern Region of Nangarhar, Kunar and Laghman Provinces and the farmers have full membership with these Associations and to promoting the private sector development activities in the region and also to organize them properly and encourage them learn new skills. The exposure visits will help the association members to have access to the local plants and sapling market and information, having business linkages with farmers from other provinces, attractions of other stakeholders, business improvement answering the demand of consumers, provide products according to the demand of market and buyers and value adding to the products.  ", "project_activity": "Exposure Visit \u2013 NGA Members \u2013 Timber Cultivation", "external_stakeholder_list": "", "capacity": "Other", "expected_start_date": "2014-11-20T08:00:00Z", "estimated_num_direct_beneficiaries": "6", "estimated_num_indirect_beneficiaries": "", "checked_by_date": "2015-05-07T07:00:00Z", "estimation_date": "2014-11-18T08:00:00Z", "checked_by": 5, "expected_duration": "10 days", "finance_reviewed_by_date": null, "account_code": "8500", "documentation_community_approval": "", "estimated_by": 5, "description_of_government_involvement": ""}, "model": "activitydb.projectagreement", "pk": 11}, {"fields": {"sector": 11, "reviewed_by_date": null, "office": null, "total_estimated_budget": "1200", "lin_code": "", "program_objectives": "Improve agricultural yields of high potential licit crop systems", "effect_or_impact": "Mercy Corps/SAGAL is committed, to support the different stakeholders and establish several association for making of good social and work frame for the improvement of agriculture and market system in future. This activity will has the following impacts:\r\n1.\tWhenever the associations registered the stakeholders will be able to utilize their own capacity and make a sustainable market system for agriculture products.\r\n2.\tThe stakeholders will be linked to line sectors and market players, and make these associations self-sustainable.\r\n", "cod_num": "", "approval_remarks": "", "estimated_by_date": null, "mc_estimated_budget": "1200", "project_type": 3, "approval": "", "create_date": "2015-05-07T04:34:47Z", "project_design": "", "partners": false, "activity_code": "32550A005", "reviewed_by": 8, "average_household_size": "7", "description_of_project_activities": "As it is stated above registration of associations is vital and foundation without license they will not be permitted to work, deal in the market and ask for the law- full rights of them from government departments. They will be organized and will recognized as strong sources of business and having a good licit income, in light of that Mercy Corps- SAGAL decided to pay a part of association costs. In realty the registration process needs more time and expanses due to government policies and the stakeholders are higher rather than the program. SAGAL will pay legal cost of registration based on providing of documents, and facilitate the registration process of association formation, this activity will consist of the following task/steps:\r\n\r\nFacilitating Meeting with People for forming the Association\r\nThe activity should be coordinated with line departments. \r\nVoting for selection of key members and Preparing of necessary documents by assisting program staff.\r\nPresenting of request letter to PGO for getting approvals/ assignment to DoJ for further process.\r\nFulfilment of all DoJ\u2019s required documents including (Crime Record checking), based on DoJ policy.\r\nThe key members will be introduced to MoJ by DoJ with all provided documents, for finalizing the process.\r\nReceiving of the license from MoJ and submitting a copy of license to DoJ\r\nSpreading and propagating of the license copy to all governmental departments by DoJ.\r\n", "staff_responsible": "", "program": 67, "approved_by": null, "beneficiary_type": "Associations", "approved_by_date": null, "justification_description_community_selection": "MC/SAGAL would like to establish the following associations in Oruzgan Province: \r\n1.\tOruzgan Farmers Association (OFA): \r\nthe stated association will consist of almost 200 members estimated, and all the members would be selected and introduced by community elders from different districts of Oruzgan province particularly form (Trinkot and Dehrawod districts), the association will be established as provincial level and might be developed in the future. \r\n2.\tOruzgan Fresh and dry fruit Traders Association: \r\nThis association will consist of almost 30 members estimated who are local traders and real players in the Oruzgan market who buy fruits, cumin and other Ag-Products locally from Orozgan producers/farmers who come from far district of Oruzgan province, and selling to other traders who come from other provinces. the members of the stated association will be selected by Oruzgan Municipality and Key Market Players , this association will be established as provincial level as well and might be developed in the future.\r\n3.\tOruzgan Agriculture Inputs Suppliers Association:\r\nThis association will consist of almost 20 members for targeted districts of SAGAL program (Trinkot and Dehrawod) in Oruzgan province. This association also provides inputs to farmers on loan and cash, the members of this association will be selected and introduced by Key Market Players (Key Inputs Suppliers), the association will be established as provincial level and might be developed in the next time. \r\n", "description_of_community_involvement": "", "finance_reviewed_by": null, "project_name": "Formation and Registration-Association", "approval_submitted_by": null, "edit_date": "2015-05-07T04:34:47Z", "me_reviewed_by": null, "evaluate": null, "documentation_government_approval": "", "mc_objectives": "Utilizing private sector development, M4P and community engagement as key tools for programs, Mercy corps will engage with pre and post production farming and agribusiness to achieve higher productivity, higher incomes and sustainable land use for food security.\r\n\r\n1.\tKey tool: Private sector development, M4P \r\n2.\tEngagement with: Agribusiness\r\n3.\tAimed at: Higher productivity, Higher Incomes\r\n", "expected_end_date": "2015-05-31T07:00:00Z", "me_reviewed_by_date": null, "community": [], "project_type_other": "Women's Project", "project_proposal": 35, "name_of_partners": "", "date_of_request": null, "justification_background": "JUSTIFICATION:\r\nSince, the associations are the new sources that farmers and traders are working under an umbrella for development of agriculture and Ag-Products Market, to organize them properly and encourage them for having offices they will need to be supported. This activity will help the market players (producers and buyers) to have access to the market and information, having business linkages with buyers from other provinces, attractions of other stakeholders, coordination with GIRoA departments, business improvement answering the demand of consumers, provide products according to the demand of market and buyers and value adding to the products, and easy participation of beneficiaries in the training and other issue.    \r\nGeneral Background and Problem Statement:\r\nBased on SAGAL work plan and need of stakeholders that there are some gaps in producers\u2019 and traders technical and management capacities. And SAGAL would aim to work with legal sources, increase their capacity in terms of technical, administration, managing information, market information and recoding of data.  Improving business development to establish productive long-term transactional relationships. Perhaps when an association is not licensed and registered them never- receive any notice of meetings. Unregistered association legally will not be involved in any business dealing or catch the market, produce according to the need of consumers and they don\u2019 have any linkage with line market players and they can\u2019t fix the prices for their products individually. The board of association can provide awareness about the prices to the beneficiaries which was not existed yet, Unregistered association is not able to achieve any activities in the region. Although, association is a new idea for market actors in the stated province and they need to be organized and licensed, therefore the current activity will make them able to be organized and registered for improvement of agriculture products market system.\r\n", "project_activity": "Formation and Registration-Association", "external_stakeholder_list": "", "capacity": "Plans for follow-up made during life of project", "expected_start_date": "2015-02-01T08:00:00Z", "estimated_num_direct_beneficiaries": "3 Associations", "estimated_num_indirect_beneficiaries": "21", "checked_by_date": null, "estimation_date": "2015-02-01T08:00:00Z", "checked_by": 8, "expected_duration": "4 Months", "finance_reviewed_by_date": null, "account_code": "8500", "documentation_community_approval": "", "estimated_by": 8, "description_of_government_involvement": "Department of Justice (DoJ) and Ministry of Just (MoJ) are the line governmental departments for this activity, at the first stage of registration process the associations need to be registered as provincial level with DoJ, thereafter the key members of new formed association will receive the legal license form ministry of justice."}, "model": "activitydb.projectagreement", "pk": 12}, {"fields": {"sector": 11, "reviewed_by_date": null, "office": null, "total_estimated_budget": "", "lin_code": "", "program_objectives": "", "effect_or_impact": "", "cod_num": "", "approval_remarks": "", "estimated_by_date": null, "mc_estimated_budget": "", "project_type": 3, "approval": "", "create_date": "2015-05-07T04:23:10Z", "project_design": "", "partners": false, "activity_code": "32550A003", "reviewed_by": null, "average_household_size": "", "description_of_project_activities": "", "staff_responsible": "", "program": 67, "approved_by": null, "beneficiary_type": "", "approved_by_date": null, "justification_description_community_selection": "", "description_of_community_involvement": "", "finance_reviewed_by": null, "project_name": "Participatory Market Mapping Workshop- Grapes Market System", "approval_submitted_by": null, "edit_date": "2015-05-07T04:23:10Z", "me_reviewed_by": null, "evaluate": "", "documentation_government_approval": "", "mc_objectives": "", "expected_end_date": null, "me_reviewed_by_date": null, "community": [], "project_type_other": "", "project_proposal": 8, "name_of_partners": "", "date_of_request": null, "justification_background": "", "project_activity": "Participatory Market Mapping Workshop- Grapes Market System", "external_stakeholder_list": "", "capacity": "", "expected_start_date": null, "estimated_num_direct_beneficiaries": "", "estimated_num_indirect_beneficiaries": "", "checked_by_date": null, "estimation_date": null, "checked_by": null, "expected_duration": "", "finance_reviewed_by_date": null, "account_code": "8500", "documentation_community_approval": "", "estimated_by": null, "description_of_government_involvement": ""}, "model": "activitydb.projectagreement", "pk": 13}, {"fields": {"sector": 11, "reviewed_by_date": null, "office": null, "total_estimated_budget": "1304", "lin_code": "", "program_objectives": "Objective 1: Improve agricultural yields of high potential licit crop systems", "effect_or_impact": "Based on DAIL letter they had been  proposed farmers have problem with grape technical pruning , For improve production according market demand and increase farmers awareness based on program objective one,\r\n1-\t This training will be conducted through DAIL extension worker for farmers and association skilled farmers, within implementation of this activities program anticipate improving farmers\u2019 knowledge and income generation for their future business production.\r\n2-\t They lead farmers will be enable to advice and train their community other farmers.  \r\n", "cod_num": "", "approval_remarks": "", "estimated_by_date": null, "mc_estimated_budget": "1304", "project_type": 3, "approval": "", "create_date": "2015-05-07T07:27:33Z", "project_design": "", "partners": true, "activity_code": "32550A010", "reviewed_by": 4, "average_household_size": "7", "description_of_project_activities": "1-\tMCA-SAGAL community mobilizer and DAIL will prepare the list of participants who are going to participate in the training event of the SAGAL program.\r\n2-\tSend the invitation letters/phone calls to farmers association  \r\n3-\tPut PR and make a reasonable budget sheet for the expenditure of the orientation event\r\n4-\tPrepare the in power point and delivered to the participants\r\n5-\tPractical work at field.\r\n6-\tAnalyze the learn of participants and make a plan for the next programs\r\n7-\tProvide report on the orientation event and make a conclusion of event", "staff_responsible": "", "program": 67, "approved_by": null, "beneficiary_type": "Farmers and DAIL", "approved_by_date": null, "justification_description_community_selection": "1-\tDAIL extension and association representative will identify farmers.\r\n2-\tDAIL will introduce farmers for training facilitation.", "description_of_community_involvement": "", "finance_reviewed_by": null, "project_name": "Grape purning training for farmers ", "approval_submitted_by": null, "edit_date": "2015-05-07T07:27:33Z", "me_reviewed_by": null, "evaluate": "Community feedback", "documentation_government_approval": "", "mc_objectives": "Utilizing private sector development, M4P and community engagement as key tools for programs, Mercy corps will engage with pre and post production farming and agribusiness to achieve higher productivity, higher incomes and sustainable land use for food security.", "expected_end_date": "2015-03-30T07:00:00Z", "me_reviewed_by_date": null, "community": [], "project_type_other": "Energy Efficiency Project", "project_proposal": 51, "name_of_partners": "target districts ( Jabulsaraj, Bagram, Sayed Khil, Charikar )     ", "date_of_request": null, "justification_background": "JUSTIFICATION:  According the market mapping survey grapes value chain is among that value chain which generates high income in the Parwan province. During the survey we also found that Lead Farmers and Association progress farmer members don\u2019t have sufficient technical skills to provide advice to farmers on Grape pruning production and storage.  \r\nGeneral Background and Problem Statement:\r\nFarmers don\u2019t have technical skill s, the quality and quantity of production very low can\u2019t compete in market, with other production  their income generation very  low .   \r\n", "project_activity": "Grape purning training for farmers ", "external_stakeholder_list": "", "capacity": null, "expected_start_date": "2015-02-20T08:00:00Z", "estimated_num_direct_beneficiaries": "120", "estimated_num_indirect_beneficiaries": "", "checked_by_date": null, "estimation_date": "2015-02-15T08:00:00Z", "checked_by": 4, "expected_duration": "Two Months", "finance_reviewed_by_date": null, "account_code": "712", "documentation_community_approval": "", "estimated_by": 4, "description_of_government_involvement": ""}, "model": "activitydb.projectagreement", "pk": 14}, {"fields": {"sector": 11, "reviewed_by_date": null, "office": null, "total_estimated_budget": "$ 1,107.00", "lin_code": "", "program_objectives": "Improve agricultural yields of high potential licit crop systems", "effect_or_impact": "1.\tThe farmers will be linked to Ag-Inputs suppliers, for easy, timely, inexpensively and regularly access to Ag-Inputs; in addition the agriculture sector and farm services will be developed and improved indirectly.\r\n2.\tThe Ag-Inputs Suppliers would be linked to each other; the Ag-Inputs supplement services and business would be expanded and developed. \r\n", "cod_num": "", "approval_remarks": "", "estimated_by_date": null, "mc_estimated_budget": "$ 1,107.00 ", "project_type": 3, "approval": "in progress", "create_date": "2015-05-07T07:32:34Z", "project_design": "", "partners": false, "activity_code": "32550A012", "reviewed_by": 3, "average_household_size": "7", "description_of_project_activities": "Description of Project and Activities:\r\nThis project will be consist of the following steps and tasks:\r\n\r\n1.\tThe first meeting with BISA for coordination and arrangement of the Ag-Inputs Exhibition \r\n2.\tPreparing of all the required documents(Financial and Administrative Documents) \r\n3.\tArrangement and coordination of the participants list with BISA.\r\n4.\tConducting of (Exhibition of Ag-Inputs for the Market Linkage).\r\n5.\tCollection of the required documents using in the activity report such as pictures, payments sheets and etc.\r\n6.\tFinal completion report.\r\n", "staff_responsible": "", "program": 67, "approved_by": 3, "beneficiary_type": "Ag-Inputs Suppliers and Farmers", "approved_by_date": null, "justification_description_community_selection": "26 small retailers, 4 big retailers, 40 farmers and 5 delegates of line departments with total number of 75 will attend the stated exhibition, the Ag-Inputs will be represented at this exhibition by 4 big retailers, and rest of the participants will attend the exhibition as stakeholders and observers.  \r\nLists for the aforementioned participants will be provided by Inputs Suppliers Association, the provided list will be coordinated with DAIL department by BISA as well.\r\n", "description_of_community_involvement": "", "finance_reviewed_by": null, "project_name": "Exhibition of Ag-Inputs for the Market Linkage - Input Suppliers", "approval_submitted_by": 3, "edit_date": "2015-05-07T07:32:34Z", "me_reviewed_by": null, "evaluate": null, "documentation_government_approval": "", "mc_objectives": "Utilizing private sector development, M4P and community engagement as key tools for programs, Mercy corps will engage with pre and post production farming and agribusiness to achieve higher productivity, higher incomes and sustainable land use for food security.", "expected_end_date": "0015-01-31T08:00:00Z", "me_reviewed_by_date": null, "community": [], "project_type_other": "Energy Efficiency Project", "project_proposal": 17, "name_of_partners": "Bost Input Suppliers\u2019 AssociationDistrict wise and Village wise beneficiary list attached", "date_of_request": null, "justification_background": "As the farmers need to be linked to Ag-Inputs Suppliers for smooth and easy access to Ag-Inputs therefor SAGAL Helmand team decided to conduct The Ag-Inputs exhibition activity. Through this activity the farmers and small retailers would be able to get access to the Ag-Inputs and services provided by potential wholesalers, the exhibition of Ag-Inputs will provide a platform of understanding the needs of farmers and small retailers and range of services and products available with big input suppliers and their potential to address the market demands. Through this activity the business linkages between center and district level of input suppliers and farmers will be strengthened, and farmer, small retailers and big retailers would be linked each other directly\r\n\r\nGeneral Background and Problem Statement\r\nThe exhibition of Ag-Inputs will be arranged and facilitated by Bost Input Suppliers Association such as selection place, selection of participants, coordination with DAIL, presentation of banners and getting feedback on impact of the exhibition, and would be financially supported by MCA/SAGAL, Helmand team will keep coordination with Bost Input Suppliers Association and be responsible to prepare all the internal documents.\r\nCurrently these input suppliers and farmers have very little access to modern research and technology and a weak coordination exists between small retailers, farmers and potential wholesalers, SAGAL has targeted the Bost input suppliers Association to play role in establishing strong business coordination with small retailers and to expand range of their high quality input supplies to the target beneficiaries, \r\n\r\n\r\n\r\n", "project_activity": "Exhibition of Ag-Inputs for the Market Linkage - Input Suppliers", "external_stakeholder_list": "", "capacity": null, "expected_start_date": "0015-01-21T08:00:00Z", "estimated_num_direct_beneficiaries": "75", "estimated_num_indirect_beneficiaries": "", "checked_by_date": null, "estimation_date": "0015-01-15T08:00:00Z", "checked_by": 3, "expected_duration": " One day", "finance_reviewed_by_date": null, "account_code": "8500", "documentation_community_approval": "", "estimated_by": 6, "description_of_government_involvement": "DAIL department is an enabling actor at the selected value chains, therefor the (Exhibition of Ag-Inputs for the Market Linkage).) would be coordinated with DAIL by Bost Input Suppliers\u2019 Association, and the planned Ag-Inputs Exhibition would be observed and certified by DAIL department."}, "model": "activitydb.projectagreement", "pk": 15}, {"fields": {"sector": 11, "reviewed_by_date": null, "office": null, "total_estimated_budget": "204", "lin_code": "", "program_objectives": "Objective 1:  Improve agricultural yields of high potential licit crop systems\t", "effect_or_impact": "The business of Input Suppliers will be promoted and improved and they will be able to maintain good business relationship to the relevant market chain actors, this will result in strengthening the market linkages as well as increase in sales and profitability.", "cod_num": "", "approval_remarks": "", "estimated_by_date": null, "mc_estimated_budget": "204", "project_type": 3, "approval": "", "create_date": "2015-05-07T07:01:15Z", "project_design": "", "partners": false, "activity_code": "32550A006", "reviewed_by": 8, "average_household_size": "7", "description_of_project_activities": "Traders, processors and agriculture input-suppliers involved in SAGAL selected value chains will be trained in sales and marketing so they could learn to generate market strategy; training will be in the following topics.\r\n\r\n1.\tGeneral information about marketing\r\n2.\tBasic Marketing\r\n1.\tMarket segmentation\r\n2.\tMarket analysis & research\r\n3.\tMarketing strategy development\r\n4.\tMarket linkages\r\n5.\tCustomers relationship management\r\n6.\tCompetitors analysis\r\n7.\tProduct development, demand and supply\r\nThe following activities will be undertaken during implementation of the project:\r\n1.\tPreparation of PA and BQ.\r\n2.\tSelection of training participants.\r\n3.\tCoordinate the training idea with the trainer and get their confirmation.\r\n4.\tPreparation of training plan and training conducting schedule.\r\n5.\tProcurement process.\r\n6.\tConducting the technical training according to the schedule\r\n7.\tProviding of training material.\r\n8.\tEvaluation of the training.\r\nPrepare training recommendation and completion report.\r\n", "staff_responsible": "", "program": 67, "approved_by": null, "beneficiary_type": "input suppliers, traders and processors", "approved_by_date": null, "justification_description_community_selection": "SAGAL Uruzgan team will conduct meetings with Agriculture input suppliers, traders and processors of Trinkot and Dehrawod districts and will discuss about the marketing training for them. \r\n\uf076\t12th grade graduated and experienced trainees will be selected for this training.\r\n\uf076\tThe training will be conducted in the Oruzgan MCA field office.\r\n\uf076\tTraining will be given to the targeted selected agriculture input suppliers and processors\r\n\uf076\tParticipatory learning approach will be practiced during the training.\r\n\uf076\tTraining materials will be designed according to their needs to help in solving their problems.\r\n\uf076\tFocus will be given on quality of the training and participation of the trainee.\r\n\uf076\tHolding a feedback session on the day to help them to reflect on what they have learnt\r\n", "description_of_community_involvement": "", "finance_reviewed_by": null, "project_name": "Marketing training - agriculture input suppliers, traders - processors", "approval_submitted_by": null, "edit_date": "2015-05-07T07:01:15Z", "me_reviewed_by": null, "evaluate": null, "documentation_government_approval": "", "mc_objectives": "Utilizing private sector development, M4P and community engagement as key tools for programs, Mercy corps will engage with pre and post production farming and agribusiness to achieve higher productivity, higher incomes and sustainable land use for food security.\r\n", "expected_end_date": "2015-02-25T08:00:00Z", "me_reviewed_by_date": null, "community": [], "project_type_other": "Women's Project", "project_proposal": 36, "name_of_partners": "", "date_of_request": null, "justification_background": "General Background and Problem Statement:\r\nSupporting the services of agriculture input suppliers and private sector are the key activity based on SAGAL work plan and SAGAL is an agricultural program that promotes income generation and job creation through increased commercial agricultural opportunities for Afghan farmers in poppy-prone areas.  In addition to improving the quality and quantity of products in specific value chains\u2014almond and cumin in Oruzgan \u2014the project also works with DAIL, farmers, processors, associations, input suppliers and other stakeholders to develop sustainable value chains by strengthening connections between agricultural and industrial/commercial intermediaries to enable the development of higher value products for national, regional and international sales.\r\nAs most of the businesses in Afghanistan are run with no record, no market system totally lacks in most business which creates lots of problems for both the business owners and investors. Marketing training will enable the businesses to adopt proper business principles and methodologies so that they could maintain proper market of all business activities.\r\nWith establishment of efficient sales and marketing management System the business related information or data records can be well organized for analysis or decision making which can ultimately results in higher sales and profitability.\r\n", "project_activity": "Marketing training - agriculture input suppliers, traders - processors", "external_stakeholder_list": "", "capacity": "Plans for follow-up made during life of project", "expected_start_date": "2015-02-08T08:00:00Z", "estimated_num_direct_beneficiaries": "15", "estimated_num_indirect_beneficiaries": "105", "checked_by_date": null, "estimation_date": "2015-02-01T08:00:00Z", "checked_by": 8, "expected_duration": "17 days", "finance_reviewed_by_date": null, "account_code": "8500", "documentation_community_approval": "", "estimated_by": 8, "description_of_government_involvement": "MOU is signed with Government and is attached"}, "model": "activitydb.projectagreement", "pk": 16}, {"fields": {"sector": 11, "reviewed_by_date": null, "office": null, "total_estimated_budget": "259", "lin_code": "", "program_objectives": "Objective 1:  Improve agricultural yields of high potential licit crop systems  ", "effect_or_impact": "1.\tAfter getting TOT on IPM the Oruzgan Agriculture students and Plant Protectionists will train farmers on IPM focusing on effective usage of agriculture medicine, Improving productivity and quality of vegetables, fruits and other crops to obtain greater incomes, better employment and trade opportunities between market stakeholders\r\n2.\tThe more farmers get IPM trainings will lead to enhanced access to appropriate varieties of medicines from the Input Suppliers at a reasonable cost.\r\n", "cod_num": "", "approval_remarks": "", "estimated_by_date": null, "mc_estimated_budget": "259", "project_type": 3, "approval": "", "create_date": "2015-05-07T07:25:00Z", "project_design": "", "partners": false, "activity_code": "32550A007", "reviewed_by": 8, "average_household_size": "7", "description_of_project_activities": "Agriculture students and Plant Protectionists will be trained in IPM-TOT so they could expand the knowledge learnt to farmers to educate them in control of pests; training will cover the following topics.\r\n\r\n1.\tGeneral explaining of IPM\r\n2.\tIntroduction and kinds of pests\r\n1.\tEffective agriculture practices to manage pest control\r\n2.\tStrategic controls of pests\r\n3.\tChemical control of pests and\r\n4.\tBiological control of pests\r\n\r\nThe following activities will be undertaken during implementation of the project:\r\n1.\tPreparation of PA and BQ.\r\n2.\tSelection of trainees.\r\n3.\tCoordinate the training idea with the trainer and get their confirmation.\r\n4.\tPreparation of training plan and training schedule.\r\n5.\tDo necessary procurements. \r\n6.\tProviding of training material.\r\n7.\tConducting the technical training according to the schedule\r\n8.\tPre and Post evaluation of the training.\r\n9.\tPrepare training recommendation and completion report.  \r\n", "staff_responsible": "", "program": 67, "approved_by": null, "beneficiary_type": "Agriculture students and Plant Protectionists", "approved_by_date": null, "justification_description_community_selection": "SAGAL Oruzgan team will send official letter to Oruzgan DAIL and university to introduce potential trainees for this TOT in IPM under below criteria, \r\n\uf076\t12th grade graduated and experienced trainees will be selected for this training.\r\n\uf076\tThe training will be conducted in the Oruzgan MCA field office.\r\n\uf076\tTraining will be given to the targeted selected Agriculture students and Plant Protectionists \r\n\uf076\tTraining materials will be designed according to their needs to help in solving their problems.\r\n\uf076\tFocus will be given on participation of the trainees to ensure high quality of understanding.\r\n\uf076\tGetting their feedback on the last day to help them to reflect on what they have learnt.\r\n", "description_of_community_involvement": "", "finance_reviewed_by": null, "project_name": "TOT - Pest Management - Agriculture mechanism ", "approval_submitted_by": null, "edit_date": "2015-05-07T07:25:00Z", "me_reviewed_by": null, "evaluate": null, "documentation_government_approval": "", "mc_objectives": "Utilizing private sector development, M4P and community engagement as key tools for programs, Mercy corps will engage with pre and post production farming and agribusiness to achieve higher productivity, higher incomes and sustainable land use for food security.", "expected_end_date": "2015-02-26T08:00:00Z", "me_reviewed_by_date": null, "community": [], "project_type_other": "Women's Project", "project_proposal": 38, "name_of_partners": "Urozgan University  students & DAIL staff                        ", "date_of_request": null, "justification_background": "General Background and Problem Statement:\r\nBuild capacity of DAIL extension and train farmers through DAIL are the basic activities in SAGAL work plan, SAGAL   Oruzgan team conducted training need assessment of DAIL and farmers, they require various training, after  analyzing and priority MC-Oruzgan selected IPM training which is so essential and effective to conduct for them \r\nBy this training we aim to upgrade the capacity of Agriculture students and Plant Protectionists to build a strong working relation with farmers in the field and deliver the knowledge they learned.\r\n", "project_activity": "TOT - Pest Management - Agriculture mechanism ", "external_stakeholder_list": "", "capacity": "Training of project participants to administer/maintain", "expected_start_date": "2015-02-18T08:00:00Z", "estimated_num_direct_beneficiaries": "20", "estimated_num_indirect_beneficiaries": "140", "checked_by_date": null, "estimation_date": "2015-02-17T08:00:00Z", "checked_by": 8, "expected_duration": "9 days", "finance_reviewed_by_date": null, "account_code": "8500", "documentation_community_approval": "", "estimated_by": 8, "description_of_government_involvement": "MOU is signed with Government and is attached  "}, "model": "activitydb.projectagreement", "pk": 17}, {"fields": {"sector": 11, "reviewed_by_date": null, "office": null, "total_estimated_budget": "757", "lin_code": "", "program_objectives": "Objective 5: Increased government accountability to citizens, participatory community governance and inclusive planning for rural communities", "effect_or_impact": "1.\tBuilding sub-national governance linkages between DDAs and CSOs will enhance their capacity to coordinate well on community issues with relevant governmental institutions and so far contribute in community development on district and provincial level. \r\n2.\tThere will be better communication linkages between DDAs and CSOs members as well as they could smoothly coordinate and cooperate with government departments in the future.\r\n3.\tThe DDAs members will train the CDCs members in the districts and CDCs will deliver the same trainings to the people who are living in their districts.\r\n", "cod_num": "", "approval_remarks": "", "estimated_by_date": null, "mc_estimated_budget": "757", "project_type": 3, "approval": "", "create_date": "2015-05-07T09:23:56Z", "project_design": "", "partners": false, "activity_code": "32550A010", "reviewed_by": 8, "average_household_size": "7", "description_of_project_activities": "\u2022\tMCA-SAGAL community mobilization officer will prepare the list of participants who are going to participate in the good governance training of the SAGAL program.\r\n\u2022\tSend the invitation letters/meeting to selected trainee to participate in good governance training \r\n\u2022\tFind suitable trainer for good governance training. \r\nProvide report on the training and make a conclusion of training\r\n", "staff_responsible": "", "program": 67, "approved_by": null, "beneficiary_type": "DDAs & CSOs", "approved_by_date": null, "justification_description_community_selection": "\u2022\tSAGAL representative will meet the individual DDAs & CSOs staffs and they will introduce a person for the training and based on the following criteria the MCA-SAGAL representative will select the participants of the governance training: \r\n\u2022\tThe trainee must be from DDA and CSO.\r\n\u2022\tThe trainee must be having knowledge at least 12 class graduated \r\n\u2022\tThe trainee must be having the ability of understanding \r\n\u2022\tThe participants of the training are able to transfer the program information to the other members of DDAs, CSOs in their districts.\r\nThe participants must be having ability to conduct training for others in districts.\r\n", "description_of_community_involvement": "", "finance_reviewed_by": null, "project_name": "TOT-Good Governance Training to DDAs & CSos", "approval_submitted_by": null, "edit_date": "2015-05-07T09:23:56Z", "me_reviewed_by": null, "evaluate": null, "documentation_government_approval": "", "mc_objectives": "Utilizing private sector development, M4P and community engagement as key tools for programs, Mercy corps will engage with pre and post production farming and agribusiness to achieve higher productivity, higher incomes and sustainable land use for food security.", "expected_end_date": "2015-03-10T07:00:00Z", "me_reviewed_by_date": null, "community": [], "project_type_other": "Women's Project", "project_proposal": 39, "name_of_partners": "N/A", "date_of_request": null, "justification_background": "JUSTIFICATION:  \r\nDDAs and CSO members will learn about the good governance system in Afghanistan and how to coordinate and cooperate with governmental institutions. They will understand the responsibilities of people, community based organizations and of government departments or the role of government to the people. The participants of this training will understand importance of good communication and linkages between DDAs, CSOs and other community based associations to deliver the messages to their members,\r\nGeneral Background and Problem Statement:\r\nDDAs and CSOs are the connection points between communities and governmental units, they conveys the needs, troubles and challenges of communities to each of the line departments and struggles for appropriate resolutions. MRRD, donor organizations and some National/ international NGOs have apparently executed extensive trainings to community substructures but the presence of current domestic conflicts and uncertainties indicates that there is still need to contribute in public literacy and awareness in order to bring peace and development, SAGAL Oruzgan team therefore commenced to organize a good governance training for strengthening the capability of DDAs and CSOs. After receiving this training the participants would be able expand the knowledge to members of other relevant institutions to make them able to serve their communities for stable and prosperous nation. The training will help in maintaining strong communications among their members and members of other institutions and will also help in the creation of confidence, trust, reliance environment and establishment of linkages between government, DDA and CSOs.\r\n", "project_activity": "TOT-Good Governance Training to DDAs & CSos", "external_stakeholder_list": "", "capacity": "System of linkage to government department", "expected_start_date": "2015-02-20T08:00:00Z", "estimated_num_direct_beneficiaries": "20", "estimated_num_indirect_beneficiaries": "140", "checked_by_date": null, "estimation_date": "2015-02-18T08:00:00Z", "checked_by": 8, "expected_duration": "20 Days", "finance_reviewed_by_date": null, "account_code": "8500", "documentation_community_approval": "", "estimated_by": 8, "description_of_government_involvement": "MOU is signed with Government and is attached  "}, "model": "activitydb.projectagreement", "pk": 18}, {"fields": {"sector": 11, "reviewed_by_date": null, "office": null, "total_estimated_budget": "USD 1,176                               ", "lin_code": "", "program_objectives": "Objective 1: Improve agriculture yields of high potential licit crop systems", "effect_or_impact": "DAIL extension department will fully understand about SAGAL program\u2019s objectives and activities, strong coordination will be established. DAIL extension department will be able to train farmers on district levels and MCA- SAGAL will facilitate those trainings in SAGAL targeted districts, DAIL\u2019s extension, forestry, plant protection and coops department will be able to deliver the services directly to the farmers in selected value chains as a result of this enhanced capacity.", "cod_num": "", "approval_remarks": "", "estimated_by_date": null, "mc_estimated_budget": "USD 1,176                                        ", "project_type": 3, "approval": "", "create_date": "2015-05-07T09:55:42Z", "project_design": "", "partners": false, "activity_code": "32550A002", "reviewed_by": 6, "average_household_size": "7", "description_of_project_activities": "Strengthening the institutional capacity of DAIL is the key activity based on SAGAL work plan. SAGAL will organize a 4 days training to DAIL staff in Lashkar Gah and nearby districts of Nawa-e-Barakzai, Nad-e-Ali and Nahri Siraj. This training will include the following activities; \r\n1-\tPreparation of training curriculum (Pashto) by trainer, \r\n2-\tTotal DAIL staff 22X 3 days training.\r\n3-\tOne day training on SAGAL orientation.\r\n4-\tTwo days technical training in Watermelon and Grapes value chains,\r\n5-\tTotal number of days 3 days training,\r\n6-\tPreparation of a Plan for extension in the districts,\r\n7-\tM&E of the training will be continued during the training sessions,\r\n8-\tPre and post training evaluation will be conducted using MCA standard evaluation forms,\r\n9-\tSAGAL Team will write the final training report\r\n", "staff_responsible": "", "program": 67, "approved_by": null, "beneficiary_type": "DAIL Staff ", "approved_by_date": null, "justification_description_community_selection": "SAGAL Helmand team will meet with DAIL Director and discuss about this particular training for DAIL staff and submit a request letter for approval of training and to introduce the target trainees. DAIL Director through an official letter will introduce trainees from provincial as well as from district level sub-departments in our target districts the, Lashkar Gah, Nawa, Grishk and Nad-e-Ali. Focus will be given to those DAIL employees who are directly involved in providing extension education services to farmers engaged in our selected value chains.", "description_of_community_involvement": "", "finance_reviewed_by": null, "project_name": "SAGAL Orientation and Technical Training- Grapes & Watermelon Value Chain-DAIL", "approval_submitted_by": null, "edit_date": "2015-05-07T09:55:42Z", "me_reviewed_by": null, "evaluate": "Pre-post project survey ", "documentation_government_approval": "", "mc_objectives": "Utilizing private sector development, M4P and community engagement as key tools for programs, Mercy corps will engage with pre and post production farming and agribusiness to achieve higher productivity, higher incomes and sustainable land use for food security.", "expected_end_date": "0014-12-31T08:00:00Z", "me_reviewed_by_date": null, "community": [], "project_type_other": "Energy Efficiency Project", "project_proposal": 7, "name_of_partners": " DAIL ", "date_of_request": null, "justification_background": ":  MCA created a strong working relation with DAIL and worked in close coordination since few years. We felt and found the gaps that DAIL\u2019s staff requires training in terms of extension, market linkage, post- harvesting, IPM and new agriculture practices. By this training we aims to upgrade the capacity of DAIL\u2019s staff to build a strong working relation with farmers in the field and deliver the knowledge they learned.\r\nDAIL lacks capacity on the improved practices and technological changes that is happening in the selected value-chains of the SAGAL project. \r\n", "project_activity": "SAGAL Orientation and Technical Training- Grapes & Watermelon Value Chain-DAIL", "external_stakeholder_list": "", "capacity": null, "expected_start_date": "0014-12-01T08:00:00Z", "estimated_num_direct_beneficiaries": "22", "estimated_num_indirect_beneficiaries": "154", "checked_by_date": null, "estimation_date": "0014-11-25T08:00:00Z", "checked_by": 6, "expected_duration": "3", "finance_reviewed_by_date": null, "account_code": "8500", "documentation_community_approval": "", "estimated_by": 6, "description_of_government_involvement": "Approved letter from DAIL submitted to SAGAL"}, "model": "activitydb.projectagreement", "pk": 19}, {"fields": {"sector": 11, "reviewed_by_date": null, "office": null, "total_estimated_budget": "612", "lin_code": "", "program_objectives": "Objective 1:  Improve farmers\u2019 access to finance\r\nActivity 3.1.1 Farmer Financial Awareness Building   \r\n", "effect_or_impact": "1.\tThe CDCs, Association, cooperative and interest farmers will understand the overall objectives of the program which will help to pave the way for the smooth running of the program.\r\n2.\tThe key members of community will path the way to farmers for aware agriculture loan and solve their financial problem. \r\n", "cod_num": "", "approval_remarks": "", "estimated_by_date": null, "mc_estimated_budget": "612", "project_type": 3, "approval": "", "create_date": "2015-05-07T09:31:46Z", "project_design": "", "partners": true, "activity_code": "32550A009", "reviewed_by": 4, "average_household_size": "7", "description_of_project_activities": "1-\tAwareness CDCs, Association and active cooperatives representative \r\n2-\tConduct financial awareness work shop  \r\n", "staff_responsible": "", "program": 67, "approved_by": null, "beneficiary_type": "Farmers", "approved_by_date": null, "justification_description_community_selection": "The participants will be introduced by the lone Bank representative and their procedure.", "description_of_community_involvement": "", "finance_reviewed_by": null, "project_name": "Farmers Finasncial Awarenes and Financial Literacy", "approval_submitted_by": null, "edit_date": "2015-05-07T09:31:46Z", "me_reviewed_by": null, "evaluate": "Observations/interviews", "documentation_government_approval": "", "mc_objectives": "Utilizing private sector development, M4P and community engagement as key tools for programs, Mercy corps will engage with pre and post production farming and agribusiness to achieve higher productivity, higher incomes and sustainable land use for food security.\r\n1.\tKey tool used: Private sector development/M4P/Community engagement\r\n2.\tEngagement with: Pre-production/Post-production/Agribusiness\r\n3.\tAimed at: Higher productivity/Higher Incomes/Food Security", "expected_end_date": "2014-12-30T08:00:00Z", "me_reviewed_by_date": null, "community": [], "project_type_other": "Energy Efficiency Project", "project_proposal": 50, "name_of_partners": "DAIL", "date_of_request": null, "justification_background": "According the collected information from farmers in Parwan province they have financial problem for improving their agriculture production, especially in two high income value chains Grape and Onion   ", "project_activity": "Farmers Finasncial Awarenes and Financial Literacy", "external_stakeholder_list": "", "capacity": null, "expected_start_date": "2014-12-24T08:00:00Z", "estimated_num_direct_beneficiaries": "50", "estimated_num_indirect_beneficiaries": "", "checked_by_date": null, "estimation_date": "2014-12-14T08:00:00Z", "checked_by": 4, "expected_duration": "six days", "finance_reviewed_by_date": null, "account_code": "8500", "documentation_community_approval": "", "estimated_by": 4, "description_of_government_involvement": "The project idea was discussed with the Department of Agriculture, Local government and selected communities. Written approval has been received from the relevant government department."}, "model": "activitydb.projectagreement", "pk": 20}, {"fields": {"sector": 11, "reviewed_by_date": null, "office": null, "total_estimated_budget": "1140", "lin_code": "", "program_objectives": "Objective 5: improve sub- national governance systems.", "effect_or_impact": "This training is for local governance and socio-cultural institutions (DDAs, CDCs, CSOs & district governor office staff) working in the field of businesses, civil services & human rights and have interest in acquiring more assets to better protect and develop community on district and village levels. At the end of the training the participants will become more familiar with human rights and democracy helping the community-based organizations, government and corporate actors to take action to respect human rights to prevent violence and exploitation among society. After getting this training a close coordination and linkages will be established between DDAs, CDCs, CSOs, and representatives of government", "cod_num": "", "approval_remarks": "", "estimated_by_date": null, "mc_estimated_budget": "1140", "project_type": 3, "approval": "", "create_date": "2015-05-07T10:09:49Z", "project_design": "", "partners": false, "activity_code": "32550A009", "reviewed_by": 8, "average_household_size": "7", "description_of_project_activities": "\u25cf\tCommunity Mobilization officer will prepare lists of trainees for human right training \r\n\u25cf\tSelect professional trainer \r\n\u25cf\tArrange training venues in Tarin kot and Dihrawud \r\n\u25cf\tSend invitation letters to trainees \r\n\u25cf\tPut PR and order forms for training expenditures\r\n\u25cf\tConduct training in Tarin Kot and Dihrawud \r\nAccomplish all documents and write the final project report.\r\n", "staff_responsible": "", "program": 67, "approved_by": null, "beneficiary_type": "50 DDAs, CSOs, CDCs & government ", "approved_by_date": null, "justification_description_community_selection": "Community mobilization officer will meet with representatives of DDAs, CSOs and government to select potential trainees for this training by having below criteria, \r\n\u25cf\tBe members of DDAs, CDCs, CSOs and representatives of Government institutions.\r\nTrainees should have ability of understanding to transfer the information to other members of DDAs, CSOs, CDCs and government.\r\n", "description_of_community_involvement": "MoU is signed with DDAs, CSOs", "finance_reviewed_by": null, "project_name": "Human Rights Training to DDAs, CDCs, CSOs and Government Representatives", "approval_submitted_by": null, "edit_date": "2015-05-07T10:09:49Z", "me_reviewed_by": null, "evaluate": "Observations/interviews", "documentation_government_approval": "YES", "mc_objectives": "Utilizing private sector development, M4P and community engagement as key tools for programs, Mercy corps will engage with pre and post production farming and agribusiness to achieve higher productivity, higher incomes and sustainable land use for food security.", "expected_end_date": "2015-03-30T07:00:00Z", "me_reviewed_by_date": null, "community": [], "project_type_other": "Women's Project", "project_proposal": 59, "name_of_partners": "", "date_of_request": null, "justification_background": "Decades of wars, domestic conflicts, illicit businesses, insurgencies, poverty, and Illiteracy have caused instability and declining respect for human rights in the country. Human rights violation has always been discussed with serious concerns and international organizations have blamed the Afghan government for failing to establish human rights. People with learning disabilities are vulnerable to human rights violations and thus creating a need for human rights education for both community based organizations and government institutions. SAGAL has therefore included the strengthening of local governance in its main objectives under which we intend to build the capacity of DDAs, CDCs, CSOs and relevant government stakeholders in different disciplines. At the end of the training,\r\n\u25cf\tThe participants of this training will learn about Human Rights and their impact on positive change in attitudes of people and will gain a better understanding about the process, challenges that can be met, but also strategies to overcome these difficulties. \r\n\u25cf\tThey will understand responsibilities and rights of women, children, youngsters, elders, disable people as well as the role of government institutions. \r\nThe representatives of DDAs, CDCs, CSOs and government will understand how they can strengthen coordination, linkages and trust between people and government to reduce conflicts, violence, exploitation and crimes in society.\r\n", "project_activity": "Human Rights Training to DDAs, CDCs, CSOs and Government Representatives", "external_stakeholder_list": "", "capacity": "Training of project participants to administer/maintain", "expected_start_date": "2015-03-05T08:00:00Z", "estimated_num_direct_beneficiaries": "50", "estimated_num_indirect_beneficiaries": "350", "checked_by_date": null, "estimation_date": "2015-03-11T07:00:00Z", "checked_by": 8, "expected_duration": "25 Days", "finance_reviewed_by_date": null, "account_code": "8500", "documentation_community_approval": "", "estimated_by": 8, "description_of_government_involvement": "MoU is signed with DDAs, CSOs and District Government "}, "model": "activitydb.projectagreement", "pk": 21}, {"fields": {"sector": 10, "reviewed_by_date": "2012-08-15T07:00:00Z", "office": null, "total_estimated_budget": "0", "lin_code": "", "program_objectives": "", "effect_or_impact": "", "cod_num": "", "approval_remarks": "", "estimated_by_date": "2012-08-15T07:00:00Z", "mc_estimated_budget": "700", "project_type": 3, "approval": "approved", "create_date": "2015-05-07T10:11:28Z", "project_design": "", "partners": true, "activity_code": "90939A001", "reviewed_by": 7, "average_household_size": "7", "description_of_project_activities": "", "staff_responsible": "", "program": 61, "approved_by": 7, "beneficiary_type": "DDA members", "approved_by_date": "2012-08-15T07:00:00Z", "justification_description_community_selection": "", "description_of_community_involvement": "", "finance_reviewed_by": 7, "project_name": "DDA Capacity building training", "approval_submitted_by": 7, "edit_date": "2015-05-07T10:11:28Z", "me_reviewed_by": 7, "evaluate": " As part of baseline/end line evaluation", "documentation_government_approval": "", "mc_objectives": "", "expected_end_date": "2012-08-29T07:00:00Z", "me_reviewed_by_date": "2012-08-15T07:00:00Z", "community": [2], "project_type_other": "Women's Project", "project_proposal": 61, "name_of_partners": "DDA and DRRD", "date_of_request": null, "justification_background": "", "project_activity": "DDA Capacity building training", "external_stakeholder_list": "", "capacity": "Practical involvement of participants in the project", "expected_start_date": "2012-08-26T07:00:00Z", "estimated_num_direct_beneficiaries": "90", "estimated_num_indirect_beneficiaries": "630", "checked_by_date": "2012-08-15T07:00:00Z", "estimation_date": "2012-08-26T07:00:00Z", "checked_by": 7, "expected_duration": "3 days ", "finance_reviewed_by_date": null, "account_code": "", "documentation_community_approval": "", "estimated_by": 7, "description_of_government_involvement": ""}, "model": "activitydb.projectagreement", "pk": 22}, {"fields": {"sector": 11, "reviewed_by_date": null, "office": null, "total_estimated_budget": "4338", "lin_code": "", "program_objectives": "Improve agricultural yields of high potential licit crop systems", "effect_or_impact": "Good agriculture practice effect directly on quantity and quality of products, land preparation training will help farmers to prepare fertilized and suitable bed for cultivation and they will gain high quality product easily.", "cod_num": "", "approval_remarks": "", "estimated_by_date": null, "mc_estimated_budget": "2318", "project_type": 3, "approval": "", "create_date": "2015-05-07T10:25:24Z", "project_design": "", "partners": true, "activity_code": "32550A010", "reviewed_by": 8, "average_household_size": "7", "description_of_project_activities": "\u25cf\tCommunity Mobilization officer will assist with Oruzgan Farmers association to prepare lists of beneficiary for land preparation training \r\n\u25cf\tSelect professional trainer \r\n\u25cf\tprepare training room for training in Tarin Kot and Dihrawud \r\n\u25cf\tSend invitation letters/phone call to trainees by Oruzgan Farmers Association  \r\n\u25cf\tPut PR and order form for expenditure of training \r\n\u25cf\tConduct training in Tarin Kot and Dihrawud \r\n\u25cf\tWrite final and completion report of training.\r\n", "staff_responsible": "", "program": 67, "approved_by": null, "beneficiary_type": "Farmers", "approved_by_date": null, "justification_description_community_selection": "Land preparation training will conduct by Urozgan Farmers association to farmers so farmer association  will invite/ phone call to worthy farmers and invite them for training, trainees should have criteria as below:\r\n\u25cf\tTrainees should be farmer\r\n\u25cf\tHas ability of understanding\r\n\u25cf\tAble to apply learned topics in his own field and share training material with other farmers in area.\r\n", "description_of_community_involvement": "", "finance_reviewed_by": null, "project_name": "Pre- Production land preparation training to farmers by association -TOF ", "approval_submitted_by": null, "edit_date": "2015-05-07T10:25:24Z", "me_reviewed_by": null, "evaluate": "Pre-post project survey ", "documentation_government_approval": "", "mc_objectives": "MC strategic Objective: Aimed at Higher productivity, Higher Incomes", "expected_end_date": "2015-03-30T07:00:00Z", "me_reviewed_by_date": null, "community": [], "project_type_other": "Women's Project", "project_proposal": 60, "name_of_partners": "Urozgan Farmers Association ", "date_of_request": null, "justification_background": "MCA SAGAL aim to reach farmers to high quality products and select many crops as value chain, so MCA SAGAL anticipates training about land preparation to farmers which will conduct by Oruzgan Farmers association. As Land preparation will effect directly on quality and quantity of products so after this training farmers will gain high quality and more products than before, Though this training farmers will understand about preparation of suitable and fertilized bed for cultivation, removing of weeds from field, designation of plots and irrigation system, treatment of soil with pesticides, soil PH and other tillage practice", "project_activity": "Pre- Production land preparation training to farmers by association -TOF ", "external_stakeholder_list": "", "capacity": "Provision of Written Guidance", "expected_start_date": "2015-03-10T07:00:00Z", "estimated_num_direct_beneficiaries": "200", "estimated_num_indirect_beneficiaries": "1400", "checked_by_date": null, "estimation_date": "2012-03-03T08:00:00Z", "checked_by": 8, "expected_duration": "20 Days", "finance_reviewed_by_date": null, "account_code": "8500", "documentation_community_approval": "", "estimated_by": 8, "description_of_government_involvement": "Description of Government Involvement/Approval\r\nAs there is no wide training room in MCA Oruzgan office/ association office so Training venue would be coordinate with line department through Oruzgan Farmers Association, As DAIL department is the line department in such kind of activities and has enabling actor role, therefore they will be responsible to Monitor and verify the implementation of this activity.\r\n"}, "model": "activitydb.projectagreement", "pk": 23}, {"fields": {"sector": 11, "reviewed_by_date": null, "office": null, "total_estimated_budget": "548", "lin_code": "", "program_objectives": "Increase economic return for high potential licit crop systems. ", "effect_or_impact": "Due to this project MC SAGAL will support the farmers through DAIL in farmer day which is conducted every year in each province and as a result of this will encourage the farmers regarding their business and production. The celebration of this farmer day is the most important opportunity for linking farmers from center as well as districts to DAIL staff, traders, processors, NGOs and DAIL who are going to exhibit their agriculture tools and raw inputs.", "cod_num": "", "approval_remarks": "", "estimated_by_date": null, "mc_estimated_budget": "548", "project_type": 3, "approval": "", "create_date": "2015-05-07T11:04:03Z", "project_design": "", "partners": true, "activity_code": "32550A011", "reviewed_by": 8, "average_household_size": "7", "description_of_project_activities": "The MCA SAGAL Agriculture team will meet with DAIL staff to discuss its facilitation role in the farmers\u2019 day celebration. SAGAL team would like to support the participation of 120 farmers in the farmer day in order to establish cross linkages between farmers, traders, input suppliers and other relevant stakeholders. \r\n\r\nThe following activities will be undertaken during implementation of the project:\r\n1.\tSelection of farmer day participants.\r\n2.\tCoordinate the activities with the DAIL and get their confirmation.\r\n3.\tPreparation of farmer day plan and facilitating the celebration of farmer day according to the schedule.\r\n4.\tEvaluation of the farmer day. \r\n      5.   Prepare recommendation and completion report.\r\n", "staff_responsible": "", "program": 67, "approved_by": null, "beneficiary_type": "Farmers", "approved_by_date": null, "justification_description_community_selection": "1.\tDAIL will select the influential farmers from Tarin Kot and Dihrawud districts.\r\n2.\tThe farmers will be from SAGAL targeted district in Urozgan.\r\n3.\tThe farmers will be selected who are involved in SAGAL selected value chains\r\n4.\tThe selected beneficiaries/farmers must be willing to actively participate in farmers\u2019 day.\r\n5.\tHolding a feedback session on the day to help them to reflect on what they have learnt.\r\n", "description_of_community_involvement": "", "finance_reviewed_by": null, "project_name": " Supporting Farmers to Participate in DAIL\u2019s Farmer Day", "approval_submitted_by": null, "edit_date": "2015-05-07T11:04:03Z", "me_reviewed_by": null, "evaluate": "Observations/interviews", "documentation_government_approval": "", "mc_objectives": "Utilizing private sector development, M4P and community engagement as key tools for programs, Mercy corps will engage with pre and post production farming and agribusiness to achieve higher productivity, higher incomes and sustainable land use for food security.", "expected_end_date": "2014-04-03T07:00:00Z", "me_reviewed_by_date": null, "community": [4], "project_type_other": "Women's Project", "project_proposal": 63, "name_of_partners": "DAIL of Urozgan ", "date_of_request": null, "justification_background": "The National Farmers Day is celebrated on the first day of the first month of each Afghan Calendar year to honour the gracious Farmers and Livestock owners. The event acknowledges the vital position that Farmers and herders occupy in the nation's socio-economic development. This day MAIL/DAIL acknowledges the untiring efforts of farmers and herders at feeding our growing population, providing raw materials to the nation\u2019s industries, and contributing substantially to the nation\u2019s foreign exchange earnings.\r\nDuring the celebration, exhibition is mounted by institutions and individuals to showcase and share new ideas on technological developments and quality input supplies in the agricultural sector in line with our resolution to apply science and technology to modernize our agricultural landscape to achieve higher productivity and profitability\r\n\r\nAs a crucial fact of poor coordination between farmers, input suppliers, buyers and of them with other stakeholders, SAGAL will take the opportunity of this platform to support the participation of 120 farmers directly and many more indirectly by cross linkages. We also aim to strengthen the organizational capacity of DAIL by facilitating such events.\r\n", "project_activity": " Supporting Farmers to Participate in DAIL\u2019s Farmer Day", "external_stakeholder_list": "", "capacity": "Plans for follow-up made during life of project", "expected_start_date": "2015-03-17T07:00:00Z", "estimated_num_direct_beneficiaries": "119", "estimated_num_indirect_beneficiaries": "833", "checked_by_date": null, "estimation_date": "2015-03-15T07:00:00Z", "checked_by": 8, "expected_duration": "18 Days", "finance_reviewed_by_date": null, "account_code": "8500", "documentation_community_approval": "", "estimated_by": 8, "description_of_government_involvement": "Approval of supporting farmers day will be made by Formal exchange of letters with DAIL  "}, "model": "activitydb.projectagreement", "pk": 24}, {"fields": {"sector": 11, "reviewed_by_date": null, "office": null, "total_estimated_budget": "1218", "lin_code": "", "program_objectives": "Improve agricultural yields of high potential licit crop systems  ", "effect_or_impact": "1.\tTrained farmers will learn about high quality pesticides, their proper dosage during each spray, suitable timings of pesticide applications and frequencies or number of applications so the percentage of unnecessary usage of pesticides will be reduced. This will save money and lead to high quality produces.\r\n2.\tThe trained farmers will be able to protect their crops from pests and diseases therefore will produce unimpaired and high quality products.\r\n", "cod_num": "", "approval_remarks": "", "estimated_by_date": null, "mc_estimated_budget": "1218", "project_type": 3, "approval": "", "create_date": "2015-05-07T11:14:31Z", "project_design": "", "partners": true, "activity_code": "32550A012", "reviewed_by": 8, "average_household_size": "7", "description_of_project_activities": "SAGAL Urozgan will conduct a 1 day Integrated Pest management training (IPM) for 150 farmers who are members of Uruzgan farmers Association from Tarin kot and Dihrawud districts, the association with coordination of DAIL will introduce the trainees and manage training room at DAI compound. SAGAL will select a qualified trainer who will prepare the training modules according to the need assessment and besides delivering training will conduct the pre and post training evaluation tests. All activities related to finance, procurement and logistics will be properly planned, documented and approved, and the BOQ for this training is annexed to this PA.  This training will cover fundamentals of IPM, introduction to pests and their different kinds, introduction and different kinds of pesticides, quality and labelling of pesticides, chemical, mechanical and biological controls of pests, methods and side effects of using pesticides as well as weed control practices.", "staff_responsible": "", "program": 67, "approved_by": null, "beneficiary_type": "Farmers", "approved_by_date": null, "justification_description_community_selection": "Urozgan farmers Association in coordination with DAIL Uruzgan will officially introduce appropriate farmers to IPM training, the trainee farmers must be involved in SAGAL selected value chains either be Cumin farmers or Almond orchard owners.   ", "description_of_community_involvement": "", "finance_reviewed_by": null, "project_name": "Pre- production IPM training to farmers by DAIL- TOF", "approval_submitted_by": null, "edit_date": "2015-05-07T11:14:31Z", "me_reviewed_by": null, "evaluate": "Community feedback", "documentation_government_approval": "", "mc_objectives": "Utilizing private sector development, M4P and community engagement as key tools for programs, Mercy corps will engage with pre and post production farming and agribusiness to achieve higher productivity, higher incomes and sustainable land use for food security.", "expected_end_date": "2015-04-30T07:00:00Z", "me_reviewed_by_date": null, "community": [], "project_type_other": "Women's Project", "project_proposal": 64, "name_of_partners": "DAIL extension department ", "date_of_request": null, "justification_background": "Urozgan province has better climatic condition for agriculture with special reference to horticultural crops, lake of extension education for farmers to understand improved agricultural techniques and disease control strategies have restricted them to produce high quality and quantity of their produces.\r\nSAGAL Urozgan team conducted training need assessment of farmers and found that they require various types of trainings so after analyzing the team prioritized the IPM training which will help farmers in identification of disease problems and timely possible solutions. \r\n", "project_activity": "Pre- production IPM training to farmers by DAIL- TOF", "external_stakeholder_list": "", "capacity": "Provision of Written Guidance", "expected_start_date": "2015-04-04T07:00:00Z", "estimated_num_direct_beneficiaries": "100", "estimated_num_indirect_beneficiaries": "700", "checked_by_date": null, "estimation_date": "2015-03-30T07:00:00Z", "checked_by": 8, "expected_duration": "26 Days", "finance_reviewed_by_date": null, "account_code": "8500", "documentation_community_approval": "", "estimated_by": 8, "description_of_government_involvement": "MOU is signed with Government and is attached  "}, "model": "activitydb.projectagreement", "pk": 25}, {"fields": {"updated": null, "modified_by": 1, "name": "Greg Lind", "employee_number": 712259, "country": 1, "title": null, "created": "2015-05-07T23:02:29Z", "user": 1, "countries": [2, 1]}, "model": "djangocosign.userprofile", "pk": 1}, {"fields": {"updated": null, "modified_by": 3, "name": "Mashal Sadat", "employee_number": 327329, "country": 2, "title": null, "created": "2015-05-07T11:02:22Z", "user": 3, "countries": [2]}, "model": "djangocosign.userprofile", "pk": 2}, {"fields": {"updated": null, "modified_by": 5, "name": "Niamatullah Raeeskhil", "employee_number": 101485, "country": 2, "title": null, "created": "2015-05-07T10:45:32Z", "user": 5, "countries": [2]}, "model": "djangocosign.userprofile", "pk": 3}, {"fields": {"updated": null, "modified_by": 2, "name": "Andrew Pham", "employee_number": 954730, "country": 2, "title": null, "created": "2015-05-07T21:23:09Z", "user": 2, "countries": [2]}, "model": "djangocosign.userprofile", "pk": 4}, {"fields": {"updated": null, "modified_by": 7, "name": "Mohammad Osman Hassani", "employee_number": 679352, "country": 2, "title": null, "created": "2015-05-07T10:49:24Z", "user": 7, "countries": [2]}, "model": "djangocosign.userprofile", "pk": 5}, {"fields": {"updated": null, "modified_by": 8, "name": "Abdul Waris Shirzad", "employee_number": 838191, "country": 2, "title": null, "created": "2015-05-07T11:14:30Z", "user": 8, "countries": [2]}, "model": "djangocosign.userprofile", "pk": 6}, {"fields": {"updated": null, "modified_by": 4, "name": "Fareeha Ali", "employee_number": 112756, "country": 2, "title": null, "created": "2015-05-07T10:00:09Z", "user": 4, "countries": [2]}, "model": "djangocosign.userprofile", "pk": 7}, {"fields": {"updated": null, "modified_by": 6, "name": "Shabnam Bina", "employee_number": 965456, "country": 2, "title": null, "created": "2015-05-07T10:49:54Z", "user": 6, "countries": [2]}, "model": "djangocosign.userprofile", "pk": 8}, {"fields": {"sector": 11, "create_date": "2015-04-23T19:39:01Z", "number": "1.1.1", "indicator_type": 3, "owner": 3, "responsible_person": "Provincial program & M&E staff will collect data and report to Kabul M&E through the internal project database.", "means_of_verification": "", "lop_target": "", "comments": "", "source": "Indicator Plan - SAGAL Program", "program": [67], "approved_by": null, "approval_submitted_by": null, "edit_date": "2015-05-03T05:12:08Z", "method_of_analysis": "The number of farmers trained (count) and the number of trainings held (count) will be calculated for reporting  and comparision purposes.", "baseline": "7000", "definition": "This indicator indicates the number of farmers trained by agriculture extention mechanism (extension - DAIL staff, input suppliers, processors, service providers agriculture faculty student, and etc.)in selected value chains defined by the program team as", "name": "1.1.1 # of  farmers trained who are introduced  to new varieties/technologies in the selected value chains crops", "data_collection_method": "Training attendance records (Form 10)", "disaggregation": null, "reporting_frequency": null, "information_use": "This indicator will be monitored and verified by MEL and program staff after a training is completed. The MEL team will verify the figures through frequent filed visit and 10% mobile spot checking. It will be diseminated in M&E matrix and in monthly, quar"}, "model": "indicators.indicator", "pk": 1}, {"fields": {"sector": 11, "create_date": "2015-04-30T09:40:58Z", "number": "1.1.1", "indicator_type": 4, "owner": 3, "responsible_person": "Provincial M&E and program staff will collect data electronically and transfer the data to the cloud base data plateform (ONA) for analysis. The analysis will be done by KBL reporting and analysis group", "means_of_verification": "", "lop_target": "", "comments": "", "source": "Indicator Plan - SAGAL Program", "program": [67], "approved_by": null, "approval_submitted_by": null, "edit_date": "2015-04-30T20:07:01Z", "method_of_analysis": "Using data analysis softwares, average crop yields with licit crops and average total crop yields will be analysed. The results will be reported as a percentage at national and provincial level", "baseline": "0", "definition": "This indicates the percentage increase in agriculture yields by the average yield of licit crops (numerator) and the average yield of total crops of farmers (denominator). This percentage change will be compared to the baseline and endline to measure chan", "name": "1.1.1 % increase in agricultural yields of high potential licit crop systems", "data_collection_method": "Baseline and endline farmer survey", "disaggregation": null, "reporting_frequency": null, "information_use": "This indicator will not be monitored. It will be diseminated through annual reports and final evaluation report."}, "model": "indicators.indicator", "pk": 2}, {"fields": {"sector": 11, "create_date": "2015-04-30T09:59:36Z", "number": "1.1.1.1", "indicator_type": 3, "owner": 3, "responsible_person": "Provincial program & M&E and  staff will collect data and report to Kabul M&E through the internal project database.", "means_of_verification": "", "lop_target": "", "comments": "", "source": "Indicator Plan - SAGAL Program", "program": [67], "approved_by": null, "approval_submitted_by": null, "edit_date": "2015-05-03T05:14:24Z", "method_of_analysis": "The number of beneficiaries trained (count) and the number of trainings held (count) will be calculated for reporting  and comparision purposes.", "baseline": "260", "definition": "This indicator indicates the number of DAIL staff, input suppliers, service providers, agriculture faculty students, etc trained on different  pre and post agriculture topics. This indicator will be disagreegated by provincial level", "name": "1.1.1.1 # of agriculture extension person trained (TOT)", "data_collection_method": "Training attendance records (Form 10)", "disaggregation": null, "reporting_frequency": null, "information_use": "This indicator will be monitored and verified by MEL and program staff after a training is completed. The MEL team will verify the figures through frequent filed visit and 10% mobile spot checking. It will be diseminated in M&E matrix and in monthly, quar"}, "model": "indicators.indicator", "pk": 3}, {"fields": {"sector": 11, "create_date": "2015-04-30T10:04:33Z", "number": "1.1.1.2", "indicator_type": 3, "owner": 3, "responsible_person": "Provincial program & M&E and  staff will collect data and report to Kabul M&E through the internal project database.", "means_of_verification": "", "lop_target": "", "comments": "", "source": "Indicator Plan - SAGAL Program", "program": [67], "approved_by": null, "approval_submitted_by": null, "edit_date": "2015-05-03T05:14:55Z", "method_of_analysis": "The number of farmers trained (count) and the number of trainings held (count) will be calculated for reporting  and comparision purposes.", "baseline": "1000", "definition": "This indicator indicates the number of famers trained through agriculture extenion mechanism (DAIL staff, input suppliers, service providers, agriculture faculty students, etc). This indicator will be disagreegated by provincial level", "name": "1.1.1.2 # of farmers trained through agricultural extension mechanism", "data_collection_method": "Training attendance records (Form 10)", "disaggregation": null, "reporting_frequency": null, "information_use": "This indicator will be monitored and verified by MEL and program staff after a training is completed. The MEL team will verify the figures through frequent filed visit and 10% mobile spot checking. It will be diseminated in M&E matrix and in monthly, quar"}, "model": "indicators.indicator", "pk": 4}, {"fields": {"sector": 11, "create_date": "2015-04-30T10:08:36Z", "number": "1.1.1.3", "indicator_type": 3, "owner": 3, "responsible_person": "Provincial program & M&E and  staff will collect data and report to Kabul M&E through the internal project database.", "means_of_verification": "", "lop_target": "", "comments": "", "source": "Indicator Plan - SAGAL Program", "program": [67], "approved_by": null, "approval_submitted_by": null, "edit_date": "2015-05-03T05:20:54Z", "method_of_analysis": "The number of farmers trained (count) and the number of trainings held (count) will be calculated for reporting  and comparision purposes.", "baseline": "6000", "definition": "This indicator indicates the number of famers trained throug associations. This indicator will be disagreegated by provincial level", "name": "1.1.1.3 # of farmers trained through associaitons", "data_collection_method": "Training attendance records (Form 10)", "disaggregation": null, "reporting_frequency": null, "information_use": "This indicator will be monitored and verified by MEL and program staff after a training is completed. The MEL team will verify the figures through frequent filed visit and 10% mobile spot checking. It will be diseminated in M&E matrix and in monthly, quar"}, "model": "indicators.indicator", "pk": 5}, {"fields": {"sector": 11, "create_date": "2015-04-30T10:11:11Z", "number": "1.1.1.4", "indicator_type": 3, "owner": 3, "responsible_person": "Provincial program & M&E staff will collect data and report to Kabul M&E through the internal project database.", "means_of_verification": "", "lop_target": "", "comments": "", "source": "Indicator Plan - SAGAL Program", "program": [67], "approved_by": null, "approval_submitted_by": null, "edit_date": "2015-05-03T05:21:38Z", "method_of_analysis": "The number of associations assisted and trained (count) and the number of trainings held (count) will be calculated for reporting  and comparision purposes.", "baseline": "21", "definition": "This indicator indicates to the number of associations assisted in term of registrations and capacity buidling in pre and post production activities. This indicator will be disagreegated by provincial level", "name": "1.1.1.4 # of associations assisted - Registration & Cropping", "data_collection_method": "Training attendance records (Form 10)", "disaggregation": null, "reporting_frequency": null, "information_use": "This indicator will be monitored and verified by MEL and program staff after a training is completed. The MEL team will verify the figures through frequent filed visit and 10% mobile spot checking. It will be diseminated in M&E matrix and in monthly, quar"}, "model": "indicators.indicator", "pk": 6}, {"fields": {"sector": 11, "create_date": "2015-04-30T10:17:39Z", "number": "1.1.1.5", "indicator_type": 3, "owner": 3, "responsible_person": "Provincial program M&E and  staff will collect data and report to Kabul M&E through the internal project database.", "means_of_verification": "", "lop_target": "", "comments": "", "source": "Indicator Plan - SAGAL Program", "program": [67], "approved_by": null, "approval_submitted_by": null, "edit_date": "2015-05-03T05:22:12Z", "method_of_analysis": "The number of associations trained (count) and the number of trainings held (count) will be calculated for reporting  and comparision purposes.", "baseline": "21", "definition": "This indicator indicates to the number of associations trainined in business planning and leadership . This indicator will be disagreegated by provincial level", "name": " 1.1.1.5 # of associations assisted-  Business Planning & Leadership", "data_collection_method": "Training attendance records (Form 10)", "disaggregation": null, "reporting_frequency": null, "information_use": "This indicator will be monitored and verified by MEL and program staff after a training is completed. The MEL team will verify the figures through frequent filed visit and 10% mobile spot checking. It will be diseminated in M&E matrix and in monthly, quar"}, "model": "indicators.indicator", "pk": 7}, {"fields": {"sector": 11, "create_date": "2015-05-03T05:11:45Z", "number": "1.1.1.6", "indicator_type": 3, "owner": 3, "responsible_person": "Provincial program M&E and  staff will collect data and report to Kabul M&E through the internal project database.", "means_of_verification": "", "lop_target": "", "comments": "", "source": "Indicator Plan - SAGAL Program", "program": [67], "approved_by": null, "approval_submitted_by": null, "edit_date": "2015-05-03T05:11:45Z", "method_of_analysis": "The number of exposure visit, members, and number of buyers and sellers meets will be calculated for reporting  and comparision purposes.", "baseline": "21", "definition": "This indicator indicates to the number of associations linked (exposure visit, buyer and seller meets and market research) with the market. This indicator will be disagreegated by provincial level", "name": "1.1.1.6 # of Associations assisted - Market Linkages", "data_collection_method": "Training attendance record (Form10), Program records and meeting minutes", "disaggregation": null, "reporting_frequency": null, "information_use": "This indicator will be monitored and verified by MEL and program staff after a training is completed. The MEL team will verify the figures through frequent filed visit and 10% mobile spot checking. It will be diseminated in M&E matrix and in monthly, quar"}, "model": "indicators.indicator", "pk": 8}, {"fields": {"sector": 11, "create_date": "2015-05-03T05:27:09Z", "number": "1.1.1.7", "indicator_type": 3, "owner": 3, "responsible_person": "Provincial program & M&E and  staff will collect data and report to Kabul M&E through the internal project database.", "means_of_verification": "", "lop_target": "", "comments": "", "source": "Indicator Plan - SAGAL Program", "program": [67], "approved_by": null, "approval_submitted_by": null, "edit_date": "2015-05-03T05:27:09Z", "method_of_analysis": "The number of association provided advocay (count) and the numbers of training provided to (count) will be calucated for reporting and comparision purposes", "baseline": "21", "definition": "This indicaotr indicates to the number of associations trained in advocay related activities. This indicator will be diagreegated by provincial level", "name": "1.1.1.7 # of Associations assisted - Advocacy", "data_collection_method": "Program and training (Form 10) records", "disaggregation": null, "reporting_frequency": null, "information_use": "This indicator will be monitored and verified by MEL and program staff after a training is completed. The MEL team will verify the figures through frequent filed visit and 10% mobile spot checking. It will be diseminated in M&E matrix and in monthly, quar"}, "model": "indicators.indicator", "pk": 9}, {"fields": {"sector": 11, "create_date": "2015-05-03T05:32:37Z", "number": "1.2.1", "indicator_type": 4, "owner": 3, "responsible_person": "Provincial M&E and program staff will collect data electronically and transfer the data to the cloud base data plateform for analysis. The analysis will be done by KBL reporting and analysis group", "means_of_verification": "", "lop_target": "", "comments": "", "source": "Indicator Plan - SAGAL Program", "program": [67], "approved_by": null, "approval_submitted_by": null, "edit_date": "2015-05-03T05:32:37Z", "method_of_analysis": "Using data analysis softwears, the number of inputsuppliers trained (count) and the number of input suppliers reach out to farmers (coult) and the % increase will be calcuated for reporting and comparision purposes.", "baseline": "", "definition": "This indicator applies to trained input suppliers, who reached to the farmers in term of providing new agriculture inputs such as fertilizer, pesticides, and veterinary medicines. The percentage change will be compared to the base line and endline to meas", "name": "1.2.1  Increase in % of farmers reached by input suppliers ", "data_collection_method": "Base line and endline input supplier and  farmer survey", "disaggregation": null, "reporting_frequency": null, "information_use": "This indicator will not be monitored. It will be diseminated through annual reports and final evaluation report."}, "model": "indicators.indicator", "pk": 10}, {"fields": {"sector": 11, "create_date": "2015-05-03T05:37:31Z", "number": "1.2.1", "indicator_type": 3, "owner": 3, "responsible_person": "Provincial programM&E and  staff will collect data and report to Kabul M&E through the internal project database.", "means_of_verification": "", "lop_target": "", "comments": "", "source": "Indicator Plan - SAGAL Program", "program": [67], "approved_by": null, "approval_submitted_by": null, "edit_date": "2015-05-03T05:37:31Z", "method_of_analysis": "The number of input suppliers supported will be calculated for reporting and comparison purposes.", "baseline": "70", "definition": "This indicator applies to the number of the input suppliers who are supported by providing incentives. The indicator will be disaggregated by provincial level.", "name": "1.2.1 # of input suppliers supported licit livelihoods through seeds and other agricultural input supplies ", "data_collection_method": "Distribution list (Form 9)", "disaggregation": null, "reporting_frequency": null, "information_use": "This indicator will be monitored and verified by MEL and program staff after a training is completed. The MEL team will verify the figures through frequent filed visit and 10% mobile spot checking. It will be diseminated in M&E matrix and in monthly, quar"}, "model": "indicators.indicator", "pk": 11}, {"fields": {"sector": 11, "create_date": "2015-05-03T05:58:32Z", "number": "1.2.1.1", "indicator_type": 3, "owner": 3, "responsible_person": "Provincial program M&E and  staff will collect data and report to Kabul M&E through the internal project database.", "means_of_verification": "", "lop_target": "", "comments": "", "source": "Indicator Plan - SAGAL Program", "program": [67], "approved_by": null, "approval_submitted_by": null, "edit_date": "2015-05-03T06:26:51Z", "method_of_analysis": "The number of input suppliers supported will be calculated for reporting and comparison purposes.", "baseline": "49", "definition": "This indicator applies to the number of the input suppliers who are supported ( providing agriculture inputs - seeds, fertilizers, etc.). The indicator will be disaggregated by provincial level.", "name": " 1.2.1.1 # of Input Suppliers supported through seeds and other agricultural input supplies ", "data_collection_method": "Distribution list (Form 9)", "disaggregation": null, "reporting_frequency": null, "information_use": "This indicator will be monitored and verified by MEL and program staff after a training is completed. The MEL team will verify the figures through frequent filed visit and 10% mobile spot checking. It will be diseminated in M&E matrix and in monthly, quar"}, "model": "indicators.indicator", "pk": 12}, {"fields": {"sector": 11, "create_date": "2015-05-03T06:03:50Z", "number": "1.2.1.2", "indicator_type": 3, "owner": 3, "responsible_person": "Provincial program M&E and  staff will collect data and report to Kabul M&E through the internal project database.", "means_of_verification": "", "lop_target": "", "comments": "", "source": "Indicator Plan - SAGAL Program", "program": [67], "approved_by": 3, "approval_submitted_by": null, "edit_date": "2015-05-03T06:03:50Z", "method_of_analysis": "The number of private stakholder supported will be calculated for reporting and comparison purposes.", "baseline": "21", "definition": "This indicator applies to the number of private sector stakeholders (processors, prunners, research institutions, etc.) who are supported ( providing agriculture inputs - seeds, fertilizers, etc.). The indicator will be disaggregated by provincial level.", "name": "1.2.1.2 # of Private Sector agencies supported through provision of Inputs", "data_collection_method": "Distribution list (Form 9)", "disaggregation": null, "reporting_frequency": null, "information_use": "This indicator will be monitored and verified by MEL and program staff after a training is completed. The MEL team will verify the figures through frequent filed visit and 10% mobile spot checking. It will be diseminated in M&E matrix and in monthly, quar"}, "model": "indicators.indicator", "pk": 13}, {"fields": {"sector": 11, "create_date": "2015-05-03T06:16:04Z", "number": "1.2.2", "indicator_type": 4, "owner": 3, "responsible_person": "Provincial M&E and program staff will collect data electronically and transfer the data to the cloud base data plateform for analysis. The analysis will be done by KBL reporting and analysis group", "means_of_verification": "", "lop_target": "", "comments": "", "source": "Indicator Plan - SAGAL Program", "program": [67], "approved_by": 3, "approval_submitted_by": null, "edit_date": "2015-05-03T06:16:04Z", "method_of_analysis": "Using data analysis softwares, % incrase in input suppliers services will be tracked by provincial level.", "baseline": "", "definition": "This indicator refers to the agriculture inputs suppliers whoes inputs supplying services were improved. The indicator will be disaggregated by provincial level.", "name": "1.2.2 Quality of input suppliers services improved", "data_collection_method": "Base line and endline Input suppliers and farmers survey", "disaggregation": null, "reporting_frequency": null, "information_use": "This indicator will be diseminated through annual reports and final evaluation report."}, "model": "indicators.indicator", "pk": 14}, {"fields": {"sector": 11, "create_date": "2015-05-03T06:22:57Z", "number": "2.1.1", "indicator_type": 4, "owner": 3, "responsible_person": "Provincial M&E and program staff will collect data electronically and transfer the data to the cloud base data plateform for analysis. The analysis will be done by KBL reporting and analysis group", "means_of_verification": "", "lop_target": "", "comments": "", "source": "Indicator Plan - SAGAL Program", "program": [67], "approved_by": 3, "approval_submitted_by": null, "edit_date": "2015-05-03T06:22:57Z", "method_of_analysis": "Using analytical softwares, average crop yields with licit crops and average total crop yields. will be reported as a percentage at national and provincial level and compare the data with baseline, midline and endline data.", "baseline": "", "definition": "This indicator applies to the selected high potential licit crops, that value have increased after the post production. This indicator will be disaggregated by types of licit crops and province", "name": "2.1.1 % increase in post production value of licit crops ", "data_collection_method": "Base line and endline farmer survey", "disaggregation": null, "reporting_frequency": null, "information_use": "This indicator will be diseminated through annual reports and final evaluation report."}, "model": "indicators.indicator", "pk": 15}, {"fields": {"sector": 11, "create_date": "2015-05-03T06:25:37Z", "number": "2.1.1", "indicator_type": 3, "owner": 3, "responsible_person": "Provincial program & M&E and  staff will collect data and report to Kabul M&E through the internal project database.", "means_of_verification": "", "lop_target": "", "comments": "", "source": "Indicator Plan - SAGAL Program", "program": [67], "approved_by": 3, "approval_submitted_by": null, "edit_date": "2015-05-03T06:25:37Z", "method_of_analysis": "The number of farmers trained on post production practices will be counted.", "baseline": "3500", "definition": "This indicator applies to those farmers who obtained post production.This indicator will be disaggregated by the provincial level", "name": "2.1.1 # of farmers reached through increased training on post-production value of licit crops ", "data_collection_method": "Training attendance records (Form 10)", "disaggregation": null, "reporting_frequency": null, "information_use": "This indicator will be monitored and verified by M&E and program staff after a training is completed. It will be diseminated in monthly, quarterly, and final report."}, "model": "indicators.indicator", "pk": 16}, {"fields": {"sector": 11, "create_date": "2015-05-03T06:29:30Z", "number": "2.2.1", "indicator_type": 4, "owner": 3, "responsible_person": "Provincial M&E and program staff will collect data electronically and transfer the data to the cloud base data plateform for analysis. The analysis will be done by KBL reporting and analysis group", "means_of_verification": "", "lop_target": "", "comments": "", "source": "Indicator Plan - SAGAL Program", "program": [67], "approved_by": 3, "approval_submitted_by": null, "edit_date": "2015-05-03T06:29:30Z", "method_of_analysis": "Using analytical softwares, the % sales increased will be tracked in each value chain by provincial level.", "baseline": "", "definition": "This indicator applies to the selected value chains that  volume of sales have increased. The indctor will be disaggreaged by the value cahins and provincial level", "name": "2.2.1 % increase in volume of sales ", "data_collection_method": "Base line and endline farmer survey", "disaggregation": null, "reporting_frequency": null, "information_use": "This indicator will be diseminated through annual reports and final evaluation report."}, "model": "indicators.indicator", "pk": 17}, {"fields": {"sector": 11, "create_date": "2015-05-03T06:54:09Z", "number": "2.2.1", "indicator_type": 3, "owner": 3, "responsible_person": "Provincial program & M&E and  staff will collect data and report to Kabul M&E.", "means_of_verification": "", "lop_target": "", "comments": "", "source": "Indicator Plan - SAGAL Program", "program": [67], "approved_by": 3, "approval_submitted_by": null, "edit_date": "2015-05-03T06:54:09Z", "method_of_analysis": "The number of farmers linked with output marked will be counted.", "baseline": "2100", "definition": "This indicator applies to the number of farmers linked with output market. This indicator will be disaggregated by the provincial, district, & village level.", "name": "2.2.1a # of farmers and buyers linked with output markets at the provincial, district and village level (track farmers)", "data_collection_method": "Training attendance (Form 10), program documents (Meetings, contracts, & agreement)", "disaggregation": null, "reporting_frequency": null, "information_use": "This indicator will be monitored and verified by M&E and program staff after a training is completed. It will be diseminated in monthly, quarterly, and final report."}, "model": "indicators.indicator", "pk": 18}, {"fields": {"sector": 11, "create_date": "2015-05-04T07:24:45Z", "number": "2.2.1b", "indicator_type": 3, "owner": 3, "responsible_person": "Provincial program M&E and  staff will collect data and report to Kabul M&E team", "means_of_verification": "", "lop_target": "", "comments": "", "source": "Indicator Plan - SAGAL Program", "program": [67], "approved_by": 3, "approval_submitted_by": null, "edit_date": "2015-05-04T07:24:45Z", "method_of_analysis": "The number of buyers linked with output marked will be counted.", "baseline": "10", "definition": "This indicator applies to the number of buyers who benefied due to the linkages with output markets as a result of project Initiative (contract & agreement).", "name": "2.2.1b # of farmers and buyers linked with output markets at the provincial, district and village level (track buyers)", "data_collection_method": "Training attendance Form, program documents (Meetings, contracts, & agreement)", "disaggregation": null, "reporting_frequency": null, "information_use": "This indicator will be monitored and verified by M&E and program staff after a training is completed. It will be diseminated in monthly, quarterly, and final report."}, "model": "indicators.indicator", "pk": 19}, {"fields": {"sector": 11, "create_date": "2015-05-05T09:44:20Z", "number": "2.2.2 ", "indicator_type": 3, "owner": 3, "responsible_person": "Provincial program  M&E and  staff will collect data and report to Kabul M&E through the internal project database.", "means_of_verification": "", "lop_target": "", "comments": "", "source": "Indicator Plan - SAGAL Program", "program": [67], "approved_by": 3, "approval_submitted_by": null, "edit_date": "2015-05-05T09:44:20Z", "method_of_analysis": "The number of meetings facilitated between buyer and sellers will be counted and compare with the progress made in the different months", "baseline": "35", "definition": "This indicator exahbits the number of meetings facilitated between buyers and sellers.. The indicator will be dissagregated by provincial level", "name": "2.2.2 # of meetings facilitated between buyers and sellers ", "data_collection_method": "Meeting notes, contract and agreement documents ", "disaggregation": null, "reporting_frequency": null, "information_use": "This indicator will be monitored and verified by M&E and program staff after a training is completed. It will be diseminated in monthly, quarterly, and final report."}, "model": "indicators.indicator", "pk": 20}, {"fields": {"sector": 11, "create_date": "2015-05-05T10:02:12Z", "number": "2.2.2.1", "indicator_type": 3, "owner": 3, "responsible_person": "Provincial program M&E and  staff will collect data and report to Kabul M&E through the internal project database.", "means_of_verification": "", "lop_target": "", "comments": "", "source": "Indicator Plan - SAGAL Program", "program": [67], "approved_by": 3, "approval_submitted_by": null, "edit_date": "2015-05-05T10:02:12Z", "method_of_analysis": "The number of buyers and sellers who meets will be count and compare with the progress made in the different months", "baseline": "200", "definition": "This indicator indicates the number of persons attending buyers and sellers meeting. The indicator will be dissagregated by provincial level", "name": "2.2.2.1 # of persons attending the buyer-seller meets  ", "data_collection_method": "Training attendance form (Form10),Program records (meetings minutes)", "disaggregation": null, "reporting_frequency": null, "information_use": "This indicator will be monitored and verified by M&E and program staff after a training is completed. It will be diseminated in monthly, quarterly, and final report."}, "model": "indicators.indicator", "pk": 21}, {"fields": {"sector": 11, "create_date": "2015-05-05T10:06:32Z", "number": "2.2.2.2 ", "indicator_type": 3, "owner": 3, "responsible_person": "Provincial program M&E and  staff will collect data and report to Kabul M&E through the internal project database.", "means_of_verification": "", "lop_target": "", "comments": "", "source": "Indicator Plan - SAGAL Program", "program": [67], "approved_by": 3, "approval_submitted_by": null, "edit_date": "2015-05-06T10:13:06Z", "method_of_analysis": "The numbre of meeting will be counted attended by different value cahin stakehoulders and compare with the progress made in the different months", "baseline": "14", "definition": "This indicator indicates the number of meetings or participatory market mapping workshops (value cahin analysis) conducted. This indicator will be dissagregated by provincial level.", "name": "2.2.2.2 # of multi-stakeholder meetings", "data_collection_method": "Program records and meeting minutes", "disaggregation": null, "reporting_frequency": null, "information_use": "This indicator will be monitored and verified by M&E and program staff after a training is completed. It will be diseminated in monthly, quarterly, and final report."}, "model": "indicators.indicator", "pk": 22}, {"fields": {"sector": 11, "create_date": "2015-05-06T10:15:01Z", "number": "2.2.2.3", "indicator_type": 3, "owner": 3, "responsible_person": "Provincial program team & M&E team will collect the datareport to the KBL MEL team.", "means_of_verification": "", "lop_target": "", "comments": "", "source": "Indicator Plan - SAGAL Program", "program": [67], "approved_by": 3, "approval_submitted_by": null, "edit_date": "2015-05-06T10:15:01Z", "method_of_analysis": "The number of the persons attended the multistakeholders meeting will be counted and compare with the progress made in the different months.", "baseline": "720", "definition": "This indicator indicates to the number of members attending these mulit stakeholder meetings (Value chain analysis). This indicator will be dissagreaged by provincial level", "name": "2.2.2.3 # of stakeholder members attending multi-stakeholder meetings", "data_collection_method": "Training attendance records (Form 10), program records, and meeting minutes", "disaggregation": null, "reporting_frequency": null, "information_use": "This indicator will be monitored and verified by M&E and program staff after a training is completed. It will be diseminated in monthly, quarterly, and final report."}, "model": "indicators.indicator", "pk": 23}, {"fields": {"sector": 11, "create_date": "2015-05-06T10:16:37Z", "number": "3.1.1", "indicator_type": 4, "owner": 3, "responsible_person": "", "means_of_verification": "", "lop_target": "", "comments": "", "source": "Indicator Plan - SAGAL Program", "program": [67], "approved_by": null, "approval_submitted_by": null, "edit_date": "2015-05-06T10:16:37Z", "method_of_analysis": "", "baseline": "", "definition": "This indicator indicates the number of farmers obtained loans from the MFIs. The indicator will be disagrregated by provincial level.", "name": "3.1.1 # of farmers taking up loans based on credit worthiness surveys and servicing these loans ", "data_collection_method": "", "disaggregation": null, "reporting_frequency": null, "information_use": ""}, "model": "indicators.indicator", "pk": 24}, {"fields": {"sector": 11, "create_date": "2015-05-06T10:40:37Z", "number": "3.1.1", "indicator_type": 3, "owner": 3, "responsible_person": "", "means_of_verification": "", "lop_target": "", "comments": "", "source": "Indicator Plan - SAGAL Program", "program": [67], "approved_by": null, "approval_submitted_by": null, "edit_date": "2015-05-06T10:40:37Z", "method_of_analysis": "", "baseline": "", "definition": "This indicator indicates the number of farmers trained on financial literacy course. This indicator will be disaggregated by provincial level.", "name": "3.1.1 # of farmers trained on financial literacy ", "data_collection_method": "", "disaggregation": null, "reporting_frequency": null, "information_use": ""}, "model": "indicators.indicator", "pk": 25}, {"fields": {"sector": 11, "create_date": "2015-05-07T06:05:11Z", "number": "3.2.1", "indicator_type": 4, "owner": 3, "responsible_person": "Provincial M&E and program staff will collect data electronically and transfer the data to the cloud base data plateform for analysis. The analysis will be done by KBL reporting and analysis group", "means_of_verification": "", "lop_target": "", "comments": "", "source": "Indicator Plan - SAGAL Program", "program": [67], "approved_by": 3, "approval_submitted_by": null, "edit_date": "2015-05-07T06:05:11Z", "method_of_analysis": "Using analytical softwares,the % change in MFI financial non financial services will be calculated and reported. Comparision will be made with baseline, midline and endline data.", "baseline": "", "definition": "This indicator implies to the % incrase in the financial and non-financial services of MFI provided to the farmers. This indicator will be disaggregated by provincial level.", "name": "3.2.1 % increase of farmers financial and non financial services ", "data_collection_method": "Review MFI records", "disaggregation": null, "reporting_frequency": null, "information_use": "This indicator will be diseminated through annual reports and final evaluation report"}, "model": "indicators.indicator", "pk": 26}, {"fields": {"sector": 11, "create_date": "2015-05-07T06:20:38Z", "number": "3.2.1", "indicator_type": 3, "owner": 3, "responsible_person": "Provincial M&E and program staff will collect data and report to Kabul M&E through the internal project database.", "means_of_verification": "", "lop_target": "", "comments": "", "source": "Indicator Plan - SAGAL Program", "program": [67], "approved_by": 3, "approval_submitted_by": null, "edit_date": "2015-05-07T06:20:38Z", "method_of_analysis": "The number of new agriculture loan products introduced by the MFI will be counted and pogress will be compare in each month.", "baseline": "5", "definition": "This indicator indicates the number of new agricultural products introducted by MFI. This indicator will be disaggregated by provincial level.", "name": "3.2.1 # of new agricultural financial products introduced", "data_collection_method": "Review MFI records", "disaggregation": null, "reporting_frequency": null, "information_use": "This indicator will be monitored and verified by M&E and program staff after a training is completed. It will be diseminated in monthly, quarterly, and final report."}, "model": "indicators.indicator", "pk": 27}, {"fields": {"sector": 11, "create_date": "2015-05-07T07:10:05Z", "number": "1.2.2", "indicator_type": 3, "owner": 3, "responsible_person": "Provincial programM&E and  staff will collect data and report to Kabul M&E through the internal project database.", "means_of_verification": "", "lop_target": "", "comments": "", "source": "Indicator Plan - SAGAL Program", "program": [67], "approved_by": 3, "approval_submitted_by": null, "edit_date": "2015-05-07T07:10:05Z", "method_of_analysis": "The number of input suppliers supported will be calculated for reporting and comparison purposes.", "baseline": "35", "definition": "This indicator applies to the number of the input suppliers who are supported through providing different capacity building trainings . The indicator will be disaggregated by provincial level.", "name": "1.2.2 # of existing and new input suppliers supported through capacity building (disaggregated by provincial/district/village level) ", "data_collection_method": "Training attendance records (Form 10)", "disaggregation": null, "reporting_frequency": null, "information_use": "This indicator will be monitored and verified by MEL and program staff after a training is completed. The MEL team will verify the figures through frequent filed visit and 10% mobile spot checking. It will be diseminated in M&E matrix and in monthly, quar"}, "model": "indicators.indicator", "pk": 28}, {"fields": {"sector": 11, "create_date": "2015-05-07T07:12:02Z", "number": "1.2.2.1", "indicator_type": 3, "owner": 3, "responsible_person": "Provincial program M&E and  staff will collect data and report to Kabul M&E through the internal project database.", "means_of_verification": "", "lop_target": "", "comments": "", "source": "Indicator Plan - SAGAL Program", "program": [67], "approved_by": 3, "approval_submitted_by": null, "edit_date": "2015-05-07T07:12:02Z", "method_of_analysis": "The number of input suppliers supported will be calculated for reporting and comparison purposes.", "baseline": "21", "definition": "This indicator applies to the number of the input suppliers who are supported ( providing different capacity building trainings). The indicator will be disaggregated by provincial level.", "name": "1.2.2.1 # of existing and new input suppliers supported through capacity building (disaggregated by provincial/district/village level) ", "data_collection_method": "Training attendance records (Form 10)", "disaggregation": null, "reporting_frequency": null, "information_use": "This indicator will be monitored and verified by MEL and program staff after a training is completed. The MEL team will verify the figures through frequent filed visit and 10% mobile spot checking. It will be diseminated in M&E matrix and in monthly, quar"}, "model": "indicators.indicator", "pk": 29}, {"fields": {"sector": 11, "create_date": "2015-05-07T07:14:00Z", "number": "1.2.2.2", "indicator_type": 3, "owner": 3, "responsible_person": "Provincial program M&E and  staff will collect data and report to Kabul M&E through the internal project database.", "means_of_verification": "", "lop_target": "", "comments": "", "source": "Indicator Plan - SAGAL Program", "program": [67], "approved_by": 3, "approval_submitted_by": null, "edit_date": "2015-05-07T07:14:00Z", "method_of_analysis": "The number of private stakholder supported will be calculated for reporting and comparison purposes", "baseline": "14", "definition": "This indicator applies to the number of private sector stakeholders (processors, prunners, research institutions, etc.) who are supported ( providing different capacity building trainings.). The indicator will be disaggregated by provincial level", "name": "1.2.2.2 # of existing and new input suppliers supported through capacity building (disaggregated by provincial/district/village level) ", "data_collection_method": "Training attendance records (Form 10)", "disaggregation": null, "reporting_frequency": null, "information_use": "This indicator will be monitored and verified by MEL and program staff after a training is completed. The MEL team will verify the figures through frequent filed visit and 10% mobile spot checking. It will be diseminated in M&E matrix and in monthly, quar"}, "model": "indicators.indicator", "pk": 30}, {"fields": {"sector": 11, "create_date": "2015-05-07T07:53:21Z", "number": "5.2.1", "indicator_type": 4, "owner": 3, "responsible_person": "Provincial M&E and program staff will collect data electronically and transfer the data to the cloud base data plateform for analysis. The analysis will be done by KBL reporting and analysis group", "means_of_verification": "", "lop_target": "", "comments": "", "source": "Indicator Plan - SAGAL Program", "program": [67], "approved_by": 3, "approval_submitted_by": null, "edit_date": "2015-05-07T07:53:21Z", "method_of_analysis": "The number of government institutions trained in inclusive planning will be counted.", "baseline": "", "definition": "This indicator implies to those government institution who are trainined in inclusive planning by program team. This indicator will be disagreaged by provincial and CLDC and DDA level.", "name": "5.2.1 Improved # of CSOs and local governance institutions (CLDC, DDA) trained in inclusive planning", "data_collection_method": "Program records", "disaggregation": null, "reporting_frequency": null, "information_use": "This indicator will be diseminated through annual reports and final evaluation report."}, "model": "indicators.indicator", "pk": 31}, {"fields": {"sector": 11, "create_date": "2015-05-07T07:56:33Z", "number": "3.2.2", "indicator_type": 3, "owner": 3, "responsible_person": "Provincial M&E and program staff will collect data and report to Kabul M&E through the internal project database.", "means_of_verification": "", "lop_target": "", "comments": "", "source": "Indicator Plan - SAGAL Program", "program": [67], "approved_by": 3, "approval_submitted_by": null, "edit_date": "2015-05-07T07:56:33Z", "method_of_analysis": "The number of financial and non financial services provided by MFI will be counted and the progress will be compare in each month. ", "baseline": "350", "definition": "This indiacator exahbits the number of financial and non financial services recevied by the farmers from MFIs. This indicator will be disaggregated by provincial level", "name": "3.2.2 # of farmers receiving financial and non-financial services by MFIs/non-MFIs", "data_collection_method": "Review MFI and program records", "disaggregation": null, "reporting_frequency": null, "information_use": "This indicator will be monitored and verified by M&E and program staff after a training is completed. It will be diseminated in monthly, quarterly, and final report."}, "model": "indicators.indicator", "pk": 32}, {"fields": {"sector": 11, "create_date": "2015-05-07T08:01:08Z", "number": "5.2.1", "indicator_type": 3, "owner": 3, "responsible_person": "Provincial M&E and program staff will collect data and report to Kabul M&E through the internal project database.", "means_of_verification": "", "lop_target": "", "comments": "", "source": "Indicator Plan - SAGAL Program", "program": [67], "approved_by": 3, "approval_submitted_by": null, "edit_date": "2015-05-07T08:01:08Z", "method_of_analysis": "The number of local governance institutions attended trarining on good governance will be counted and the progress will be compare in each month.", "baseline": "640", "definition": "This indicator implies to the number of local governance representatives who attended training on good governance. This indicaotr will be disaggregated by provincial level.", "name": "5.2.1 # of representatives of local governance institutions and CSOs trained on good governance (micro-planning developing) ", "data_collection_method": "Training attendance records (Form 10)", "disaggregation": null, "reporting_frequency": null, "information_use": "This indicator will be monitored and verified by MEL and program staff after a training is completed. The MEL team will verify the figures through frequent filed visit and 10% mobile spot checking. It will be diseminated in M&E matrix and in monthly, quar"}, "model": "indicators.indicator", "pk": 33}, {"fields": {"sector": 11, "create_date": "2015-05-07T08:07:18Z", "number": "5.2.2", "indicator_type": 3, "owner": 3, "responsible_person": "Provincial M&E and program staff will collect data and report to Kabul M&E through the internal project database.", "means_of_verification": "", "lop_target": "", "comments": "", "source": "Indicator Plan - SAGAL Program", "program": [67], "approved_by": 3, "approval_submitted_by": null, "edit_date": "2015-05-07T08:07:18Z", "method_of_analysis": "The number of institutions attended development planning workshops will be counted and the progress will be compared in each month.", "baseline": "320", "definition": "This indicator implies to the number institutions (CDC & DDA) attended development planning workshops. ", "name": "5.2.2 # of institutions (CDC, DDA) attending development planning workshops.", "data_collection_method": "Training attendance records (Form 10)", "disaggregation": null, "reporting_frequency": null, "information_use": "This indicator will be monitored and verified by MEL and program staff after a training is completed. The MEL team will verify the figures through frequent filed visit and 10% mobile spot checking. It will be diseminated in M&E matrix and in monthly, quar"}, "model": "indicators.indicator", "pk": 34}, {"fields": {"sector": 11, "create_date": "2015-05-07T08:09:26Z", "number": "5.2.3 ", "indicator_type": 3, "owner": 3, "responsible_person": "Training attendance records (Form 10)", "means_of_verification": "", "lop_target": "", "comments": "", "source": "Indicator Plan - SAGAL Program", "program": [67], "approved_by": 3, "approval_submitted_by": null, "edit_date": "2015-05-07T08:09:26Z", "method_of_analysis": "The number of trained institutions that are implementing improved good will be counted and compare the porgress towards the target in each month. ", "baseline": "80", "definition": "This indicator indicates the number of trainned institutions that are implementing Improved good governance practicces. This indicator will be diasagregated by provincial level.", "name": "5.2.3 # of trained institutions implementing improved good governance practices", "data_collection_method": "Training attendance records (Form 10)", "disaggregation": null, "reporting_frequency": null, "information_use": "This indicator will be monitored and verified by M&E and program staff after a training is completed. It will be diseminated in monthly, quarterly, and final report."}, "model": "indicators.indicator", "pk": 35}, {"fields": {"sector": 10, "create_date": "2015-05-07T10:46:01Z", "number": "01", "indicator_type": 3, "owner": 7, "responsible_person": "Program M&E Officer, PM", "means_of_verification": "", "lop_target": "6", "comments": "", "source": "Indicator Plan_ SPNA", "program": [61], "approved_by": 7, "approval_submitted_by": null, "edit_date": "2015-05-07T10:46:01Z", "method_of_analysis": "", "baseline": "0", "definition": "This indicates the number of infrastructure that are identified by DDAs as their first priorities in the target districts.", "name": "# of infrastructure project implemented that provide stable environment", "data_collection_method": "Quarterly", "disaggregation": null, "reporting_frequency": null, "information_use": ""}, "model": "indicators.indicator", "pk": 36}]